/*
Navicat MySQL Data Transfer

Source Server         : MySQL
Source Server Version : 50505
Source Host           : localhost:3306
Source Database       : verona_conversion

Target Server Type    : MYSQL
Target Server Version : 50505
File Encoding         : 65001

Date: 2018-06-20 07:11:12
*/

SET FOREIGN_KEY_CHECKS=0;

-- ----------------------------
-- Table structure for caja_bancos
-- ----------------------------
DROP TABLE IF EXISTS `caja_bancos`;
CREATE TABLE `caja_bancos` (
  `id` binary(16) NOT NULL,
  `order_id` int(11) DEFAULT NULL,
  `id_empresa` binary(16) DEFAULT '0\0\0\0\0\0\0\0\0\0\0\0\0\0\0\0' COMMENT 'identificador del banco en listas',
  `id_banco` binary(16) DEFAULT '0\0\0\0\0\0\0\0\0\0\0\0\0\0\0\0',
  `id_tipo` binary(16) DEFAULT '0\0\0\0\0\0\0\0\0\0\0\0\0\0\0\0',
  `numero` varchar(20) CHARACTER SET latin1 COLLATE latin1_bin DEFAULT '',
  PRIMARY KEY (`id`)
) ENGINE=InnoDB DEFAULT CHARSET=latin1;

-- ----------------------------
-- Records of caja_bancos
-- ----------------------------

-- ----------------------------
-- Table structure for caja_instrumentos
-- ----------------------------
DROP TABLE IF EXISTS `caja_instrumentos`;
CREATE TABLE `caja_instrumentos` (
  `id` binary(16) NOT NULL,
  `order_id` int(11) DEFAULT NULL,
  `id_empresa` binary(16) DEFAULT '0\0\0\0\0\0\0\0\0\0\0\0\0\0\0\0' COMMENT 'identificador del banco en listas',
  `nombre` varchar(255) DEFAULT NULL,
  `es_inactivo` tinyint(1) DEFAULT '0',
  `id_tipo` tinyint(1) DEFAULT '0' COMMENT '1 efectivo, 2 cheque, 3 deposito, 4 punto venta',
  PRIMARY KEY (`id`)
) ENGINE=InnoDB DEFAULT CHARSET=latin1;

-- ----------------------------
-- Records of caja_instrumentos
-- ----------------------------

-- ----------------------------
-- Table structure for caja_movimientos
-- ----------------------------
DROP TABLE IF EXISTS `caja_movimientos`;
CREATE TABLE `caja_movimientos` (
  `id` binary(16) NOT NULL,
  `order_id` int(11) DEFAULT NULL,
  `id_empresa` binary(16) DEFAULT '0\0\0\0\0\0\0\0\0\0\0\0\0\0\0\0' COMMENT 'identificador del banco en listas',
  `id_tipo` binary(16) DEFAULT '0\0\0\0\0\0\0\0\0\0\0\0\0\0\0\0',
  `id_operacion` binary(16) DEFAULT '0\0\0\0\0\0\0\0\0\0\0\0\0\0\0\0',
  `monto` decimal(20,2) DEFAULT '0.00' COMMENT 'monto del pago',
  `id_instrumento` binary(16) DEFAULT '0\0\0\0\0\0\0\0\0\0\0\0\0\0\0\0',
  `id_cuenta` binary(16) DEFAULT '0\0\0\0\0\0\0\0\0\0\0\0\0\0\0\0',
  `id_banco` binary(16) DEFAULT '0\0\0\0\0\0\0\0\0\0\0\0\0\0\0\0',
  `numero_operacion` varchar(20) CHARACTER SET utf8 COLLATE utf8_spanish_ci DEFAULT NULL COMMENT 'numero de la operacion bancaria',
  PRIMARY KEY (`id`)
) ENGINE=InnoDB DEFAULT CHARSET=latin1;

-- ----------------------------
-- Records of caja_movimientos
-- ----------------------------

-- ----------------------------
-- Table structure for compras_operaciones
-- ----------------------------
DROP TABLE IF EXISTS `compras_operaciones`;
CREATE TABLE `compras_operaciones` (
  `id` binary(16) NOT NULL,
  `order_id` int(11) DEFAULT NULL,
  `id_empresa` binary(16) DEFAULT '0\0\0\0\0\0\0\0\0\0\0\0\0\0\0\0',
  `id_tipo` binary(16) DEFAULT '0\0\0\0\0\0\0\0\0\0\0\0\0\0\0\0',
  `numero` int(10) DEFAULT NULL,
  `nro_control` varchar(10) DEFAULT NULL,
  `fecha` datetime DEFAULT NULL,
  `fecha_registro` datetime DEFAULT NULL,
  `id_doc_origen` binary(16) DEFAULT '0\0\0\0\0\0\0\0\0\0\0\0\0\0\0\0',
  `id_proveedor` binary(16) DEFAULT '0\0\0\0\0\0\0\0\0\0\0\0\0\0\0\0',
  `id_destino` binary(16) DEFAULT '0\0\0\0\0\0\0\0\0\0\0\0\0\0\0\0',
  `monto_bruto` decimal(10,2) DEFAULT '0.00' COMMENT 'monto bruto',
  `pct_descuento` decimal(10,2) DEFAULT '0.00' COMMENT 'porcentaje de descuento',
  `pct_adicional` decimal(10,2) DEFAULT '0.00' COMMENT 'porcentaje adicional',
  `monto_neto` decimal(10,2) DEFAULT '0.00' COMMENT 'monto neto',
  `monto_iva` decimal(10,2) DEFAULT '0.00' COMMENT 'monto iva',
  `monto_total` decimal(10,2) DEFAULT '0.00' COMMENT 'monto total',
  `id_status` int(11) DEFAULT '0' COMMENT 'identificador del status',
  `id_estado` int(11) DEFAULT '0' COMMENT 'identificador del estado',
  `id_usuario` binary(16) DEFAULT '0\0\0\0\0\0\0\0\0\0\0\0\0\0\0\0' COMMENT 'identificador del usuario',
  `observacion` varchar(200) CHARACTER SET utf8 COLLATE utf8_spanish_ci DEFAULT NULL COMMENT 'observacion',
  PRIMARY KEY (`id`)
) ENGINE=InnoDB DEFAULT CHARSET=latin1;

-- ----------------------------
-- Records of compras_operaciones
-- ----------------------------

-- ----------------------------
-- Table structure for compras_proveedores
-- ----------------------------
DROP TABLE IF EXISTS `compras_proveedores`;
CREATE TABLE `compras_proveedores` (
  `id` binary(16) NOT NULL,
  `order_id` int(11) DEFAULT NULL,
  `id_empresa` binary(16) DEFAULT '0\0\0\0\0\0\0\0\0\0\0\0\0\0\0\0' COMMENT 'identificador del banco en listas',
  `nombre` varchar(200) CHARACTER SET utf8 COLLATE utf8_spanish_ci DEFAULT NULL COMMENT 'nombre del proveedor',
  `rif` varchar(20) CHARACTER SET utf8 COLLATE utf8_spanish_ci DEFAULT NULL COMMENT 'rif del proveedor',
  `direccion` varchar(200) CHARACTER SET utf8 COLLATE utf8_spanish_ci DEFAULT NULL COMMENT 'direccion del proveedor',
  `telefono` varchar(45) CHARACTER SET utf8 COLLATE utf8_spanish_ci DEFAULT NULL COMMENT 'telefono del proveedor',
  `email` varchar(100) CHARACTER SET utf8 COLLATE utf8_spanish_ci DEFAULT NULL COMMENT 'correo electronico del proveedor',
  `representante` varchar(200) CHARACTER SET utf8 COLLATE utf8_spanish_ci DEFAULT NULL COMMENT 'representante legal del proveedor',
  `id_banco` binary(16) DEFAULT '0\0\0\0\0\0\0\0\0\0\0\0\0\0\0\0' COMMENT 'identificador del banco en listas',
  `numero_cuenta` varchar(26) CHARACTER SET utf8 COLLATE utf8_spanish_ci DEFAULT NULL COMMENT 'nuemero de cuenta',
  `observacion` varchar(200) CHARACTER SET utf8 COLLATE utf8_spanish_ci DEFAULT NULL COMMENT 'datos adicionales',
  PRIMARY KEY (`id`)
) ENGINE=InnoDB DEFAULT CHARSET=latin1;

-- ----------------------------
-- Records of compras_proveedores
-- ----------------------------

-- ----------------------------
-- Table structure for empresa_personal
-- ----------------------------
DROP TABLE IF EXISTS `empresa_personal`;
CREATE TABLE `empresa_personal` (
  `id` binary(16) NOT NULL,
  `order_id` int(11) DEFAULT NULL,
  `id_empresa` binary(16) DEFAULT '0\0\0\0\0\0\0\0\0\0\0\0\0\0\0\0' COMMENT 'identificador del banco en listas',
  `id_tipo` binary(16) DEFAULT '0\0\0\0\0\0\0\0\0\0\0\0\0\0\0\0' COMMENT 'identificador del banco en listas',
  `cedula` varchar(30) CHARACTER SET latin1 COLLATE latin1_bin DEFAULT '0\0\0\0\0\0\0\0\0\0\0\0\0\0\0\0',
  `nombre` varchar(30) CHARACTER SET latin1 COLLATE latin1_bin DEFAULT '0\0\0\0\0\0\0\0\0\0\0\0\0\0\0\0',
  `pct_comision` double(3,2) DEFAULT NULL,
  PRIMARY KEY (`id`)
) ENGINE=InnoDB DEFAULT CHARSET=latin1;

-- ----------------------------
-- Records of empresa_personal
-- ----------------------------

-- ----------------------------
-- Table structure for empresa_vehiculos
-- ----------------------------
DROP TABLE IF EXISTS `empresa_vehiculos`;
CREATE TABLE `empresa_vehiculos` (
  `id` binary(16) NOT NULL,
  `order_id` int(11) DEFAULT NULL,
  `id_empresa` binary(16) DEFAULT '0\0\0\0\0\0\0\0\0\0\0\0\0\0\0\0' COMMENT 'identificador del banco en listas',
  `vehiculo` varchar(30) CHARACTER SET latin1 COLLATE latin1_bin DEFAULT '0\0\0\0\0\0\0\0\0\0\0\0\0\0\0\0',
  `modelo` varchar(30) CHARACTER SET latin1 COLLATE latin1_bin DEFAULT '0\0\0\0\0\0\0\0\0\0\0\0\0\0\0\0',
  `marca` varchar(30) CHARACTER SET latin1 COLLATE latin1_bin DEFAULT '',
  `color` varchar(30) DEFAULT NULL,
  `placa` varchar(30) DEFAULT NULL,
  `racda` varchar(30) DEFAULT NULL,
  PRIMARY KEY (`id`)
) ENGINE=InnoDB DEFAULT CHARSET=latin1;

-- ----------------------------
-- Records of empresa_vehiculos
-- ----------------------------

-- ----------------------------
-- Table structure for inventario_almacenes
-- ----------------------------
DROP TABLE IF EXISTS `inventario_almacenes`;
CREATE TABLE `inventario_almacenes` (
  `id` binary(16) NOT NULL,
  `order_id` int(11) DEFAULT NULL,
  `id_empresa` binary(16) DEFAULT NULL,
  `nombre` varchar(100) DEFAULT NULL,
  `descrip` varchar(255) DEFAULT NULL,
  `es_default` tinyint(1) DEFAULT '0',
  PRIMARY KEY (`id`),
  UNIQUE KEY `id` (`id`) USING BTREE,
  KEY `timestamp` (`order_id`) USING BTREE
) ENGINE=InnoDB DEFAULT CHARSET=latin1 ROW_FORMAT=COMPACT;

-- ----------------------------
-- Records of inventario_almacenes
-- ----------------------------

-- ----------------------------
-- Table structure for inventario_atributos
-- ----------------------------
DROP TABLE IF EXISTS `inventario_atributos`;
CREATE TABLE `inventario_atributos` (
  `id` binary(16) NOT NULL,
  `order_id` int(11) DEFAULT NULL,
  `id_producto` binary(16) DEFAULT '0000000000000000',
  `nombre` varchar(100) CHARACTER SET latin1 COLLATE latin1_bin DEFAULT '',
  `valor` varchar(100) CHARACTER SET latin1 COLLATE latin1_bin DEFAULT '',
  PRIMARY KEY (`id`),
  UNIQUE KEY `id` (`id`) USING BTREE,
  KEY `timestamp` (`order_id`) USING BTREE
) ENGINE=InnoDB DEFAULT CHARSET=latin1 ROW_FORMAT=COMPACT;

-- ----------------------------
-- Records of inventario_atributos
-- ----------------------------

-- ----------------------------
-- Table structure for inventario_categorias
-- ----------------------------
DROP TABLE IF EXISTS `inventario_categorias`;
CREATE TABLE `inventario_categorias` (
  `id` binary(16) NOT NULL,
  `order_id` int(11) DEFAULT NULL,
  `nombre` varchar(100) DEFAULT NULL,
  `descrip` varchar(255) DEFAULT NULL,
  `id_padre` binary(16) DEFAULT '0000000000000000',
  `id_empresa` binary(16) NOT NULL,
  PRIMARY KEY (`id`),
  UNIQUE KEY `id` (`id`) USING BTREE,
  KEY `timestamp` (`order_id`) USING BTREE
) ENGINE=InnoDB DEFAULT CHARSET=latin1 ROW_FORMAT=COMPACT;

-- ----------------------------
-- Records of inventario_categorias
-- ----------------------------
INSERT INTO `inventario_categorias` VALUES (0x11E7A91763B79F758A4800E04C6F7E24, '1507130008', 'PINTURAS ARQUITECTONICAS', 'CASAS, EDIFICIOS, ETC', 0x00000000000000000000000000000000, 0x11E8676EAD11B2E6BDE500270E383B06);
INSERT INTO `inventario_categorias` VALUES (0x11E7A91C8DE28C038A4800E04C6F7E24, '1507132227', 'MATERIA PRIMA', 'l', 0x00000000000000000000000000000000, 0x11E8676EAD11B2E6BDE500270E383B06);
INSERT INTO `inventario_categorias` VALUES (0x11E7A925F83AFDF78A4800E04C6F7E24, '1507136270', 'CAUCHO TIPO B', 'Caucho B', 0x11E7A91763B79F758A4800E04C6F7E24, 0x11E8676EAD11B2E6BDE500270E383B06);
INSERT INTO `inventario_categorias` VALUES (0x11E7AE96B3364F67AC8C00270E383B06, '1507734793', 'OTROS', 'OTROS', 0x00000000000000000000000000000000, 0x11E8676EAD11B2E6BDE500270E383B06);
INSERT INTO `inventario_categorias` VALUES (0x11E852979C441E2BA72800270E383B06, '1525767175', 'CAUCHO TIPO A', 'Pintura de caucho A', 0x11E7A91763B79F758A4800E04C6F7E24, 0x11E8676EAD11B2E6BDE500270E383B06);
INSERT INTO `inventario_categorias` VALUES (0x11E85297E2C750B4A72800270E383B06, '1525767293', 'SATINADO', 'Caucho satinado', 0x11E7A91763B79F758A4800E04C6F7E24, 0x11E8676EAD11B2E6BDE500270E383B06);
INSERT INTO `inventario_categorias` VALUES (0x11E854280AEF876AA72800270E383B06, '1525939159', 'CAUCHO TIPO C', 'ARADOS', 0x11E7A91763B79F758A4800E04C6F7E24, 0x11E8676EAD11B2E6BDE500270E383B06);

-- ----------------------------
-- Table structure for inventario_existencias
-- ----------------------------
DROP TABLE IF EXISTS `inventario_existencias`;
CREATE TABLE `inventario_existencias` (
  `id` binary(16) NOT NULL,
  `order_id` int(11) DEFAULT NULL,
  `id_producto` binary(16) DEFAULT NULL,
  `id_almacen` binary(16) DEFAULT NULL,
  `cantidad` double(10,2) DEFAULT '0.00',
  PRIMARY KEY (`id`),
  UNIQUE KEY `id` (`id`) USING BTREE,
  KEY `timestamp` (`order_id`) USING BTREE
) ENGINE=InnoDB DEFAULT CHARSET=latin1 ROW_FORMAT=COMPACT;

-- ----------------------------
-- Records of inventario_existencias
-- ----------------------------

-- ----------------------------
-- Table structure for inventario_formulas
-- ----------------------------
DROP TABLE IF EXISTS `inventario_formulas`;
CREATE TABLE `inventario_formulas` (
  `id` binary(16) NOT NULL,
  `order_id` int(11) DEFAULT NULL,
  `id_producto` binary(16) DEFAULT '0000000000000000',
  `id_componente` binary(16) DEFAULT '0000000000000000',
  `id_unidad` binary(16) DEFAULT '0000000000000000',
  `cantidad` double(10,2) DEFAULT '0.00',
  PRIMARY KEY (`id`),
  UNIQUE KEY `id` (`id`) USING BTREE,
  KEY `timestamp` (`order_id`) USING BTREE
) ENGINE=InnoDB DEFAULT CHARSET=latin1 ROW_FORMAT=COMPACT;

-- ----------------------------
-- Records of inventario_formulas
-- ----------------------------

-- ----------------------------
-- Table structure for inventario_movimientos
-- ----------------------------
DROP TABLE IF EXISTS `inventario_movimientos`;
CREATE TABLE `inventario_movimientos` (
  `id` binary(16) NOT NULL,
  `order_id` int(11) DEFAULT NULL,
  `id_tipo` binary(16) DEFAULT '0000000000000000',
  `id_operacion` binary(16) DEFAULT '0000000000000000',
  `id_producto` binary(16) DEFAULT '0000000000000000',
  `id_producto_padre` binary(16) DEFAULT '0000000000000000',
  `id_unidad` binary(16) DEFAULT '0000000000000000',
  `costo_dolar` double(10,2) DEFAULT '0.00',
  `costo_bs` double(10,2) DEFAULT '0.00',
  `precio` double(10,2) DEFAULT '0.00',
  `cantidad` double(10,2) DEFAULT '0.00',
  `monto` double(10,2) DEFAULT '0.00',
  `id_impuesto` binary(16) DEFAULT '0000000000000000',
  `valor_impuesto` double(10,2) DEFAULT NULL,
  PRIMARY KEY (`id`),
  UNIQUE KEY `id` (`id`) USING BTREE,
  KEY `timestamp` (`order_id`) USING BTREE,
  KEY `tipo_mov` (`id_tipo`),
  KEY `id_prod` (`id_producto`),
  KEY `id_und_mov` (`id_unidad`),
  CONSTRAINT `id_prod` FOREIGN KEY (`id_producto`) REFERENCES `inventario_productos` (`id`),
  CONSTRAINT `id_und_mov` FOREIGN KEY (`id_unidad`) REFERENCES `sistema_unidades` (`id`),
  CONSTRAINT `tipo_mov` FOREIGN KEY (`id_tipo`) REFERENCES `sistema_operaciones` (`id`)
) ENGINE=InnoDB DEFAULT CHARSET=latin1 ROW_FORMAT=COMPACT;

-- ----------------------------
-- Records of inventario_movimientos
-- ----------------------------

-- ----------------------------
-- Table structure for inventario_operaciones
-- ----------------------------
DROP TABLE IF EXISTS `inventario_operaciones`;
CREATE TABLE `inventario_operaciones` (
  `id` binary(16) NOT NULL,
  `order_id` int(11) DEFAULT NULL,
  `id_empresa` binary(16) DEFAULT '0\0\0\0\0\0\0\0\0\0\0\0\0\0\0\0',
  `id_tipo` binary(16) DEFAULT '0000000000000000',
  `numero` int(10) DEFAULT NULL,
  `nro_control` varchar(10) DEFAULT NULL,
  `fecha` datetime DEFAULT NULL,
  `fecha_registro` datetime DEFAULT NULL,
  `id_doc_origen` binary(16) DEFAULT '0\0\0\0\0\0\0\0\0\0\0\0\0\0\0\0',
  `id_origen` binary(16) DEFAULT '0000000000000000',
  `id_destino` binary(16) DEFAULT '0000000000000000',
  `id_usuario` binary(16) DEFAULT '0000000000000000',
  `id_status` tinyint(16) DEFAULT '0' COMMENT '1=procesado 2=anulado 3=pendiente',
  `id_estado` int(11) DEFAULT '0' COMMENT 'identificador del estado',
  `observacion` varchar(255) DEFAULT NULL,
  PRIMARY KEY (`id`),
  UNIQUE KEY `id` (`id`) USING BTREE,
  KEY `timestamp` (`order_id`) USING BTREE,
  KEY `tipo_oper` (`id_tipo`),
  KEY `origen` (`id_origen`),
  KEY `destino` (`id_destino`),
  KEY `usuario_oper` (`id_usuario`),
  KEY `status_oper` (`id_status`)
) ENGINE=InnoDB DEFAULT CHARSET=latin1 ROW_FORMAT=COMPACT;

-- ----------------------------
-- Records of inventario_operaciones
-- ----------------------------

-- ----------------------------
-- Table structure for inventario_productos
-- ----------------------------
DROP TABLE IF EXISTS `inventario_productos`;
CREATE TABLE `inventario_productos` (
  `id` binary(16) NOT NULL,
  `order_id` int(11) DEFAULT '0',
  `id_empresa` binary(16) DEFAULT '0\0\0\0\0\0\0\0\0\0\0\0\0\0\0\0',
  `id_producto` binary(16) DEFAULT '0\0\0\0\0\0\0\0\0\0\0\0\0\0\0\0',
  `id_tipo` binary(16) DEFAULT '0000000000000000',
  `id_categoria` binary(16) DEFAULT '0000000000000000',
  `codigo` varchar(30) DEFAULT NULL,
  `nombre` varchar(200) DEFAULT NULL,
  `nombre_display` varchar(200) DEFAULT NULL,
  `id_unidad_compra` binary(16) DEFAULT '0000000000000000',
  `id_unidad_venta` binary(16) DEFAULT '0000000000000000',
  `cantidad_unidad_compra` double(10,2) DEFAULT '0.00',
  `costo_pct_dcto` double(10,2) DEFAULT '0.00',
  `costo_pct_adic` double(10,2) DEFAULT '0.00',
  `dolar_costo_anterior` double(10,2) DEFAULT '0.00',
  `dolar_costo_dolar` double(10,2) DEFAULT '0.00',
  `dolar_pct_utilidad` double(10,8) DEFAULT '0.00000000',
  `factura_costo_anterior` double(10,2) DEFAULT '0.00',
  `factura_costo_bruto` double(10,2) DEFAULT '0.00',
  `factura_pct_utilidad` double(10,8) DEFAULT '0.00000000',
  `lista_costo_anterior` double(10,2) DEFAULT '0.00',
  `lista_costo_bruto` double(10,2) DEFAULT '0.00',
  `lista_pct_utilidad` double(10,8) DEFAULT '0.00000000',
  `id_impuesto` binary(16) DEFAULT '0000000000000000',
  `es_inactivo` tinyint(1) DEFAULT '0',
  `es_editable` tinyint(1) DEFAULT '0',
  PRIMARY KEY (`id`),
  UNIQUE KEY `id` (`id`) USING BTREE,
  KEY `timestamp` (`order_id`) USING BTREE,
  KEY `tipo` (`id_tipo`),
  KEY `categoria` (`id_categoria`),
  KEY `und_compra` (`id_unidad_compra`),
  KEY `und_venta` (`id_unidad_venta`),
  KEY `impuesto` (`id_impuesto`)
) ENGINE=InnoDB DEFAULT CHARSET=latin1 ROW_FORMAT=COMPACT;

-- ----------------------------
-- Records of inventario_productos
-- ----------------------------
INSERT INTO `inventario_productos` VALUES (0x11E8746962BEBAA09BD600270E383B06, '1511860525', 0x11E8676EAD11B2E6BDE500270E383B06, 0x11E87469CC1D2D679BD600270E383B06, 0x11E7AC1AEC9B3C87A15E00270E383B06, 0x11E854280AEF876AA72800270E383B06, 'ANT32100101', 'ANTMAN CAUCHO BLANCO', 'ANTMAN CAUCHO BLANCO', 0x11E7AF8DDC5D706EA5F700270E383B06, 0x11E7AF8DDC5D706EA5F700270E383B06, '1.00', '0.00', '0.00', '0.00', '2.80', '30.00000000', '0.00', '0.00', '0.00000000', '0.00', '0.00', '0.00000000', 0x11E7E1D6570F9A40AC8A00E04C6F7E24, '0', '0');
INSERT INTO `inventario_productos` VALUES (0x11E8746962C27D319BD600270E383B06, '1514366403', 0x11E8676EAD11B2E6BDE500270E383B06, 0x11E87469CC236FC69BD600270E383B06, 0x11E7AC1AEC9B3C87A15E00270E383B06, 0x11E7A925F83AFDF78A4800E04C6F7E24, 'ARA23100250', 'ARADOS CAUCHO TIPO B GRIS CEMENTO', 'ARADOS CAUCHO TIPO B GRIS CEMENTO', 0x11E7AF8DF65CB995A5F700270E383B06, 0x11E7AF8DF65CB995A5F700270E383B06, '1.00', '0.00', '0.00', '0.00', '20.00', '30.00000000', '0.00', '0.00', '0.00000000', '0.00', '0.00', '0.00000000', 0x11E7E1D6570F9A40AC8A00E04C6F7E24, '0', '0');
INSERT INTO `inventario_productos` VALUES (0x11E8746962C52D9F9BD600270E383B06, '1525767431', 0x11E8676EAD11B2E6BDE500270E383B06, 0x11E87469CC289BDB9BD600270E383B06, 0x11E7AC1AEC9B3C87A15E00270E383B06, 0x11E7A925F83AFDF78A4800E04C6F7E24, 'ARA23100240', 'ARADOS CAUCHO TIPO B GRIS CEMENTO', 'ARADOS CAUCHO TIPO B GRIS CEMENTO', 0x11E7AF8DE9F3C53BA5F700270E383B06, 0x11E7AF8DE9F3C53BA5F700270E383B06, '1.00', '0.00', '0.00', '0.00', '16.20', '30.00000000', '0.00', '0.00', '0.00000000', '0.00', '0.00', '0.00000000', 0x11E7E1D6570F9A40AC8A00E04C6F7E24, '0', '0');
INSERT INTO `inventario_productos` VALUES (0x11E8746962CAFAD79BD600270E383B06, '1527246729', 0x11E8676EAD11B2E6BDE500270E383B06, 0x11E87469CC310B319BD600270E383B06, 0x11E7AC1AEC9B3C87A15E00270E383B06, 0x11E852979C441E2BA72800270E383B06, 'VER13100101', 'VERONA CAUCHO EXTERIOR BLANCO', 'VERONA CAUCHO EXTERIOR BLANCO', 0x11E7AF8DDC5D706EA5F700270E383B06, 0x11E7AF8DDC5D706EA5F700270E383B06, '1.00', '0.00', '0.00', '0.00', '8.50', '0.00000000', '0.00', '0.00', '0.00000000', '0.00', '0.00', '0.00000000', 0x11E7E1D6570F9A40AC8A00E04C6F7E24, '0', '0');
INSERT INTO `inventario_productos` VALUES (0x11E8746962CDFEEA9BD600270E383B06, '1527246829', 0x11E8676EAD11B2E6BDE500270E383B06, 0x11E87469CC33D6BD9BD600270E383B06, 0x11E7AC1AEC9B3C87A15E00270E383B06, 0x11E852979C441E2BA72800270E383B06, 'VER13100201', 'VERONA CAUCHO EXTERIOR GRIS CEMENTO', 'VERONA CAUCHO EXTERIOR GRIS CEMENTO', 0x11E7AF8DDC5D706EA5F700270E383B06, 0x11E7AF8DDC5D706EA5F700270E383B06, '1.00', '0.00', '0.00', '0.00', '8.00', '0.00000000', '0.00', '0.00', '0.00000000', '0.00', '0.00', '0.00000000', 0x11E7E1D6570F9A40AC8A00E04C6F7E24, '0', '0');
INSERT INTO `inventario_productos` VALUES (0x11E8746962D1BFC09BD600270E383B06, '1527246886', 0x11E8676EAD11B2E6BDE500270E383B06, 0x11E87469CC391ADD9BD600270E383B06, 0x11E7AC1AEC9B3C87A15E00270E383B06, 0x11E852979C441E2BA72800270E383B06, 'VER13100301', 'VERONA CAUCHO EXTERIOR GRIS CLARO', 'VERONA CAUCHO EXTERIOR GRIS CLARO', 0x11E7AF8DDC5D706EA5F700270E383B06, 0x11E7AF8DDC5D706EA5F700270E383B06, '1.00', '0.00', '0.00', '0.00', '8.00', '0.00000000', '0.00', '0.00', '0.00000000', '0.00', '0.00', '0.00000000', 0x11E7E1D6570F9A40AC8A00E04C6F7E24, '0', '0');
INSERT INTO `inventario_productos` VALUES (0x11E8746962D459459BD600270E383B06, '1527247197', 0x11E8676EAD11B2E6BDE500270E383B06, 0x11E87469CC3F82909BD600270E383B06, 0x11E7AC1AEC9B3C87A15E00270E383B06, 0x11E852979C441E2BA72800270E383B06, 'VER13100401', 'VERONA CAUCHO EXTERIOR BLANCO OSTRA', 'VERONA CAUCHO EXTERIOR BLANCO OSTRA', 0x11E7AF8DDC5D706EA5F700270E383B06, 0x11E7AF8DDC5D706EA5F700270E383B06, '1.00', '0.00', '0.00', '0.00', '8.00', '0.00000000', '0.00', '0.00', '0.00000000', '0.00', '0.00', '0.00000000', 0x11E7E1D6570F9A40AC8A00E04C6F7E24, '0', '0');
INSERT INTO `inventario_productos` VALUES (0x11E8746962EC75569BD600270E383B06, '1527247248', 0x11E8676EAD11B2E6BDE500270E383B06, 0x11E87469CC4488339BD600270E383B06, 0x11E7AC1AEC9B3C87A15E00270E383B06, 0x11E852979C441E2BA72800270E383B06, 'VER13100501', 'VERONA CAUCHO EXTERIOR MARFIL', 'VERONA CAUCHO EXTERIOR MARFIL', 0x11E7AF8DDC5D706EA5F700270E383B06, 0x11E7AF8DDC5D706EA5F700270E383B06, '1.00', '0.00', '0.00', '0.00', '8.00', '0.00000000', '0.00', '0.00', '0.00000000', '0.00', '0.00', '0.00000000', 0x11E7E1D6570F9A40AC8A00E04C6F7E24, '0', '0');
INSERT INTO `inventario_productos` VALUES (0x11E8746962EF109A9BD600270E383B06, '1527247298', 0x11E8676EAD11B2E6BDE500270E383B06, 0x11E87469CC49B03D9BD600270E383B06, 0x11E7AC1AEC9B3C87A15E00270E383B06, 0x11E852979C441E2BA72800270E383B06, 'VER13100601', 'VERONA CAUCHO EXTERIOR BEIGE', 'VERONA CAUCHO EXTERIOR BEIGE', 0x11E7AF8DDC5D706EA5F700270E383B06, 0x11E7AF8DDC5D706EA5F700270E383B06, '1.00', '0.00', '0.00', '0.00', '8.00', '0.00000000', '0.00', '0.00', '0.00000000', '0.00', '0.00', '0.00000000', 0x11E7E1D6570F9A40AC8A00E04C6F7E24, '0', '0');
INSERT INTO `inventario_productos` VALUES (0x11E8746962F43FCC9BD600270E383B06, '1527295527', 0x11E8676EAD11B2E6BDE500270E383B06, 0x11E87469CC4D43D69BD600270E383B06, 0x11E7AC1AEC9B3C87A15E00270E383B06, 0x11E854280AEF876AA72800270E383B06, 'ARA33102301', 'ARADOS CAUCHO TIPO C LILA', 'ARADOS CAUCHO TIPO C LILA', 0x11E7AF8DDC5D706EA5F700270E383B06, 0x11E7AF8DDC5D706EA5F700270E383B06, '1.00', '0.00', '0.00', '0.00', '3.20', '30.00000000', '0.00', '0.00', '0.00000000', '0.00', '0.00', '0.00000000', 0x11E7E1D6570F9A40AC8A00E04C6F7E24, '0', '0');
INSERT INTO `inventario_productos` VALUES (0x11E8746962F7E6E49BD600270E383B06, '1527319767', 0x11E8676EAD11B2E6BDE500270E383B06, 0x11E87469CC500BFB9BD600270E383B06, 0x11E7AC1AEC9B3C87A15E00270E383B06, 0x11E854280AEF876AA72800270E383B06, 'ANT32100150', 'ANTMAN CAUCHO BLANCO', 'ANTMAN CAUCHO BLANCO', 0x11E7AF8DF65CB995A5F700270E383B06, 0x11E7AF8DF65CB995A5F700270E383B06, '1.00', '0.00', '0.00', '0.00', '13.80', '0.00000000', '0.00', '0.00', '0.00000000', '0.00', '0.00', '0.00000000', 0x11E7E1D6570F9A40AC8A00E04C6F7E24, '0', '0');
INSERT INTO `inventario_productos` VALUES (0x11E8746962FD243B9BD600270E383B06, '1527319827', 0x11E8676EAD11B2E6BDE500270E383B06, 0x11E87469CC57DC579BD600270E383B06, 0x11E7AC1AEC9B3C87A15E00270E383B06, 0x11E854280AEF876AA72800270E383B06, 'ANT32100201', 'ANTMAN CAUCHO GRIS CEMENTO', 'ANTMAN CAUCHO GRIS CEMENTO', 0x11E7AF8DDC5D706EA5F700270E383B06, 0x11E7AF8DDC5D706EA5F700270E383B06, '1.00', '0.00', '0.00', '0.00', '2.50', '0.00000000', '0.00', '0.00', '0.00000000', '0.00', '0.00', '0.00000000', 0x11E7E1D6570F9A40AC8A00E04C6F7E24, '0', '0');
INSERT INTO `inventario_productos` VALUES (0x11E8746962FF88709BD600270E383B06, '1527319913', 0x11E8676EAD11B2E6BDE500270E383B06, 0x11E87469CC5CC3E59BD600270E383B06, 0x11E7AC1AEC9B3C87A15E00270E383B06, 0x11E854280AEF876AA72800270E383B06, 'ANT32100240', 'ANTMAN CAUCHO GRIS CEMENTO', 'ANTMAN CAUCHO GRIS CEMENTO', 0x11E7AF8DE9F3C53BA5F700270E383B06, 0x11E7AF8DE9F3C53BA5F700270E383B06, '1.00', '0.00', '0.00', '0.00', '9.50', '30.00000000', '0.00', '0.00', '0.00000000', '0.00', '0.00', '0.00000000', 0x11E7E1D6570F9A40AC8A00E04C6F7E24, '0', '0');
INSERT INTO `inventario_productos` VALUES (0x11E87469630239F49BD600270E383B06, '1527319975', 0x11E8676EAD11B2E6BDE500270E383B06, 0x11E87469CC630B159BD600270E383B06, 0x11E7AC1AEC9B3C87A15E00270E383B06, 0x11E854280AEF876AA72800270E383B06, 'ANT32100250', 'ANTMAN CAUCHO GRIS CEMENTO', 'ANTMAN CAUCHO GRIS CEMENTO', 0x11E7AF8DF65CB995A5F700270E383B06, 0x11E7AF8DF65CB995A5F700270E383B06, '1.00', '0.00', '0.00', '0.00', '12.00', '30.00000000', '0.00', '0.00', '0.00000000', '0.00', '0.00', '0.00000000', 0x11E7E1D6570F9A40AC8A00E04C6F7E24, '0', '0');
INSERT INTO `inventario_productos` VALUES (0x11E874696304A0089BD600270E383B06, '1527320068', 0x11E8676EAD11B2E6BDE500270E383B06, 0x11E87469CC6836A69BD600270E383B06, 0x11E7AC1AEC9B3C87A15E00270E383B06, 0x11E854280AEF876AA72800270E383B06, 'ANT32100301', 'ANTMAN CAUCHO GRIS CLARO', 'ANTMAN CAUCHO GRIS CLARO', 0x11E7AF8DDC5D706EA5F700270E383B06, 0x11E7AF8DDC5D706EA5F700270E383B06, '1.00', '0.00', '0.00', '0.00', '2.50', '30.00000000', '0.00', '0.00', '0.00000000', '0.00', '0.00', '0.00000000', 0x11E7E1D6570F9A40AC8A00E04C6F7E24, '0', '0');
INSERT INTO `inventario_productos` VALUES (0x11E8746963074CA79BD600270E383B06, '1527320137', 0x11E8676EAD11B2E6BDE500270E383B06, 0x11E87469CC6BC8759BD600270E383B06, 0x11E7AC1AEC9B3C87A15E00270E383B06, 0x11E854280AEF876AA72800270E383B06, 'ANT32100340', 'ANTMAN CAUCHO GRIS CLARO', 'ANTMAN CAUCHO GRIS CLARO', 0x11E7AF8DE9F3C53BA5F700270E383B06, 0x11E7AF8DE9F3C53BA5F700270E383B06, '1.00', '0.00', '0.00', '0.00', '9.50', '30.00000000', '0.00', '0.00', '0.00000000', '0.00', '0.00', '0.00000000', 0x11E7E1D6570F9A40AC8A00E04C6F7E24, '0', '0');
INSERT INTO `inventario_productos` VALUES (0x11E874696309BC2C9BD600270E383B06, '1527320181', 0x11E8676EAD11B2E6BDE500270E383B06, 0x11E87469CC6EA32D9BD600270E383B06, 0x11E7AC1AEC9B3C87A15E00270E383B06, 0x11E854280AEF876AA72800270E383B06, 'ANT32100350', 'ANTMAN CAUCHO GRIS CLARO', 'ANTMAN CAUCHO GRIS CLARO', 0x11E7AF8DF65CB995A5F700270E383B06, 0x11E7AF8DF65CB995A5F700270E383B06, '1.00', '0.00', '0.00', '0.00', '12.00', '30.00000000', '0.00', '0.00', '0.00000000', '0.00', '0.00', '0.00000000', 0x11E7E1D6570F9A40AC8A00E04C6F7E24, '0', '0');
INSERT INTO `inventario_productos` VALUES (0x11E87469630EF4869BD600270E383B06, '1527320257', 0x11E8676EAD11B2E6BDE500270E383B06, 0x11E87469CC7229C69BD600270E383B06, 0x11E7AC1AEC9B3C87A15E00270E383B06, 0x11E854280AEF876AA72800270E383B06, 'ANT32100401', 'ANTMAN CAUCHO BLANCO OSTRA', 'ANTMAN CAUCHO BLANCO OSTRA', 0x11E7AF8DDC5D706EA5F700270E383B06, 0x11E7AF8DDC5D706EA5F700270E383B06, '1.00', '0.00', '0.00', '0.00', '2.50', '30.00000000', '0.00', '0.00', '0.00000000', '0.00', '0.00', '0.00000000', 0x11E7E1D6570F9A40AC8A00E04C6F7E24, '0', '0');
INSERT INTO `inventario_productos` VALUES (0x11E874696312A1149BD600270E383B06, '1527320307', 0x11E8676EAD11B2E6BDE500270E383B06, 0x11E87469CC82E0E19BD600270E383B06, 0x11E7AC1AEC9B3C87A15E00270E383B06, 0x11E854280AEF876AA72800270E383B06, 'ANT32100440', 'ANTMAN CAUCHO BLANCO OSTRA', 'ANTMAN CAUCHO BLANCO OSTRA', 0x11E7AF8DE9F3C53BA5F700270E383B06, 0x11E7AF8DE9F3C53BA5F700270E383B06, '1.00', '0.00', '0.00', '0.00', '9.50', '30.00000000', '0.00', '0.00', '0.00000000', '0.00', '0.00', '0.00000000', 0x11E7E1D6570F9A40AC8A00E04C6F7E24, '0', '0');
INSERT INTO `inventario_productos` VALUES (0x11E8746963154DE59BD600270E383B06, '1527320347', 0x11E8676EAD11B2E6BDE500270E383B06, 0x11E87469CC867CBB9BD600270E383B06, 0x11E7AC1AEC9B3C87A15E00270E383B06, 0x11E854280AEF876AA72800270E383B06, 'ANT32100450', 'ANTMAN CAUCHO BLANCO OSTRA', 'ANTMAN CAUCHO BLANCO OSTRA', 0x11E7AF8DF65CB995A5F700270E383B06, 0x11E7AF8DF65CB995A5F700270E383B06, '1.00', '0.00', '0.00', '0.00', '12.00', '30.00000000', '0.00', '0.00', '0.00000000', '0.00', '0.00', '0.00000000', 0x11E7E1D6570F9A40AC8A00E04C6F7E24, '0', '0');
INSERT INTO `inventario_productos` VALUES (0x11E87469631B92F89BD600270E383B06, '1527320441', 0x11E8676EAD11B2E6BDE500270E383B06, 0x11E87469CC8949A29BD600270E383B06, 0x11E7AC1AEC9B3C87A15E00270E383B06, 0x11E854280AEF876AA72800270E383B06, 'ANT32100501', 'ANTMAN CAUCHO MARFIL', 'ANTMAN CAUCHO MARFIL', 0x11E7AF8DDC5D706EA5F700270E383B06, 0x11E7AF8DDC5D706EA5F700270E383B06, '1.00', '0.00', '0.00', '0.00', '2.50', '30.00000000', '0.00', '0.00', '0.00000000', '0.00', '0.00', '0.00000000', 0x11E7E1D6570F9A40AC8A00E04C6F7E24, '0', '0');
INSERT INTO `inventario_productos` VALUES (0x11E87469632207C49BD600270E383B06, '1527320500', 0x11E8676EAD11B2E6BDE500270E383B06, 0x11E87469CC8CDAEE9BD600270E383B06, 0x11E7AC1AEC9B3C87A15E00270E383B06, 0x11E854280AEF876AA72800270E383B06, 'ANT32100540', 'ANTMAN CAUCHO MARFIL', 'ANTMAN CAUCHO MARFIL', 0x11E7AF8DE9F3C53BA5F700270E383B06, 0x11E7AF8DE9F3C53BA5F700270E383B06, '1.00', '0.00', '0.00', '0.00', '9.50', '30.00000000', '0.00', '0.00', '0.00000000', '0.00', '0.00', '0.00000000', 0x11E7E1D6570F9A40AC8A00E04C6F7E24, '0', '0');
INSERT INTO `inventario_productos` VALUES (0x11E874696325B4F29BD600270E383B06, '1527320543', 0x11E8676EAD11B2E6BDE500270E383B06, 0x11E87469CC8F9E139BD600270E383B06, 0x11E7AC1AEC9B3C87A15E00270E383B06, 0x11E854280AEF876AA72800270E383B06, 'ANT32100550', 'ANTMAN CAUCHO MARFIL', 'ANTMAN CAUCHO MARFIL', 0x11E7AF8DF65CB995A5F700270E383B06, 0x11E7AF8DF65CB995A5F700270E383B06, '1.00', '0.00', '0.00', '0.00', '12.00', '30.00000000', '0.00', '0.00', '0.00000000', '0.00', '0.00', '0.00000000', 0x11E7E1D6570F9A40AC8A00E04C6F7E24, '0', '0');
INSERT INTO `inventario_productos` VALUES (0x11E87469632EBF659BD600270E383B06, '1527320604', 0x11E8676EAD11B2E6BDE500270E383B06, 0x11E87469CC9338809BD600270E383B06, 0x11E7AC1AEC9B3C87A15E00270E383B06, 0x11E854280AEF876AA72800270E383B06, 'ANT32100601', 'ANTMAN CAUCHO BEIGE', 'ANTMAN CAUCHO BEIGE', 0x11E7AF8DDC5D706EA5F700270E383B06, 0x11E7AF8DDC5D706EA5F700270E383B06, '1.00', '0.00', '0.00', '0.00', '2.50', '30.00000000', '0.00', '0.00', '0.00000000', '0.00', '0.00', '0.00000000', 0x11E7E1D6570F9A40AC8A00E04C6F7E24, '0', '0');
INSERT INTO `inventario_productos` VALUES (0x11E87469633127079BD600270E383B06, '1527320657', 0x11E8676EAD11B2E6BDE500270E383B06, 0x11E87469CC96044E9BD600270E383B06, 0x11E7AC1AEC9B3C87A15E00270E383B06, 0x11E854280AEF876AA72800270E383B06, 'ANT32100640', 'ANTMAN CAUCHO BEIGE', 'ANTMAN CAUCHO BEIGE', 0x11E7AF8DE9F3C53BA5F700270E383B06, 0x11E7AF8DE9F3C53BA5F700270E383B06, '1.00', '0.00', '0.00', '0.00', '9.50', '30.00000000', '0.00', '0.00', '0.00000000', '0.00', '0.00', '0.00000000', 0x11E7E1D6570F9A40AC8A00E04C6F7E24, '0', '0');
INSERT INTO `inventario_productos` VALUES (0x11E874696333D6819BD600270E383B06, '1527320699', 0x11E8676EAD11B2E6BDE500270E383B06, 0x11E87469CC9990509BD600270E383B06, 0x11E7AC1AEC9B3C87A15E00270E383B06, 0x11E854280AEF876AA72800270E383B06, 'ANT32100650', 'ANTMAN CAUCHO BEIGE', 'ANTMAN CAUCHO BEIGE', 0x11E7AF8DF65CB995A5F700270E383B06, 0x11E7AF8DF65CB995A5F700270E383B06, '1.00', '0.00', '0.00', '0.00', '12.00', '30.00000000', '0.00', '0.00', '0.00000000', '0.00', '0.00', '0.00000000', 0x11E7E1D6570F9A40AC8A00E04C6F7E24, '0', '0');
INSERT INTO `inventario_productos` VALUES (0x11E87469633640DA9BD600270E383B06, '1527320765', 0x11E8676EAD11B2E6BDE500270E383B06, 0x11E87469CCA02FA49BD600270E383B06, 0x11E7AC1AEC9B3C87A15E00270E383B06, 0x11E854280AEF876AA72800270E383B06, 'ANT32100701', 'ANTMAN CAUCHO MOSTAZA CLARO', 'ANTMAN CAUCHO MOSTAZA CLARO', 0x11E7AF8DDC5D706EA5F700270E383B06, 0x11E7AF8DDC5D706EA5F700270E383B06, '1.00', '0.00', '0.00', '0.00', '2.70', '30.00000000', '0.00', '0.00', '0.00000000', '0.00', '0.00', '0.00000000', 0x11E7E1D6570F9A40AC8A00E04C6F7E24, '0', '0');
INSERT INTO `inventario_productos` VALUES (0x11E874696338E8759BD600270E383B06, '1527320806', 0x11E8676EAD11B2E6BDE500270E383B06, 0x11E87469CCA3BF239BD600270E383B06, 0x11E7AC1AEC9B3C87A15E00270E383B06, 0x11E854280AEF876AA72800270E383B06, 'ANT32100740', 'ANTMAN CAUCHO MOSTAZA CLARO', 'ANTMAN CAUCHO MOSTAZA CLARO', 0x11E7AF8DE9F3C53BA5F700270E383B06, 0x11E7AF8DE9F3C53BA5F700270E383B06, '1.00', '0.00', '0.00', '0.00', '10.30', '30.00000000', '0.00', '0.00', '0.00000000', '0.00', '0.00', '0.00000000', 0x11E7E1D6570F9A40AC8A00E04C6F7E24, '0', '0');
INSERT INTO `inventario_productos` VALUES (0x11E87469633B57C49BD600270E383B06, '1527320848', 0x11E8676EAD11B2E6BDE500270E383B06, 0x11E87469CCAA5AC79BD600270E383B06, 0x11E7AC1AEC9B3C87A15E00270E383B06, 0x11E854280AEF876AA72800270E383B06, 'ANT32100750', 'ANTMAN CAUCHO MOSTAZA CLARO', 'ANTMAN CAUCHO MOSTAZA CLARO', 0x11E7AF8DF65CB995A5F700270E383B06, 0x11E7AF8DF65CB995A5F700270E383B06, '1.00', '0.00', '0.00', '0.00', '13.00', '30.00000000', '0.00', '0.00', '0.00000000', '0.00', '0.00', '0.00000000', 0x11E7E1D6570F9A40AC8A00E04C6F7E24, '0', '0');
INSERT INTO `inventario_productos` VALUES (0x11E87469633E00C59BD600270E383B06, '1527320915', 0x11E8676EAD11B2E6BDE500270E383B06, 0x11E87469CCAF6B5C9BD600270E383B06, 0x11E7AC1AEC9B3C87A15E00270E383B06, 0x11E854280AEF876AA72800270E383B06, 'ANT32100801', 'ANTMAN CAUCHO MOSTAZA OSCURO', 'ANTMAN CAUCHO MOSTAZA OSCURO', 0x11E7AF8DDC5D706EA5F700270E383B06, 0x11E7AF8DDC5D706EA5F700270E383B06, '1.00', '0.00', '0.00', '0.00', '2.70', '30.00000000', '0.00', '0.00', '0.00000000', '0.00', '0.00', '0.00000000', 0x11E7E1D6570F9A40AC8A00E04C6F7E24, '0', '0');
INSERT INTO `inventario_productos` VALUES (0x11E8746963406DC39BD600270E383B06, '1527320960', 0x11E8676EAD11B2E6BDE500270E383B06, 0x11E87469CCB482AB9BD600270E383B06, 0x11E7AC1AEC9B3C87A15E00270E383B06, 0x11E854280AEF876AA72800270E383B06, 'ANT32100840', 'ANTMAN CAUCHO MOSTAZA OSCURO', 'ANTMAN CAUCHO MOSTAZA OSCURO', 0x11E7AF8DE9F3C53BA5F700270E383B06, 0x11E7AF8DE9F3C53BA5F700270E383B06, '1.00', '0.00', '0.00', '0.00', '10.30', '30.00000000', '0.00', '0.00', '0.00000000', '0.00', '0.00', '0.00000000', 0x11E7E1D6570F9A40AC8A00E04C6F7E24, '0', '0');
INSERT INTO `inventario_productos` VALUES (0x11E87469634317709BD600270E383B06, '1527321001', 0x11E8676EAD11B2E6BDE500270E383B06, 0x11E87469CCB817239BD600270E383B06, 0x11E7AC1AEC9B3C87A15E00270E383B06, 0x11E854280AEF876AA72800270E383B06, 'ANT32100840', 'ANTMAN CAUCHO MOSTAZA OSCURO', 'ANTMAN CAUCHO MOSTAZA OSCURO', 0x11E7AF8DF65CB995A5F700270E383B06, 0x11E7AF8DF65CB995A5F700270E383B06, '1.00', '0.00', '0.00', '0.00', '13.00', '30.00000000', '0.00', '0.00', '0.00000000', '0.00', '0.00', '0.00000000', 0x11E7E1D6570F9A40AC8A00E04C6F7E24, '0', '0');
INSERT INTO `inventario_productos` VALUES (0x11E8746963458BB09BD600270E383B06, '1527321069', 0x11E8676EAD11B2E6BDE500270E383B06, 0x11E87469CCBAE13D9BD600270E383B06, 0x11E7AC1AEC9B3C87A15E00270E383B06, 0x11E854280AEF876AA72800270E383B06, 'ANT32100901', 'ANTMAN CAUCHO LADRILLO', 'ANTMAN CAUCHO LADRILLO', 0x11E7AF8DDC5D706EA5F700270E383B06, 0x11E7AF8DDC5D706EA5F700270E383B06, '1.00', '0.00', '0.00', '0.00', '2.70', '30.00000000', '0.00', '0.00', '0.00000000', '0.00', '0.00', '0.00000000', 0x11E7E1D6570F9A40AC8A00E04C6F7E24, '0', '0');
INSERT INTO `inventario_productos` VALUES (0x11E8746963482A319BD600270E383B06, '1527321114', 0x11E8676EAD11B2E6BDE500270E383B06, 0x11E87469CCBE70709BD600270E383B06, 0x11E7AC1AEC9B3C87A15E00270E383B06, 0x11E854280AEF876AA72800270E383B06, 'ANT32100940', 'ANTMAN CAUCHO LADRILLO', 'ANTMAN CAUCHO LADRILLO', 0x11E7AF8DE9F3C53BA5F700270E383B06, 0x11E7AF8DE9F3C53BA5F700270E383B06, '1.00', '0.00', '0.00', '0.00', '10.30', '30.00000000', '0.00', '0.00', '0.00000000', '0.00', '0.00', '0.00000000', 0x11E7E1D6570F9A40AC8A00E04C6F7E24, '0', '0');
INSERT INTO `inventario_productos` VALUES (0x11E87469634A9D249BD600270E383B06, '1527321157', 0x11E8676EAD11B2E6BDE500270E383B06, 0x11E87469CCC142D09BD600270E383B06, 0x11E7AC1AEC9B3C87A15E00270E383B06, 0x11E854280AEF876AA72800270E383B06, 'ANT32100950', 'ANTMAN CAUCHO LADRILLO', 'ANTMAN CAUCHO LADRILLO', 0x11E7AF8DF65CB995A5F700270E383B06, 0x11E7AF8DF65CB995A5F700270E383B06, '1.00', '0.00', '0.00', '0.00', '13.00', '30.00000000', '0.00', '0.00', '0.00000000', '0.00', '0.00', '0.00000000', 0x11E7E1D6570F9A40AC8A00E04C6F7E24, '0', '0');
INSERT INTO `inventario_productos` VALUES (0x11E87469634D42F99BD600270E383B06, '1527321226', 0x11E8676EAD11B2E6BDE500270E383B06, 0x11E87469CCC71CEE9BD600270E383B06, 0x11E7AC1AEC9B3C87A15E00270E383B06, 0x11E854280AEF876AA72800270E383B06, 'ANT32101001', 'ANTMAN CAUCHO SAHARA', 'ANTMAN CAUCHO SAHARA', 0x11E7AF8DDC5D706EA5F700270E383B06, 0x11E7AF8DDC5D706EA5F700270E383B06, '1.00', '0.00', '0.00', '0.00', '2.50', '30.00000000', '0.00', '0.00', '0.00000000', '0.00', '0.00', '0.00000000', 0x11E7E1D6570F9A40AC8A00E04C6F7E24, '0', '0');
INSERT INTO `inventario_productos` VALUES (0x11E87469634FB4189BD600270E383B06, '1527321269', 0x11E8676EAD11B2E6BDE500270E383B06, 0x11E87469CCCB7D939BD600270E383B06, 0x11E7AC1AEC9B3C87A15E00270E383B06, 0x11E854280AEF876AA72800270E383B06, 'ANT32101040', 'ANTMAN CAUCHO SAHARA', 'ANTMAN CAUCHO SAHARA', 0x11E7AF8DE9F3C53BA5F700270E383B06, 0x11E7AF8DE9F3C53BA5F700270E383B06, '1.00', '0.00', '0.00', '0.00', '9.50', '30.00000000', '0.00', '0.00', '0.00000000', '0.00', '0.00', '0.00000000', 0x11E7E1D6570F9A40AC8A00E04C6F7E24, '0', '0');
INSERT INTO `inventario_productos` VALUES (0x11E8746963526FAF9BD600270E383B06, '1527321308', 0x11E8676EAD11B2E6BDE500270E383B06, 0x11E87469CCD479919BD600270E383B06, 0x11E7AC1AEC9B3C87A15E00270E383B06, 0x11E854280AEF876AA72800270E383B06, 'ANT32101050', 'ANTMAN CAUCHO SAHARA', 'ANTMAN CAUCHO SAHARA', 0x11E7AF8DF65CB995A5F700270E383B06, 0x11E7AF8DF65CB995A5F700270E383B06, '1.00', '0.00', '0.00', '0.00', '12.00', '30.00000000', '0.00', '0.00', '0.00000000', '0.00', '0.00', '0.00000000', 0x11E7E1D6570F9A40AC8A00E04C6F7E24, '0', '0');
INSERT INTO `inventario_productos` VALUES (0x11E874696354C9CA9BD600270E383B06, '1527321725', 0x11E8676EAD11B2E6BDE500270E383B06, 0x11E87469CCDE1D739BD600270E383B06, 0x11E7AC1AEC9B3C87A15E00270E383B06, 0x11E854280AEF876AA72800270E383B06, 'ARA33100101', 'ARADOS CAUCHO TIPO C BLANCO', 'ARADOS CAUCHO TIPO C BLANCO', 0x11E7AF8DDC5D706EA5F700270E383B06, 0x11E7AF8DDC5D706EA5F700270E383B06, '1.00', '0.00', '0.00', '0.00', '3.50', '30.00000000', '0.00', '0.00', '0.00000000', '0.00', '0.00', '0.00000000', 0x11E7E1D6570F9A40AC8A00E04C6F7E24, '0', '0');
INSERT INTO `inventario_productos` VALUES (0x11E87469635AF4769BD600270E383B06, '1527321790', 0x11E8676EAD11B2E6BDE500270E383B06, 0x11E87469CCE234E69BD600270E383B06, 0x11E7AC1AEC9B3C87A15E00270E383B06, 0x11E854280AEF876AA72800270E383B06, 'ARA33100140', 'ARADOS CAUCHO TIPO C BLANCO', 'ARADOS CAUCHO TIPO C BLANCO', 0x11E7AF8DE9F3C53BA5F700270E383B06, 0x11E7AF8DE9F3C53BA5F700270E383B06, '1.00', '0.00', '0.00', '0.00', '13.00', '30.00000000', '0.00', '0.00', '0.00000000', '0.00', '0.00', '0.00000000', 0x11E7E1D6570F9A40AC8A00E04C6F7E24, '0', '0');
INSERT INTO `inventario_productos` VALUES (0x11E87469635F0BAF9BD600270E383B06, '1527321845', 0x11E8676EAD11B2E6BDE500270E383B06, 0x11E87469CCE5D8739BD600270E383B06, 0x11E7AC1AEC9B3C87A15E00270E383B06, 0x11E854280AEF876AA72800270E383B06, 'ARA33100150', 'ARADOS CAUCHO TIPO C BLANCO', 'ARADOS CAUCHO TIPO C BLANCO', 0x11E7AF8DF65CB995A5F700270E383B06, 0x11E7AF8DF65CB995A5F700270E383B06, '1.00', '0.00', '0.00', '0.00', '16.50', '30.00000000', '0.00', '0.00', '0.00000000', '0.00', '0.00', '0.00000000', 0x11E7E1D6570F9A40AC8A00E04C6F7E24, '0', '0');
INSERT INTO `inventario_productos` VALUES (0x11E87469636A7BDD9BD600270E383B06, '1527321930', 0x11E8676EAD11B2E6BDE500270E383B06, 0x11E87469CCE88EDB9BD600270E383B06, 0x11E7AC1AEC9B3C87A15E00270E383B06, 0x11E854280AEF876AA72800270E383B06, 'ARA33100201', 'ARADOS CAUCHO TIPO C GRIS CEMENTO', 'ARADOS CAUCHO TIPO C GRIS CEMENTO', 0x11E7AF8DDC5D706EA5F700270E383B06, 0x11E7AF8DDC5D706EA5F700270E383B06, '1.00', '0.00', '0.00', '0.00', '3.00', '30.00000000', '0.00', '0.00', '0.00000000', '0.00', '0.00', '0.00000000', 0x11E7E1D6570F9A40AC8A00E04C6F7E24, '0', '0');
INSERT INTO `inventario_productos` VALUES (0x11E8746963788C7E9BD600270E383B06, '1527321972', 0x11E8676EAD11B2E6BDE500270E383B06, 0x11E87469CCEC36CB9BD600270E383B06, 0x11E7AC1AEC9B3C87A15E00270E383B06, 0x11E854280AEF876AA72800270E383B06, 'ARA33100240', 'ARADOS CAUCHO TIPO C GRIS CEMENTO', 'ARADOS CAUCHO TIPO C GRIS CEMENTO', 0x11E7AF8DE9F3C53BA5F700270E383B06, 0x11E7AF8DE9F3C53BA5F700270E383B06, '1.00', '0.00', '0.00', '0.00', '12.00', '30.00000000', '0.00', '0.00', '0.00000000', '0.00', '0.00', '0.00000000', 0x11E7E1D6570F9A40AC8A00E04C6F7E24, '0', '0');
INSERT INTO `inventario_productos` VALUES (0x11E8746963980C7E9BD600270E383B06, '1527322022', 0x11E8676EAD11B2E6BDE500270E383B06, 0x11E87469CCF1796E9BD600270E383B06, 0x11E7AC1AEC9B3C87A15E00270E383B06, 0x11E854280AEF876AA72800270E383B06, 'ARA33100250', 'ARADOS CAUCHO TIPO C GRIS CEMENTO', 'ARADOS CAUCHO TIPO C GRIS CEMENTO', 0x11E7AF8DF65CB995A5F700270E383B06, 0x11E7AF8DF65CB995A5F700270E383B06, '1.00', '0.00', '0.00', '0.00', '15.00', '30.00000000', '0.00', '0.00', '0.00000000', '0.00', '0.00', '0.00000000', 0x11E7E1D6570F9A40AC8A00E04C6F7E24, '0', '0');
INSERT INTO `inventario_productos` VALUES (0x11E87469639EA5229BD600270E383B06, '1527322253', 0x11E8676EAD11B2E6BDE500270E383B06, 0x11E87469CCF7EB669BD600270E383B06, 0x11E7AC1AEC9B3C87A15E00270E383B06, 0x11E854280AEF876AA72800270E383B06, 'ARA33100301', 'ARADOS CAUCHO TIPO C GRIS CLARO', 'ARADOS CAUCHO TIPO C GRIS CLARO', 0x11E7AF8DDC5D706EA5F700270E383B06, 0x11E7AF8DDC5D706EA5F700270E383B06, '1.00', '0.00', '0.00', '0.00', '3.00', '30.00000000', '0.00', '0.00', '0.00000000', '0.00', '0.00', '0.00000000', 0x11E7E1D6570F9A40AC8A00E04C6F7E24, '0', '0');
INSERT INTO `inventario_productos` VALUES (0x11E8746963A3B48F9BD600270E383B06, '1527322332', 0x11E8676EAD11B2E6BDE500270E383B06, 0x11E87469CCFE31259BD600270E383B06, 0x11E7AC1AEC9B3C87A15E00270E383B06, 0x11E854280AEF876AA72800270E383B06, 'ARA33100340', 'ARADOS CAUCHO TIPO C GRIS CLARO', 'ARADOS CAUCHO TIPO C GRIS CLARO', 0x11E7AF8DE9F3C53BA5F700270E383B06, 0x11E7AF8DE9F3C53BA5F700270E383B06, '1.00', '0.00', '0.00', '0.00', '12.00', '30.00000000', '0.00', '0.00', '0.00000000', '0.00', '0.00', '0.00000000', 0x11E7E1D6570F9A40AC8A00E04C6F7E24, '0', '0');
INSERT INTO `inventario_productos` VALUES (0x11E8746963AA25E79BD600270E383B06, '1527322388', 0x11E8676EAD11B2E6BDE500270E383B06, 0x11E87469CD04A9C59BD600270E383B06, 0x11E7AC1AEC9B3C87A15E00270E383B06, 0x11E854280AEF876AA72800270E383B06, 'ARA33100350', 'ARADOS CAUCHO TIPO C GRIS CLARO', 'ARADOS CAUCHO TIPO C GRIS CLARO', 0x11E7AF8DF65CB995A5F700270E383B06, 0x11E7AF8DF65CB995A5F700270E383B06, '1.00', '0.00', '0.00', '0.00', '15.00', '30.00000000', '0.00', '0.00', '0.00000000', '0.00', '0.00', '0.00000000', 0x11E7E1D6570F9A40AC8A00E04C6F7E24, '0', '0');
INSERT INTO `inventario_productos` VALUES (0x11E8746963AC9D829BD600270E383B06, '1527322490', 0x11E8676EAD11B2E6BDE500270E383B06, 0x11E87469CD103A2E9BD600270E383B06, 0x11E7AC1AEC9B3C87A15E00270E383B06, 0x11E854280AEF876AA72800270E383B06, 'ARA33100401', 'ARADOS CAUCHO TIPO C BLANCO OSTRA', 'ARADOS CAUCHO TIPO C BLANCO OSTRA', 0x11E7AF8DDC5D706EA5F700270E383B06, 0x11E7AF8DDC5D706EA5F700270E383B06, '1.00', '0.00', '0.00', '0.00', '3.00', '30.00000000', '0.00', '0.00', '0.00000000', '0.00', '0.00', '0.00000000', 0x11E7E1D6570F9A40AC8A00E04C6F7E24, '0', '0');
INSERT INTO `inventario_productos` VALUES (0x11E8746963B1C5979BD600270E383B06, '1527322551', 0x11E8676EAD11B2E6BDE500270E383B06, 0x11E87469CD1C2BBA9BD600270E383B06, 0x11E7AC1AEC9B3C87A15E00270E383B06, 0x11E854280AEF876AA72800270E383B06, 'ARA33100440', 'ARADOS CAUCHO TIPO C BLANCO OSTRA', 'ARADOS CAUCHO TIPO C BLANCO OSTRA', 0x11E7AF8DE9F3C53BA5F700270E383B06, 0x11E7AF8DE9F3C53BA5F700270E383B06, '1.00', '0.00', '0.00', '0.00', '12.00', '30.00000000', '0.00', '0.00', '0.00000000', '0.00', '0.00', '0.00000000', 0x11E7E1D6570F9A40AC8A00E04C6F7E24, '0', '0');
INSERT INTO `inventario_productos` VALUES (0x11E8746963B43A709BD600270E383B06, '1527322592', 0x11E8676EAD11B2E6BDE500270E383B06, 0x11E87469CD25C9199BD600270E383B06, 0x11E7AC1AEC9B3C87A15E00270E383B06, 0x11E854280AEF876AA72800270E383B06, 'ARA33100450', 'ARADOS CAUCHO TIPO C BLANCO OSTRA', 'ARADOS CAUCHO TIPO C BLANCO OSTRA', 0x11E7AF8DF65CB995A5F700270E383B06, 0x11E7AF8DF65CB995A5F700270E383B06, '1.00', '0.00', '0.00', '0.00', '15.00', '30.00000000', '0.00', '0.00', '0.00000000', '0.00', '0.00', '0.00000000', 0x11E7E1D6570F9A40AC8A00E04C6F7E24, '0', '0');
INSERT INTO `inventario_productos` VALUES (0x11E8746963BBF4C49BD600270E383B06, '1527322676', 0x11E8676EAD11B2E6BDE500270E383B06, 0x11E87469CD29826C9BD600270E383B06, 0x11E7AC1AEC9B3C87A15E00270E383B06, 0x11E854280AEF876AA72800270E383B06, 'ARA33100501', 'ARADOS CAUCHO TIPO C MARFIL', 'ARADOS CAUCHO TIPO C MARFIL', 0x11E7AF8DDC5D706EA5F700270E383B06, 0x11E7AF8DDC5D706EA5F700270E383B06, '1.00', '0.00', '0.00', '0.00', '3.00', '30.00000000', '0.00', '0.00', '0.00000000', '0.00', '0.00', '0.00000000', 0x11E7E1D6570F9A40AC8A00E04C6F7E24, '0', '0');
INSERT INTO `inventario_productos` VALUES (0x11E8746963C5AF399BD600270E383B06, '1527322719', 0x11E8676EAD11B2E6BDE500270E383B06, 0x11E87469CD2F82BD9BD600270E383B06, 0x11E7AC1AEC9B3C87A15E00270E383B06, 0x11E854280AEF876AA72800270E383B06, 'ARA33100540', 'ARADOS CAUCHO TIPO C MARFIL', 'ARADOS CAUCHO TIPO C MARFIL', 0x11E7AF8DE9F3C53BA5F700270E383B06, 0x11E7AF8DE9F3C53BA5F700270E383B06, '1.00', '0.00', '0.00', '0.00', '12.00', '30.00000000', '0.00', '0.00', '0.00000000', '0.00', '0.00', '0.00000000', 0x11E7E1D6570F9A40AC8A00E04C6F7E24, '0', '0');
INSERT INTO `inventario_productos` VALUES (0x11E8746963C9F4A09BD600270E383B06, '1527322767', 0x11E8676EAD11B2E6BDE500270E383B06, 0x11E87469CD33B1BE9BD600270E383B06, 0x11E7AC1AEC9B3C87A15E00270E383B06, 0x11E854280AEF876AA72800270E383B06, 'ARA33100550', 'ARADOS CAUCHO TIPO C MARFIL', 'ARADOS CAUCHO TIPO C MARFIL', 0x11E7AF8DF65CB995A5F700270E383B06, 0x11E7AF8DF65CB995A5F700270E383B06, '1.00', '0.00', '0.00', '0.00', '15.00', '30.00000000', '0.00', '0.00', '0.00000000', '0.00', '0.00', '0.00000000', 0x11E7E1D6570F9A40AC8A00E04C6F7E24, '0', '0');
INSERT INTO `inventario_productos` VALUES (0x11E8746963D2C1D59BD600270E383B06, '1527322839', 0x11E8676EAD11B2E6BDE500270E383B06, 0x11E87469CD39F9E69BD600270E383B06, 0x11E7AC1AEC9B3C87A15E00270E383B06, 0x11E854280AEF876AA72800270E383B06, 'ARA33100601', 'ARADOS CAUCHO TIPO C BEIGE', 'ARADOS CAUCHO TIPO C BEIGE', 0x11E7AF8DDC5D706EA5F700270E383B06, 0x11E7AF8DDC5D706EA5F700270E383B06, '1.00', '0.00', '0.00', '0.00', '3.00', '30.00000000', '0.00', '0.00', '0.00000000', '0.00', '0.00', '0.00000000', 0x11E7E1D6570F9A40AC8A00E04C6F7E24, '0', '0');
INSERT INTO `inventario_productos` VALUES (0x11E8746963D931589BD600270E383B06, '1527322893', 0x11E8676EAD11B2E6BDE500270E383B06, 0x11E87469CD3DA0C19BD600270E383B06, 0x11E7AC1AEC9B3C87A15E00270E383B06, 0x11E854280AEF876AA72800270E383B06, 'ARA33100640', 'ARADOS CAUCHO TIPO C BEIGE', 'ARADOS CAUCHO TIPO C BEIGE', 0x11E7AF8DE9F3C53BA5F700270E383B06, 0x11E7AF8DE9F3C53BA5F700270E383B06, '1.00', '0.00', '0.00', '0.00', '12.00', '30.00000000', '0.00', '0.00', '0.00000000', '0.00', '0.00', '0.00000000', 0x11E7E1D6570F9A40AC8A00E04C6F7E24, '0', '0');
INSERT INTO `inventario_productos` VALUES (0x11E8746963E563859BD600270E383B06, '1527322955', 0x11E8676EAD11B2E6BDE500270E383B06, 0x11E87469CD404E8F9BD600270E383B06, 0x11E7AC1AEC9B3C87A15E00270E383B06, 0x11E854280AEF876AA72800270E383B06, 'ARA33100650', 'ARADOS CAUCHO TIPO C BEIGE', 'ARADOS CAUCHO TIPO C BEIGE', 0x11E7AF8DF65CB995A5F700270E383B06, 0x11E7AF8DF65CB995A5F700270E383B06, '1.00', '0.00', '0.00', '0.00', '15.00', '30.00000000', '0.00', '0.00', '0.00000000', '0.00', '0.00', '0.00000000', 0x11E7E1D6570F9A40AC8A00E04C6F7E24, '0', '0');
INSERT INTO `inventario_productos` VALUES (0x11E8746963FC96779BD600270E383B06, '1527323266', 0x11E8676EAD11B2E6BDE500270E383B06, 0x11E87469CD4592399BD600270E383B06, 0x11E7AC1AEC9B3C87A15E00270E383B06, 0x11E854280AEF876AA72800270E383B06, 'ARA33100701', 'ARADOS CAUCHO TIPO C MOSTAZA CLARO', 'ARADOS CAUCHO TIPO C MOSTAZA CLARO', 0x11E7AF8DDC5D706EA5F700270E383B06, 0x11E7AF8DDC5D706EA5F700270E383B06, '1.00', '0.00', '0.00', '0.00', '3.20', '30.00000000', '0.00', '0.00', '0.00000000', '0.00', '0.00', '0.00000000', 0x11E7E1D6570F9A40AC8A00E04C6F7E24, '0', '0');
INSERT INTO `inventario_productos` VALUES (0x11E87469641780B19BD600270E383B06, '1527323315', 0x11E8676EAD11B2E6BDE500270E383B06, 0x11E87469CD4A78319BD600270E383B06, 0x11E7AC1AEC9B3C87A15E00270E383B06, 0x11E854280AEF876AA72800270E383B06, 'ARA33100740', 'ARADOS CAUCHO TIPO C MOSTAZA CLARO', 'ARADOS CAUCHO TIPO C MOSTAZA CLARO', 0x11E7AF8DE9F3C53BA5F700270E383B06, 0x11E7AF8DE9F3C53BA5F700270E383B06, '1.00', '0.00', '0.00', '0.00', '12.50', '30.00000000', '0.00', '0.00', '0.00000000', '0.00', '0.00', '0.00000000', 0x11E7E1D6570F9A40AC8A00E04C6F7E24, '0', '0');
INSERT INTO `inventario_productos` VALUES (0x11E87469642C59D19BD600270E383B06, '1527323361', 0x11E8676EAD11B2E6BDE500270E383B06, 0x11E87469CD4E1BCE9BD600270E383B06, 0x11E7AC1AEC9B3C87A15E00270E383B06, 0x11E854280AEF876AA72800270E383B06, 'ARA33100750', 'ARADOS CAUCHO TIPO C MOSTAZA CLARO', 'ARADOS CAUCHO TIPO C MOSTAZA CLARO', 0x11E7AF8DF65CB995A5F700270E383B06, 0x11E7AF8DF65CB995A5F700270E383B06, '1.00', '0.00', '0.00', '0.00', '15.70', '30.00000000', '0.00', '0.00', '0.00000000', '0.00', '0.00', '0.00000000', 0x11E7E1D6570F9A40AC8A00E04C6F7E24, '0', '0');
INSERT INTO `inventario_productos` VALUES (0x11E874696458E8879BD600270E383B06, '1527323424', 0x11E8676EAD11B2E6BDE500270E383B06, 0x11E87469CD50CFE59BD600270E383B06, 0x11E7AC1AEC9B3C87A15E00270E383B06, 0x11E854280AEF876AA72800270E383B06, 'ARA33100801', 'ARADOS CAUCHO TIPO C MOSTAZA OSCURO', 'ARADOS CAUCHO TIPO C MOSTAZA OSCURO', 0x11E7AF8DDC5D706EA5F700270E383B06, 0x11E7AF8DDC5D706EA5F700270E383B06, '1.00', '0.00', '0.00', '0.00', '3.20', '30.00000000', '0.00', '0.00', '0.00000000', '0.00', '0.00', '0.00000000', 0x11E7E1D6570F9A40AC8A00E04C6F7E24, '0', '0');
INSERT INTO `inventario_productos` VALUES (0x11E87469645D40519BD600270E383B06, '1527323486', 0x11E8676EAD11B2E6BDE500270E383B06, 0x11E87469CD5471B89BD600270E383B06, 0x11E7AC1AEC9B3C87A15E00270E383B06, 0x11E854280AEF876AA72800270E383B06, 'ARA33100840', 'ARADOS CAUCHO TIPO C MOSTAZA OSCURO', 'ARADOS CAUCHO TIPO C MOSTAZA OSCURO', 0x11E7AF8DE9F3C53BA5F700270E383B06, 0x11E7AF8DE9F3C53BA5F700270E383B06, '1.00', '0.00', '0.00', '0.00', '12.50', '30.00000000', '0.00', '0.00', '0.00000000', '0.00', '0.00', '0.00000000', 0x11E7E1D6570F9A40AC8A00E04C6F7E24, '0', '0');
INSERT INTO `inventario_productos` VALUES (0x11E874696463C07D9BD600270E383B06, '1527323537', 0x11E8676EAD11B2E6BDE500270E383B06, 0x11E87469CD5729529BD600270E383B06, 0x11E7AC1AEC9B3C87A15E00270E383B06, 0x11E854280AEF876AA72800270E383B06, 'ARA33100850', 'ARADOS CAUCHO TIPO C MOSTAZA OSCURO', 'ARADOS CAUCHO TIPO C MOSTAZA OSCURO', 0x11E7AF8DF65CB995A5F700270E383B06, 0x11E7AF8DF65CB995A5F700270E383B06, '1.00', '0.00', '0.00', '0.00', '15.70', '30.00000000', '0.00', '0.00', '0.00000000', '0.00', '0.00', '0.00000000', 0x11E7E1D6570F9A40AC8A00E04C6F7E24, '0', '0');
INSERT INTO `inventario_productos` VALUES (0x11E87469646A66719BD600270E383B06, '1527323602', 0x11E8676EAD11B2E6BDE500270E383B06, 0x11E87469CD5ACBAC9BD600270E383B06, 0x11E7AC1AEC9B3C87A15E00270E383B06, 0x11E854280AEF876AA72800270E383B06, 'ARA33100901', 'ARADOS CAUCHO TIPO C LADRILLO', 'ARADOS CAUCHO TIPO C LADRILLO', 0x11E7AF8DDC5D706EA5F700270E383B06, 0x11E7AF8DDC5D706EA5F700270E383B06, '1.00', '0.00', '0.00', '0.00', '3.20', '30.00000000', '0.00', '0.00', '0.00000000', '0.00', '0.00', '0.00000000', 0x11E7E1D6570F9A40AC8A00E04C6F7E24, '0', '0');
INSERT INTO `inventario_productos` VALUES (0x11E87469646F238E9BD600270E383B06, '1527323649', 0x11E8676EAD11B2E6BDE500270E383B06, 0x11E87469CD5D88359BD600270E383B06, 0x11E7AC1AEC9B3C87A15E00270E383B06, 0x11E854280AEF876AA72800270E383B06, 'ARA33100940', 'ARADOS CAUCHO TIPO C LADRILLO', 'ARADOS CAUCHO TIPO C LADRILLO', 0x11E7AF8DE9F3C53BA5F700270E383B06, 0x11E7AF8DE9F3C53BA5F700270E383B06, '1.00', '0.00', '0.00', '0.00', '12.50', '30.00000000', '0.00', '0.00', '0.00000000', '0.00', '0.00', '0.00000000', 0x11E7E1D6570F9A40AC8A00E04C6F7E24, '0', '0');
INSERT INTO `inventario_productos` VALUES (0x11E874696472DF689BD600270E383B06, '1527323700', 0x11E8676EAD11B2E6BDE500270E383B06, 0x11E87469CD612C469BD600270E383B06, 0x11E7AC1AEC9B3C87A15E00270E383B06, 0x11E854280AEF876AA72800270E383B06, 'ARA33100950', 'ARADOS CAUCHO TIPO C LADRILLO', 'ARADOS CAUCHO TIPO C LADRILLO', 0x11E7AF8DF65CB995A5F700270E383B06, 0x11E7AF8DF65CB995A5F700270E383B06, '1.00', '0.00', '0.00', '0.00', '15.70', '30.00000000', '0.00', '0.00', '0.00000000', '0.00', '0.00', '0.00000000', 0x11E7E1D6570F9A40AC8A00E04C6F7E24, '0', '0');
INSERT INTO `inventario_productos` VALUES (0x11E874696475830A9BD600270E383B06, '1527323792', 0x11E8676EAD11B2E6BDE500270E383B06, 0x11E87469CD63E1C79BD600270E383B06, 0x11E7AC1AEC9B3C87A15E00270E383B06, 0x11E854280AEF876AA72800270E383B06, 'ARA33101101', 'ARADOS CAUCHO TIPO C CHOCOLATE', 'ARADOS CAUCHO TIPO C CHOCOLATE', 0x11E7AF8DDC5D706EA5F700270E383B06, 0x11E7AF8DDC5D706EA5F700270E383B06, '1.00', '0.00', '0.00', '0.00', '3.20', '30.00000000', '0.00', '0.00', '0.00000000', '0.00', '0.00', '0.00000000', 0x11E7E1D6570F9A40AC8A00E04C6F7E24, '0', '0');
INSERT INTO `inventario_productos` VALUES (0x11E87469647A99F09BD600270E383B06, '1527323831', 0x11E8676EAD11B2E6BDE500270E383B06, 0x11E87469CD67855F9BD600270E383B06, 0x11E7AC1AEC9B3C87A15E00270E383B06, 0x11E854280AEF876AA72800270E383B06, 'ARA33101140', 'ARADOS CAUCHO TIPO C CHOCOLATE', 'ARADOS CAUCHO TIPO C CHOCOLATE', 0x11E7AF8DE9F3C53BA5F700270E383B06, 0x11E7AF8DE9F3C53BA5F700270E383B06, '1.00', '0.00', '0.00', '0.00', '12.50', '30.00000000', '0.00', '0.00', '0.00000000', '0.00', '0.00', '0.00000000', 0x11E7E1D6570F9A40AC8A00E04C6F7E24, '0', '0');
INSERT INTO `inventario_productos` VALUES (0x11E87469648180D59BD600270E383B06, '1527323897', 0x11E8676EAD11B2E6BDE500270E383B06, 0x11E87469CD6A3DE49BD600270E383B06, 0x11E7AC1AEC9B3C87A15E00270E383B06, 0x11E854280AEF876AA72800270E383B06, 'ARA33101150', 'ARADOS CAUCHO TIPO C CHOCOLATE', 'ARADOS CAUCHO TIPO C CHOCOLATE', 0x11E7AF8DF65CB995A5F700270E383B06, 0x11E7AF8DF65CB995A5F700270E383B06, '1.00', '0.00', '0.00', '0.00', '15.70', '30.00000000', '0.00', '0.00', '0.00000000', '0.00', '0.00', '0.00000000', 0x11E7E1D6570F9A40AC8A00E04C6F7E24, '0', '0');
INSERT INTO `inventario_productos` VALUES (0x11E874696494EC7C9BD600270E383B06, '1527323955', 0x11E8676EAD11B2E6BDE500270E383B06, 0x11E87469CD6DDD1A9BD600270E383B06, 0x11E7AC1AEC9B3C87A15E00270E383B06, 0x11E854280AEF876AA72800270E383B06, 'ARA33101201', 'ARADOS CAUCHO TIPO C CANELA', 'ARADOS CAUCHO TIPO C CANELA', 0x11E7AF8DDC5D706EA5F700270E383B06, 0x11E7AF8DDC5D706EA5F700270E383B06, '1.00', '0.00', '0.00', '0.00', '3.20', '30.00000000', '0.00', '0.00', '0.00000000', '0.00', '0.00', '0.00000000', 0x11E7E1D6570F9A40AC8A00E04C6F7E24, '0', '0');
INSERT INTO `inventario_productos` VALUES (0x11E87469649BAB4F9BD600270E383B06, '1527323997', 0x11E8676EAD11B2E6BDE500270E383B06, 0x11E87469CD709BEF9BD600270E383B06, 0x11E7AC1AEC9B3C87A15E00270E383B06, 0x11E854280AEF876AA72800270E383B06, 'ARA33101240', 'ARADOS CAUCHO TIPO C CANELA', 'ARADOS CAUCHO TIPO C CANELA', 0x11E7AF8DE9F3C53BA5F700270E383B06, 0x11E7AF8DE9F3C53BA5F700270E383B06, '1.00', '0.00', '0.00', '0.00', '12.50', '30.00000000', '0.00', '0.00', '0.00000000', '0.00', '0.00', '0.00000000', 0x11E7E1D6570F9A40AC8A00E04C6F7E24, '0', '0');
INSERT INTO `inventario_productos` VALUES (0x11E87469649FC28B9BD600270E383B06, '1527324039', 0x11E8676EAD11B2E6BDE500270E383B06, 0x11E87469CD743FD09BD600270E383B06, 0x11E7AC1AEC9B3C87A15E00270E383B06, 0x11E854280AEF876AA72800270E383B06, 'ARA33101250', 'ARADOS CAUCHO TIPO C CANELA', 'ARADOS CAUCHO TIPO C CANELA', 0x11E7AF8DF65CB995A5F700270E383B06, 0x11E7AF8DF65CB995A5F700270E383B06, '1.00', '0.00', '0.00', '0.00', '15.70', '30.00000000', '0.00', '0.00', '0.00000000', '0.00', '0.00', '0.00000000', 0x11E7E1D6570F9A40AC8A00E04C6F7E24, '0', '0');
INSERT INTO `inventario_productos` VALUES (0x11E8746964AE754F9BD600270E383B06, '1527324106', 0x11E8676EAD11B2E6BDE500270E383B06, 0x11E87469CD76F7649BD600270E383B06, 0x11E7AC1AEC9B3C87A15E00270E383B06, 0x11E854280AEF876AA72800270E383B06, 'ARA33101301', 'ARADOS CAUCHO TIPO C FUCSIA', 'ARADOS CAUCHO TIPO C FUCSIA', 0x11E7AF8DDC5D706EA5F700270E383B06, 0x11E7AF8DDC5D706EA5F700270E383B06, '1.00', '0.00', '0.00', '0.00', '3.20', '30.00000000', '0.00', '0.00', '0.00000000', '0.00', '0.00', '0.00000000', 0x11E7E1D6570F9A40AC8A00E04C6F7E24, '0', '0');
INSERT INTO `inventario_productos` VALUES (0x11E8746964B5116F9BD600270E383B06, '1527324152', 0x11E8676EAD11B2E6BDE500270E383B06, 0x11E87469CD7A9AAC9BD600270E383B06, 0x11E7AC1AEC9B3C87A15E00270E383B06, 0x11E854280AEF876AA72800270E383B06, 'ARA33101340', 'ARADOS CAUCHO TIPO C FUCSIA', 'ARADOS CAUCHO TIPO C FUCSIA', 0x11E7AF8DE9F3C53BA5F700270E383B06, 0x11E7AF8DE9F3C53BA5F700270E383B06, '1.00', '0.00', '0.00', '0.00', '12.50', '30.00000000', '0.00', '0.00', '0.00000000', '0.00', '0.00', '0.00000000', 0x11E7E1D6570F9A40AC8A00E04C6F7E24, '0', '0');
INSERT INTO `inventario_productos` VALUES (0x11E8746964B7A72F9BD600270E383B06, '1527324197', 0x11E8676EAD11B2E6BDE500270E383B06, 0x11E87469CD7D53089BD600270E383B06, 0x11E7AC1AEC9B3C87A15E00270E383B06, 0x11E854280AEF876AA72800270E383B06, 'ARA33101350', 'ARADOS CAUCHO TIPO C FUCSIA', 'ARADOS CAUCHO TIPO C FUCSIA', 0x11E7AF8DF65CB995A5F700270E383B06, 0x11E7AF8DF65CB995A5F700270E383B06, '1.00', '0.00', '0.00', '0.00', '15.70', '30.00000000', '0.00', '0.00', '0.00000000', '0.00', '0.00', '0.00000000', 0x11E7E1D6570F9A40AC8A00E04C6F7E24, '0', '0');
INSERT INTO `inventario_productos` VALUES (0x11E8746964BB6B479BD600270E383B06, '1527324290', 0x11E8676EAD11B2E6BDE500270E383B06, 0x11E87469CD80F6B39BD600270E383B06, 0x11E7AC1AEC9B3C87A15E00270E383B06, 0x11E854280AEF876AA72800270E383B06, 'ARA33101401', 'ARADOS CAUCHO TIPO C ROSA CLARO', 'ARADOS CAUCHO TIPO C ROSA CLARO', 0x11E7AF8DDC5D706EA5F700270E383B06, 0x11E7AF8DDC5D706EA5F700270E383B06, '1.00', '0.00', '0.00', '0.00', '3.20', '30.00000000', '0.00', '0.00', '0.00000000', '0.00', '0.00', '0.00000000', 0x11E7E1D6570F9A40AC8A00E04C6F7E24, '0', '0');
INSERT INTO `inventario_productos` VALUES (0x11E8746964BE01B29BD600270E383B06, '1527324331', 0x11E8676EAD11B2E6BDE500270E383B06, 0x11E87469CD957ED09BD600270E383B06, 0x11E7AC1AEC9B3C87A15E00270E383B06, 0x11E854280AEF876AA72800270E383B06, 'ARA33101440', 'ARADOS CAUCHO TIPO C ROSA CLARO', 'ARADOS CAUCHO TIPO C ROSA CLARO', 0x11E7AF8DE9F3C53BA5F700270E383B06, 0x11E7AF8DE9F3C53BA5F700270E383B06, '1.00', '0.00', '0.00', '0.00', '12.50', '30.00000000', '0.00', '0.00', '0.00000000', '0.00', '0.00', '0.00000000', 0x11E7E1D6570F9A40AC8A00E04C6F7E24, '0', '0');
INSERT INTO `inventario_productos` VALUES (0x11E8746964C1CA389BD600270E383B06, '1527324446', 0x11E8676EAD11B2E6BDE500270E383B06, 0x11E87469CD9998519BD600270E383B06, 0x11E7AC1AEC9B3C87A15E00270E383B06, 0x11E854280AEF876AA72800270E383B06, 'ARA33101450', 'ARADOS CAUCHO TIPO C ROSA CLARO', 'ARADOS CAUCHO TIPO C ROSA CLARO', 0x11E7AF8DF65CB995A5F700270E383B06, 0x11E7AF8DF65CB995A5F700270E383B06, '1.00', '0.00', '0.00', '0.00', '15.70', '30.00000000', '0.00', '0.00', '0.00000000', '0.00', '0.00', '0.00000000', 0x11E7E1D6570F9A40AC8A00E04C6F7E24, '0', '0');
INSERT INTO `inventario_productos` VALUES (0x11E8746964C45D539BD600270E383B06, '1527324514', 0x11E8676EAD11B2E6BDE500270E383B06, 0x11E87469CD9D34199BD600270E383B06, 0x11E7AC1AEC9B3C87A15E00270E383B06, 0x11E854280AEF876AA72800270E383B06, 'ARA33101501', 'ARADOS CAUCHO TIPO C ROSA BEBE', 'ARADOS CAUCHO TIPO C ROSA BEBE', 0x11E7AF8DDC5D706EA5F700270E383B06, 0x11E7AF8DDC5D706EA5F700270E383B06, '1.00', '0.00', '0.00', '0.00', '3.20', '30.00000000', '0.00', '0.00', '0.00000000', '0.00', '0.00', '0.00000000', 0x11E7E1D6570F9A40AC8A00E04C6F7E24, '0', '0');
INSERT INTO `inventario_productos` VALUES (0x11E8746964C824469BD600270E383B06, '1527324554', 0x11E8676EAD11B2E6BDE500270E383B06, 0x11E87469CDA2637F9BD600270E383B06, 0x11E7AC1AEC9B3C87A15E00270E383B06, 0x11E854280AEF876AA72800270E383B06, 'ARA33101540', 'ARADOS CAUCHO TIPO C ROSA BEBE', 'ARADOS CAUCHO TIPO C ROSA BEBE', 0x11E7AF8DE9F3C53BA5F700270E383B06, 0x11E7AF8DE9F3C53BA5F700270E383B06, '1.00', '0.00', '0.00', '0.00', '3.20', '30.00000000', '0.00', '0.00', '0.00000000', '0.00', '0.00', '0.00000000', 0x11E7E1D6570F9A40AC8A00E04C6F7E24, '0', '0');
INSERT INTO `inventario_productos` VALUES (0x11E8746964CABB329BD600270E383B06, '1527324600', 0x11E8676EAD11B2E6BDE500270E383B06, 0x11E87469CDAA06879BD600270E383B06, 0x11E7AC1AEC9B3C87A15E00270E383B06, 0x11E854280AEF876AA72800270E383B06, 'ARA33101550', 'ARADOS CAUCHO TIPO C ROSA BEBE', 'ARADOS CAUCHO TIPO C ROSA BEBE', 0x11E7AF8DF65CB995A5F700270E383B06, 0x11E7AF8DF65CB995A5F700270E383B06, '1.00', '0.00', '0.00', '0.00', '15.70', '30.00000000', '0.00', '0.00', '0.00000000', '0.00', '0.00', '0.00000000', 0x11E7E1D6570F9A40AC8A00E04C6F7E24, '0', '0');
INSERT INTO `inventario_productos` VALUES (0x11E8746964CE81389BD600270E383B06, '1527324660', 0x11E8676EAD11B2E6BDE500270E383B06, 0x11E87469CDB6C6AE9BD600270E383B06, 0x11E7AC1AEC9B3C87A15E00270E383B06, 0x11E854280AEF876AA72800270E383B06, 'ARA33101601', 'ARADOS CAUCHO TIPO C SALMON', 'ARADOS CAUCHO TIPO C SALMON', 0x11E7AF8DDC5D706EA5F700270E383B06, 0x11E7AF8DDC5D706EA5F700270E383B06, '1.00', '0.00', '0.00', '0.00', '3.20', '30.00000000', '0.00', '0.00', '0.00000000', '0.00', '0.00', '0.00000000', 0x11E7E1D6570F9A40AC8A00E04C6F7E24, '0', '0');
INSERT INTO `inventario_productos` VALUES (0x11E8746964D117099BD600270E383B06, '1527324700', 0x11E8676EAD11B2E6BDE500270E383B06, 0x11E87469CDBF63F69BD600270E383B06, 0x11E7AC1AEC9B3C87A15E00270E383B06, 0x11E854280AEF876AA72800270E383B06, 'ARA33101640', 'ARADOS CAUCHO TIPO C SALMON', 'ARADOS CAUCHO TIPO C SALMON', 0x11E7AF8DE9F3C53BA5F700270E383B06, 0x11E7AF8DE9F3C53BA5F700270E383B06, '1.00', '0.00', '0.00', '0.00', '12.50', '30.00000000', '0.00', '0.00', '0.00000000', '0.00', '0.00', '0.00000000', 0x11E7E1D6570F9A40AC8A00E04C6F7E24, '0', '0');
INSERT INTO `inventario_productos` VALUES (0x11E8746964D4DE819BD600270E383B06, '1527324741', 0x11E8676EAD11B2E6BDE500270E383B06, 0x11E87469CDC316039BD600270E383B06, 0x11E7AC1AEC9B3C87A15E00270E383B06, 0x11E854280AEF876AA72800270E383B06, 'ARA33101650', 'ARADOS CAUCHO TIPO C SALMON', 'ARADOS CAUCHO TIPO C SALMON', 0x11E7AF8DF65CB995A5F700270E383B06, 0x11E7AF8DF65CB995A5F700270E383B06, '1.00', '0.00', '0.00', '0.00', '15.70', '30.00000000', '0.00', '0.00', '0.00000000', '0.00', '0.00', '0.00000000', 0x11E7E1D6570F9A40AC8A00E04C6F7E24, '0', '0');
INSERT INTO `inventario_productos` VALUES (0x11E8746964D776359BD600270E383B06, '1527324799', 0x11E8676EAD11B2E6BDE500270E383B06, 0x11E87469CDC5BC1A9BD600270E383B06, 0x11E7AC1AEC9B3C87A15E00270E383B06, 0x11E854280AEF876AA72800270E383B06, 'ARA33101701', 'ARADOS CAUCHO TIPO C ALBARICOQUE', 'ARADOS CAUCHO TIPO C ALBARICOQUE', 0x11E7AF8DDC5D706EA5F700270E383B06, 0x11E7AF8DDC5D706EA5F700270E383B06, '1.00', '0.00', '0.00', '0.00', '3.20', '30.00000000', '0.00', '0.00', '0.00000000', '0.00', '0.00', '0.00000000', 0x11E7E1D6570F9A40AC8A00E04C6F7E24, '0', '0');
INSERT INTO `inventario_productos` VALUES (0x11E8746964DB399A9BD600270E383B06, '1527324852', 0x11E8676EAD11B2E6BDE500270E383B06, 0x11E87469CDC96ED09BD600270E383B06, 0x11E7AC1AEC9B3C87A15E00270E383B06, 0x11E854280AEF876AA72800270E383B06, 'ARA33101740', 'ARADOS CAUCHO TIPO C ALBARICOQUE', 'ARADOS CAUCHO TIPO C ALBARICOQUE', 0x11E7AF8DE9F3C53BA5F700270E383B06, 0x11E7AF8DE9F3C53BA5F700270E383B06, '1.00', '0.00', '0.00', '0.00', '12.50', '30.00000000', '0.00', '0.00', '0.00000000', '0.00', '0.00', '0.00000000', 0x11E7E1D6570F9A40AC8A00E04C6F7E24, '0', '0');
INSERT INTO `inventario_productos` VALUES (0x11E8746964DDD3EC9BD600270E383B06, '1527324896', 0x11E8676EAD11B2E6BDE500270E383B06, 0x11E87469CDCC15EE9BD600270E383B06, 0x11E7AC1AEC9B3C87A15E00270E383B06, 0x11E854280AEF876AA72800270E383B06, 'ARA33101750', 'ARADOS CAUCHO TIPO C ALBARICOQUE', 'ARADOS CAUCHO TIPO C ALBARICOQUE', 0x11E7AF8DF65CB995A5F700270E383B06, 0x11E7AF8DF65CB995A5F700270E383B06, '1.00', '0.00', '0.00', '0.00', '15.70', '30.00000000', '0.00', '0.00', '0.00000000', '0.00', '0.00', '0.00000000', 0x11E7E1D6570F9A40AC8A00E04C6F7E24, '0', '0');
INSERT INTO `inventario_productos` VALUES (0x11E8746964E192DC9BD600270E383B06, '1527324950', 0x11E8676EAD11B2E6BDE500270E383B06, 0x11E87469CDCFD47B9BD600270E383B06, 0x11E7AC1AEC9B3C87A15E00270E383B06, 0x11E854280AEF876AA72800270E383B06, 'ARA33101801', 'ARADOS CAUCHO TIPO C AZUL BEBE', 'ARADOS CAUCHO TIPO C AZUL BEBE', 0x11E7AF8DDC5D706EA5F700270E383B06, 0x11E7AF8DDC5D706EA5F700270E383B06, '1.00', '0.00', '0.00', '0.00', '3.20', '30.00000000', '0.00', '0.00', '0.00000000', '0.00', '0.00', '0.00000000', 0x11E7E1D6570F9A40AC8A00E04C6F7E24, '0', '0');
INSERT INTO `inventario_productos` VALUES (0x11E8746964EA65409BD600270E383B06, '1527324994', 0x11E8676EAD11B2E6BDE500270E383B06, 0x11E87469CDD26F0B9BD600270E383B06, 0x11E7AC1AEC9B3C87A15E00270E383B06, 0x11E854280AEF876AA72800270E383B06, 'ARA33101840', 'ARADOS CAUCHO TIPO C AZUL BEBE', 'ARADOS CAUCHO TIPO C AZUL BEBE', 0x11E7AF8DE9F3C53BA5F700270E383B06, 0x11E7AF8DE9F3C53BA5F700270E383B06, '1.00', '0.00', '0.00', '0.00', '12.50', '30.00000000', '0.00', '0.00', '0.00000000', '0.00', '0.00', '0.00000000', 0x11E7E1D6570F9A40AC8A00E04C6F7E24, '0', '0');
INSERT INTO `inventario_productos` VALUES (0x11E8746964ED18BD9BD600270E383B06, '1527325034', 0x11E8676EAD11B2E6BDE500270E383B06, 0x11E87469CDD62A3D9BD600270E383B06, 0x11E7AC1AEC9B3C87A15E00270E383B06, 0x11E854280AEF876AA72800270E383B06, 'ARA33101850', 'ARADOS CAUCHO TIPO C AZUL BEBE', 'ARADOS CAUCHO TIPO C AZUL BEBE', 0x11E7AF8DF65CB995A5F700270E383B06, 0x11E7AF8DF65CB995A5F700270E383B06, '1.00', '0.00', '0.00', '0.00', '15.70', '30.00000000', '0.00', '0.00', '0.00000000', '0.00', '0.00', '0.00000000', 0x11E7E1D6570F9A40AC8A00E04C6F7E24, '0', '0');
INSERT INTO `inventario_productos` VALUES (0x11E8746964F0C1B89BD600270E383B06, '1527325086', 0x11E8676EAD11B2E6BDE500270E383B06, 0x11E87469CDD8D2BB9BD600270E383B06, 0x11E7AC1AEC9B3C87A15E00270E383B06, 0x11E854280AEF876AA72800270E383B06, 'ARA33101901', 'ARADOS CAUCHO TIPO C AZUL CELESTE', 'ARADOS CAUCHO TIPO C AZUL CELESTE', 0x11E7AF8DDC5D706EA5F700270E383B06, 0x11E7AF8DDC5D706EA5F700270E383B06, '1.00', '0.00', '0.00', '0.00', '3.20', '30.00000000', '0.00', '0.00', '0.00000000', '0.00', '0.00', '0.00000000', 0x11E7E1D6570F9A40AC8A00E04C6F7E24, '0', '0');
INSERT INTO `inventario_productos` VALUES (0x11E8746964F374E99BD600270E383B06, '1527325120', 0x11E8676EAD11B2E6BDE500270E383B06, 0x11E87469CDDC86919BD600270E383B06, 0x11E7AC1AEC9B3C87A15E00270E383B06, 0x11E854280AEF876AA72800270E383B06, 'ARA33101940', 'ARADOS CAUCHO TIPO C AZUL CELESTE', 'ARADOS CAUCHO TIPO C AZUL CELESTE', 0x11E7AF8DE9F3C53BA5F700270E383B06, 0x11E7AF8DE9F3C53BA5F700270E383B06, '1.00', '0.00', '0.00', '0.00', '12.50', '30.00000000', '0.00', '0.00', '0.00000000', '0.00', '0.00', '0.00000000', 0x11E7E1D6570F9A40AC8A00E04C6F7E24, '0', '0');
INSERT INTO `inventario_productos` VALUES (0x11E8746964F71FC79BD600270E383B06, '1527325160', 0x11E8676EAD11B2E6BDE500270E383B06, 0x11E87469CDDF27AC9BD600270E383B06, 0x11E7AC1AEC9B3C87A15E00270E383B06, 0x11E854280AEF876AA72800270E383B06, 'ARA33101950', 'ARADOS CAUCHO TIPO C AZUL CELESTE', 'ARADOS CAUCHO TIPO C AZUL CELESTE', 0x11E7AF8DF65CB995A5F700270E383B06, 0x11E7AF8DF65CB995A5F700270E383B06, '1.00', '0.00', '0.00', '0.00', '15.70', '30.00000000', '0.00', '0.00', '0.00000000', '0.00', '0.00', '0.00000000', 0x11E7E1D6570F9A40AC8A00E04C6F7E24, '0', '0');
INSERT INTO `inventario_productos` VALUES (0x11E8746964FC66339BD600270E383B06, '1527325257', 0x11E8676EAD11B2E6BDE500270E383B06, 0x11E87469CDE2DEE19BD600270E383B06, 0x11E7AC1AEC9B3C87A15E00270E383B06, 0x11E854280AEF876AA72800270E383B06, 'ARA33102001', 'ARADOS CAUCHO TIPO C VERDE MOHO (OLIVO)', 'ARADOS CAUCHO TIPO C VERDE MOHO (OLIVO)', 0x11E7AF8DDC5D706EA5F700270E383B06, 0x11E7AF8DDC5D706EA5F700270E383B06, '1.00', '0.00', '0.00', '0.00', '3.20', '30.00000000', '0.00', '0.00', '0.00000000', '0.00', '0.00', '0.00000000', 0x11E7E1D6570F9A40AC8A00E04C6F7E24, '0', '0');
INSERT INTO `inventario_productos` VALUES (0x11E87469650168629BD600270E383B06, '1527325299', 0x11E8676EAD11B2E6BDE500270E383B06, 0x11E87469CDE584129BD600270E383B06, 0x11E7AC1AEC9B3C87A15E00270E383B06, 0x11E854280AEF876AA72800270E383B06, 'ARA33102040', 'ARADOS CAUCHO TIPO C VERDE MOHO (OLIVO)', 'ARADOS CAUCHO TIPO C VERDE MOHO (OLIVO)', 0x11E7AF8DE9F3C53BA5F700270E383B06, 0x11E7AF8DE9F3C53BA5F700270E383B06, '1.00', '0.00', '0.00', '0.00', '12.50', '30.00000000', '0.00', '0.00', '0.00000000', '0.00', '0.00', '0.00000000', 0x11E7E1D6570F9A40AC8A00E04C6F7E24, '0', '0');
INSERT INTO `inventario_productos` VALUES (0x11E874696507BD489BD600270E383B06, '1527325354', 0x11E8676EAD11B2E6BDE500270E383B06, 0x11E87469CDE93DF79BD600270E383B06, 0x11E7AC1AEC9B3C87A15E00270E383B06, 0x11E854280AEF876AA72800270E383B06, 'ARA33102050', 'ARADOS CAUCHO TIPO C VERDE MOHO (OLIVO)', 'ARADOS CAUCHO TIPO C VERDE MOHO (OLIVO)', 0x11E7AF8DF65CB995A5F700270E383B06, 0x11E7AF8DF65CB995A5F700270E383B06, '1.00', '0.00', '0.00', '0.00', '15.70', '30.00000000', '0.00', '0.00', '0.00000000', '0.00', '0.00', '0.00000000', 0x11E7E1D6570F9A40AC8A00E04C6F7E24, '0', '0');
INSERT INTO `inventario_productos` VALUES (0x11E87469650CE4AA9BD600270E383B06, '1527325424', 0x11E8676EAD11B2E6BDE500270E383B06, 0x11E87469CDEBE6AC9BD600270E383B06, 0x11E7AC1AEC9B3C87A15E00270E383B06, 0x11E854280AEF876AA72800270E383B06, 'ARA33102101', 'ARADOS CAUCHO TIPO C VERDE CASCADA', 'ARADOS CAUCHO TIPO C VERDE CASCADA', 0x11E7AF8DDC5D706EA5F700270E383B06, 0x11E7AF8DDC5D706EA5F700270E383B06, '1.00', '0.00', '0.00', '0.00', '3.20', '30.00000000', '0.00', '0.00', '0.00000000', '0.00', '0.00', '0.00000000', 0x11E7E1D6570F9A40AC8A00E04C6F7E24, '0', '0');
INSERT INTO `inventario_productos` VALUES (0x11E874696510A3819BD600270E383B06, '1527325463', 0x11E8676EAD11B2E6BDE500270E383B06, 0x11E87469CDEF9D1F9BD600270E383B06, 0x11E7AC1AEC9B3C87A15E00270E383B06, 0x11E854280AEF876AA72800270E383B06, 'ARA33102140', 'ARADOS CAUCHO TIPO C VERDE CASCADA', 'ARADOS CAUCHO TIPO C VERDE CASCADA', 0x11E7AF8DE9F3C53BA5F700270E383B06, 0x11E7AF8DE9F3C53BA5F700270E383B06, '1.00', '0.00', '0.00', '0.00', '12.50', '30.00000000', '0.00', '0.00', '0.00000000', '0.00', '0.00', '0.00000000', 0x11E7E1D6570F9A40AC8A00E04C6F7E24, '0', '0');
INSERT INTO `inventario_productos` VALUES (0x11E874696515CEE69BD600270E383B06, '1527325500', 0x11E8676EAD11B2E6BDE500270E383B06, 0x11E87469CDF23EED9BD600270E383B06, 0x11E7AC1AEC9B3C87A15E00270E383B06, 0x11E854280AEF876AA72800270E383B06, 'ARA33102150', 'ARADOS CAUCHO TIPO C VERDE CASCADA', 'ARADOS CAUCHO TIPO C VERDE CASCADA', 0x11E7AF8DF65CB995A5F700270E383B06, 0x11E7AF8DF65CB995A5F700270E383B06, '1.00', '0.00', '0.00', '0.00', '15.70', '30.00000000', '0.00', '0.00', '0.00000000', '0.00', '0.00', '0.00000000', 0x11E7E1D6570F9A40AC8A00E04C6F7E24, '0', '0');
INSERT INTO `inventario_productos` VALUES (0x11E8746965199C479BD600270E383B06, '1527325553', 0x11E8676EAD11B2E6BDE500270E383B06, 0x11E87469CDF5FDB19BD600270E383B06, 0x11E7AC1AEC9B3C87A15E00270E383B06, 0x11E854280AEF876AA72800270E383B06, 'ARA33102201', 'ARADOS CAUCHO TIPO C VERDE BEBE', 'ARADOS CAUCHO TIPO C VERDE BEBE', 0x11E7AF8DDC5D706EA5F700270E383B06, 0x11E7AF8DDC5D706EA5F700270E383B06, '1.00', '0.00', '0.00', '0.00', '3.20', '30.00000000', '0.00', '0.00', '0.00000000', '0.00', '0.00', '0.00000000', 0x11E7E1D6570F9A40AC8A00E04C6F7E24, '0', '0');
INSERT INTO `inventario_productos` VALUES (0x11E874696524E9349BD600270E383B06, '1527325589', 0x11E8676EAD11B2E6BDE500270E383B06, 0x11E87469CDF899CC9BD600270E383B06, 0x11E7AC1AEC9B3C87A15E00270E383B06, 0x11E854280AEF876AA72800270E383B06, 'ARA33102240', 'ARADOS CAUCHO TIPO C VERDE BEBE', 'ARADOS CAUCHO TIPO C VERDE BEBE', 0x11E7AF8DE9F3C53BA5F700270E383B06, 0x11E7AF8DE9F3C53BA5F700270E383B06, '1.00', '0.00', '0.00', '0.00', '12.50', '30.00000000', '0.00', '0.00', '0.00000000', '0.00', '0.00', '0.00000000', 0x11E7E1D6570F9A40AC8A00E04C6F7E24, '0', '0');
INSERT INTO `inventario_productos` VALUES (0x11E8746965279A919BD600270E383B06, '1527325654', 0x11E8676EAD11B2E6BDE500270E383B06, 0x11E87469CDFF0CBD9BD600270E383B06, 0x11E7AC1AEC9B3C87A15E00270E383B06, 0x11E854280AEF876AA72800270E383B06, 'ARA33102250', 'ARADOS CAUCHO TIPO C VERDE BEBE', 'ARADOS CAUCHO TIPO C VERDE BEBE', 0x11E7AF8DF65CB995A5F700270E383B06, 0x11E7AF8DF65CB995A5F700270E383B06, '1.00', '0.00', '0.00', '0.00', '15.70', '30.00000000', '0.00', '0.00', '0.00000000', '0.00', '0.00', '0.00000000', 0x11E7E1D6570F9A40AC8A00E04C6F7E24, '0', '0');
INSERT INTO `inventario_productos` VALUES (0x11E87469652B44A99BD600270E383B06, '1527326572', 0x11E8676EAD11B2E6BDE500270E383B06, 0x11E87469CE055E4C9BD600270E383B06, 0x11E7AC1AEC9B3C87A15E00270E383B06, 0x11E7A925F83AFDF78A4800E04C6F7E24, 'ARA23100150', 'ARADOS CAUCHO TIPO B BLANCO', 'ARADOS CAUCHO TIPO B BLANCO', 0x11E7AF8DF65CB995A5F700270E383B06, 0x11E7AF8DF65CB995A5F700270E383B06, '1.00', '0.00', '0.00', '0.00', '24.00', '30.00000000', '0.00', '0.00', '0.00000000', '0.00', '0.00', '0.00000000', 0x11E7E1D6570F9A40AC8A00E04C6F7E24, '0', '0');
INSERT INTO `inventario_productos` VALUES (0x11E87469653890669BD600270E383B06, '1527326883', 0x11E8676EAD11B2E6BDE500270E383B06, 0x11E87469CE090EAD9BD600270E383B06, 0x11E7AC1AEC9B3C87A15E00270E383B06, 0x11E7A925F83AFDF78A4800E04C6F7E24, 'ARA23100301', 'ARADOS CAUCHO TIPO B GRIS CLARO', 'ARADOS CAUCHO TIPO B GRIS CLARO', 0x11E7AF8DDC5D706EA5F700270E383B06, 0x11E7AF8DDC5D706EA5F700270E383B06, '1.00', '0.00', '0.00', '0.00', '4.20', '30.00000000', '0.00', '0.00', '0.00000000', '0.00', '0.00', '0.00000000', 0x11E7E1D6570F9A40AC8A00E04C6F7E24, '0', '0');
INSERT INTO `inventario_productos` VALUES (0x11E87469654835039BD600270E383B06, '1527326933', 0x11E8676EAD11B2E6BDE500270E383B06, 0x11E87469CE10BEE89BD600270E383B06, 0x11E7AC1AEC9B3C87A15E00270E383B06, 0x11E7A925F83AFDF78A4800E04C6F7E24, 'ARA23100340', 'ARADOS CAUCHO TIPO B GRIS CLARO', 'ARADOS CAUCHO TIPO B GRIS CLARO', 0x11E7AF8DE9F3C53BA5F700270E383B06, 0x11E7AF8DE9F3C53BA5F700270E383B06, '1.00', '0.00', '0.00', '0.00', '16.20', '30.00000000', '0.00', '0.00', '0.00000000', '0.00', '0.00', '0.00000000', 0x11E7E1D6570F9A40AC8A00E04C6F7E24, '0', '0');
INSERT INTO `inventario_productos` VALUES (0x11E8746965568CCF9BD600270E383B06, '1527326976', 0x11E8676EAD11B2E6BDE500270E383B06, 0x11E87469CE14AD669BD600270E383B06, 0x11E7AC1AEC9B3C87A15E00270E383B06, 0x11E7A925F83AFDF78A4800E04C6F7E24, 'ARA23100350', 'ARADOS CAUCHO TIPO B GRIS CLARO', 'ARADOS CAUCHO TIPO B GRIS CLARO', 0x11E7AF8DF65CB995A5F700270E383B06, 0x11E7AF8DF65CB995A5F700270E383B06, '1.00', '0.00', '0.00', '0.00', '20.00', '30.00000000', '0.00', '0.00', '0.00000000', '0.00', '0.00', '0.00000000', 0x11E7E1D6570F9A40AC8A00E04C6F7E24, '0', '0');
INSERT INTO `inventario_productos` VALUES (0x11E87469655CE3539BD600270E383B06, '1527327076', 0x11E8676EAD11B2E6BDE500270E383B06, 0x11E87469CE184D7B9BD600270E383B06, 0x11E7AC1AEC9B3C87A15E00270E383B06, 0x11E7A925F83AFDF78A4800E04C6F7E24, 'ARA23100401', 'ARADOS CAUCHO TIPO B BLANCO OSTRA', 'ARADOS CAUCHO TIPO B BLANCO OSTRA', 0x11E7AF8DDC5D706EA5F700270E383B06, 0x11E7AF8DDC5D706EA5F700270E383B06, '1.00', '0.00', '0.00', '0.00', '4.20', '30.00000000', '0.00', '0.00', '0.00000000', '0.00', '0.00', '0.00000000', 0x11E7E1D6570F9A40AC8A00E04C6F7E24, '0', '0');
INSERT INTO `inventario_productos` VALUES (0x11E87469656370989BD600270E383B06, '1527327133', 0x11E8676EAD11B2E6BDE500270E383B06, 0x11E87469CE1B0AEA9BD600270E383B06, 0x11E7AC1AEC9B3C87A15E00270E383B06, 0x11E7A925F83AFDF78A4800E04C6F7E24, 'ARA23100440', 'ARADOS CAUCHO TIPO B BLANCO OSTRA', 'ARADOS CAUCHO TIPO B BLANCO OSTRA', 0x11E7AF8DE9F3C53BA5F700270E383B06, 0x11E7AF8DE9F3C53BA5F700270E383B06, '1.00', '0.00', '0.00', '0.00', '16.20', '30.00000000', '0.00', '0.00', '0.00000000', '0.00', '0.00', '0.00000000', 0x11E7E1D6570F9A40AC8A00E04C6F7E24, '0', '0');
INSERT INTO `inventario_productos` VALUES (0x11E8746965670AD99BD600270E383B06, '1527327181', 0x11E8676EAD11B2E6BDE500270E383B06, 0x11E87469CE1EA5029BD600270E383B06, 0x11E7AC1AEC9B3C87A15E00270E383B06, 0x11E7A925F83AFDF78A4800E04C6F7E24, 'ARA23100450', 'ARADOS CAUCHO TIPO B BLANCO OSTRA', 'ARADOS CAUCHO TIPO B BLANCO OSTRA', 0x11E7AF8DF65CB995A5F700270E383B06, 0x11E7AF8DF65CB995A5F700270E383B06, '1.00', '0.00', '0.00', '0.00', '20.00', '30.00000000', '0.00', '0.00', '0.00000000', '0.00', '0.00', '0.00000000', 0x11E7E1D6570F9A40AC8A00E04C6F7E24, '0', '0');
INSERT INTO `inventario_productos` VALUES (0x11E87469656D9B3E9BD600270E383B06, '1527327247', 0x11E8676EAD11B2E6BDE500270E383B06, 0x11E87469CE21664C9BD600270E383B06, 0x11E7AC1AEC9B3C87A15E00270E383B06, 0x11E7A925F83AFDF78A4800E04C6F7E24, 'ARA23100501', 'ARADOS CAUCHO TIPO B MARFIL', 'ARADOS CAUCHO TIPO B MARFIL', 0x11E7AF8DDC5D706EA5F700270E383B06, 0x11E7AF8DDC5D706EA5F700270E383B06, '1.00', '0.00', '0.00', '0.00', '4.20', '30.00000000', '0.00', '0.00', '0.00000000', '0.00', '0.00', '0.00000000', 0x11E7E1D6570F9A40AC8A00E04C6F7E24, '0', '0');
INSERT INTO `inventario_productos` VALUES (0x11E87469657418759BD600270E383B06, '1527327300', 0x11E8676EAD11B2E6BDE500270E383B06, 0x11E87469CE2502119BD600270E383B06, 0x11E7AC1AEC9B3C87A15E00270E383B06, 0x11E7A925F83AFDF78A4800E04C6F7E24, 'ARA23100540', 'ARADOS CAUCHO TIPO B MARFIL', 'ARADOS CAUCHO TIPO B MARFIL', 0x11E7AF8DE9F3C53BA5F700270E383B06, 0x11E7AF8DE9F3C53BA5F700270E383B06, '1.00', '0.00', '0.00', '0.00', '16.20', '30.00000000', '0.00', '0.00', '0.00000000', '0.00', '0.00', '0.00000000', 0x11E7E1D6570F9A40AC8A00E04C6F7E24, '0', '0');
INSERT INTO `inventario_productos` VALUES (0x11E87469657AE60D9BD600270E383B06, '1527327351', 0x11E8676EAD11B2E6BDE500270E383B06, 0x11E87469CE27BF669BD600270E383B06, 0x11E7AC1AEC9B3C87A15E00270E383B06, 0x11E7A925F83AFDF78A4800E04C6F7E24, 'ARA23100550', 'ARADOS CAUCHO TIPO B MARFIL', 'ARADOS CAUCHO TIPO B MARFIL', 0x11E7AF8DF65CB995A5F700270E383B06, 0x11E7AF8DF65CB995A5F700270E383B06, '1.00', '0.00', '0.00', '0.00', '20.00', '30.00000000', '0.00', '0.00', '0.00000000', '0.00', '0.00', '0.00000000', 0x11E7E1D6570F9A40AC8A00E04C6F7E24, '0', '0');
INSERT INTO `inventario_productos` VALUES (0x11E87469657F3F419BD600270E383B06, '1527367223', 0x11E8676EAD11B2E6BDE500270E383B06, 0x11E87469CE2B60619BD600270E383B06, 0x11E7AC1ACC1DCFE0A15E00270E383B06, 0x11E7A91C8DE28C038A4800E04C6F7E24, 'CRN001', 'CARBONATO CALCIO Nigta 1', 'CARBONATO CALCIO NIGTA 1', 0x11E7AF8A08F0A02CA5F700270E383B06, 0x11E7AF8A08F0A02CA5F700270E383B06, '1.00', '0.00', '0.00', '0.00', '0.25', '0.00000000', '0.00', '0.00', '0.00000000', '0.00', '0.00', '0.00000000', 0x11E7E1D6570F9A40AC8A00E04C6F7E24, '0', '0');
INSERT INTO `inventario_productos` VALUES (0x11E87469658762709BD600270E383B06, '1527367440', 0x11E8676EAD11B2E6BDE500270E383B06, 0x11E87469CE2E1F839BD600270E383B06, 0x11E7AC1ACC1DCFE0A15E00270E383B06, 0x11E7A91C8DE28C038A4800E04C6F7E24, 'MTI001', 'DIOXIDO TITANIO CINKARNA 823', 'Dióxido Titanio cinkarna 823', 0x11E7AF8A08F0A02CA5F700270E383B06, 0x11E7AF8A08F0A02CA5F700270E383B06, '1.00', '0.00', '0.00', '0.00', '5.00', '0.00000000', '0.00', '0.00', '0.00000000', '0.00', '0.00', '0.00000000', 0x11E7E1D6570F9A40AC8A00E04C6F7E24, '0', '0');
INSERT INTO `inventario_productos` VALUES (0x11E87469658E56A29BD600270E383B06, '1527368014', 0x11E8676EAD11B2E6BDE500270E383B06, 0x11E87469CE31BAE89BD600270E383B06, 0x11E7AC1ACC1DCFE0A15E00270E383B06, 0x11E7A91C8DE28C038A4800E04C6F7E24, 'MAG001', 'AGUA', 'AGUA', 0x11E7AF8A08F0A02CA5F700270E383B06, 0x00000000000000000000000000000000, '1.00', '0.00', '0.00', '0.00', '0.00', '0.00000000', '0.00', '0.00', '0.00000000', '0.00', '0.00', '0.00000000', 0x11E7A8257F863F079B0700270E383B06, '0', '0');
INSERT INTO `inventario_productos` VALUES (0x11E874696593C0329BD600270E383B06, '1527368312', 0x11E8676EAD11B2E6BDE500270E383B06, 0x11E87469CE3476A09BD600270E383B06, 0x11E7AC1ACC1DCFE0A15E00270E383B06, 0x11E7A91C8DE28C038A4800E04C6F7E24, 'MCRL001', 'CARBONATO CALCIO LARA', 'CARBONATO CALCIO LARA', 0x11E7AF8A08F0A02CA5F700270E383B06, 0x11E7AF8A08F0A02CA5F700270E383B06, '1.00', '0.00', '0.00', '0.00', '0.05', '0.00000000', '0.00', '0.00', '0.00000000', '0.00', '0.00', '0.00000000', 0x11E7E1D6570F9A40AC8A00E04C6F7E24, '0', '0');
INSERT INTO `inventario_productos` VALUES (0x11E87469659A25369BD600270E383B06, '1527581417', 0x11E8676EAD11B2E6BDE500270E383B06, 0x11E87469CE3815A69BD600270E383B06, 0x11E7AC1AEC9B3C87A15E00270E383B06, 0x11E7A925F83AFDF78A4800E04C6F7E24, 'ARA23100601', 'ARADOS CAUCHO TIPO B BEIGE', 'ARADOS CAUCHO TIPO B BEIGE', 0x11E7AF8DDC5D706EA5F700270E383B06, 0x11E7AF8DDC5D706EA5F700270E383B06, '1.00', '0.00', '0.00', '0.00', '4.20', '0.00000000', '0.00', '0.00', '0.00000000', '0.00', '0.00', '0.00000000', 0x11E7E1D6570F9A40AC8A00E04C6F7E24, '0', '0');
INSERT INTO `inventario_productos` VALUES (0x11E87469659DD6D69BD600270E383B06, '1527581484', 0x11E8676EAD11B2E6BDE500270E383B06, 0x11E87469CE3AD58E9BD600270E383B06, 0x11E7AC1AEC9B3C87A15E00270E383B06, 0x11E7A925F83AFDF78A4800E04C6F7E24, 'ARA23100640', 'ARADOS CAUCHO TIPO B BEIGE', 'ARADOS CAUCHO TIPO B BEIGE', 0x11E7AF8DE9F3C53BA5F700270E383B06, 0x11E7AF8DE9F3C53BA5F700270E383B06, '1.00', '0.00', '0.00', '0.00', '16.20', '0.00000000', '0.00', '0.00', '0.00000000', '0.00', '0.00', '0.00000000', 0x11E7E1D6570F9A40AC8A00E04C6F7E24, '0', '0');
INSERT INTO `inventario_productos` VALUES (0x11E8746965A1C4369BD600270E383B06, '1527581566', 0x11E8676EAD11B2E6BDE500270E383B06, 0x11E87469CE3E73C39BD600270E383B06, 0x11E7AC1AEC9B3C87A15E00270E383B06, 0x11E7A925F83AFDF78A4800E04C6F7E24, 'ARA23100650', 'ARADOS CAUCHO TIPO B BEIGE', 'ARADOS CAUCHO TIPO B BEIGE', 0x11E7AF8DF65CB995A5F700270E383B06, 0x11E7AF8DF65CB995A5F700270E383B06, '1.00', '0.00', '0.00', '0.00', '20.50', '0.00000000', '0.00', '0.00', '0.00000000', '0.00', '0.00', '0.00000000', 0x11E7E1D6570F9A40AC8A00E04C6F7E24, '0', '0');
INSERT INTO `inventario_productos` VALUES (0x11E8746965A6D7539BD600270E383B06, '1527581617', 0x11E8676EAD11B2E6BDE500270E383B06, 0x11E87469CE4550939BD600270E383B06, 0x11E7AC1AEC9B3C87A15E00270E383B06, 0x11E7A925F83AFDF78A4800E04C6F7E24, 'ARA23100701', 'ARADOS CAUCHO TIPO B MOSTAZA CLARO', 'ARADOS CAUCHO TIPO B MOSTAZA CLARO', 0x11E7AF8DDC5D706EA5F700270E383B06, 0x11E7AF8DDC5D706EA5F700270E383B06, '1.00', '0.00', '0.00', '0.00', '4.20', '0.00000000', '0.00', '0.00', '0.00000000', '0.00', '0.00', '0.00000000', 0x11E7E1D6570F9A40AC8A00E04C6F7E24, '0', '0');
INSERT INTO `inventario_productos` VALUES (0x11E8746965AD06E59BD600270E383B06, '1527581651', 0x11E8676EAD11B2E6BDE500270E383B06, 0x11E87469CE4F199D9BD600270E383B06, 0x11E7AC1AEC9B3C87A15E00270E383B06, 0x11E7A925F83AFDF78A4800E04C6F7E24, 'ARA23100740', 'ARADOS CAUCHO TIPO B MOSTAZA CLARO', 'ARADOS CAUCHO TIPO B MOSTAZA CLARO', 0x11E7AF8DE9F3C53BA5F700270E383B06, 0x11E7AF8DE9F3C53BA5F700270E383B06, '1.00', '0.00', '0.00', '0.00', '16.20', '0.00000000', '0.00', '0.00', '0.00000000', '0.00', '0.00', '0.00000000', 0x11E7E1D6570F9A40AC8A00E04C6F7E24, '0', '0');
INSERT INTO `inventario_productos` VALUES (0x11E8746965B24DFE9BD600270E383B06, '1527581687', 0x11E8676EAD11B2E6BDE500270E383B06, 0x11E87469CE52C9CB9BD600270E383B06, 0x11E7AC1AEC9B3C87A15E00270E383B06, 0x11E7A925F83AFDF78A4800E04C6F7E24, 'ARA23100801', 'ARADOS CAUCHO TIPO B MOSTAZA OSCURO', 'ARADOS CAUCHO TIPO B MOSTAZA OSCURO', 0x11E7AF8DDC5D706EA5F700270E383B06, 0x11E7AF8DDC5D706EA5F700270E383B06, '1.00', '0.00', '0.00', '0.00', '4.20', '0.00000000', '0.00', '0.00', '0.00000000', '0.00', '0.00', '0.00000000', 0x11E7E1D6570F9A40AC8A00E04C6F7E24, '0', '0');
INSERT INTO `inventario_productos` VALUES (0x11E8746965DEB31E9BD600270E383B06, '1527581729', 0x11E8676EAD11B2E6BDE500270E383B06, 0x11E87469CE5573579BD600270E383B06, 0x11E7AC1AEC9B3C87A15E00270E383B06, 0x11E7A925F83AFDF78A4800E04C6F7E24, 'ARA23100750', 'ARADOS CAUCHO TIPO B MOSTAZA CLARO', 'ARADOS CAUCHO TIPO B MOSTAZA CLARO', 0x11E7AF8DF65CB995A5F700270E383B06, 0x11E7AF8DF65CB995A5F700270E383B06, '1.00', '0.00', '0.00', '0.00', '20.50', '0.00000000', '0.00', '0.00', '0.00000000', '0.00', '0.00', '0.00000000', 0x11E7E1D6570F9A40AC8A00E04C6F7E24, '0', '0');
INSERT INTO `inventario_productos` VALUES (0x11E87469662714049BD600270E383B06, '1527581862', 0x11E8676EAD11B2E6BDE500270E383B06, 0x11E87469CE5925689BD600270E383B06, 0x11E7AC1AEC9B3C87A15E00270E383B06, 0x11E7A925F83AFDF78A4800E04C6F7E24, 'ARA23100840', 'ARADOS CAUCHO TIPO B MOSTAZA OSCURO', 'ARADOS CAUCHO TIPO B MOSTAZA OSCURO', 0x11E7AF8DE9F3C53BA5F700270E383B06, 0x11E7AF8DE9F3C53BA5F700270E383B06, '1.00', '0.00', '0.00', '0.00', '16.20', '0.00000000', '0.00', '0.00', '0.00000000', '0.00', '0.00', '0.00000000', 0x11E7E1D6570F9A40AC8A00E04C6F7E24, '0', '0');
INSERT INTO `inventario_productos` VALUES (0x11E8746966303FE49BD600270E383B06, '1527581899', 0x11E8676EAD11B2E6BDE500270E383B06, 0x11E87469CE5BCD369BD600270E383B06, 0x11E7AC1AEC9B3C87A15E00270E383B06, 0x11E7A925F83AFDF78A4800E04C6F7E24, 'ARA23100850', 'ARADOS CAUCHO TIPO B MOSTAZA OSCURO', 'ARADOS CAUCHO TIPO B MOSTAZA OSCURO', 0x11E7AF8DF65CB995A5F700270E383B06, 0x11E7AF8DF65CB995A5F700270E383B06, '1.00', '0.00', '0.00', '0.00', '20.50', '0.00000000', '0.00', '0.00', '0.00000000', '0.00', '0.00', '0.00000000', 0x11E7E1D6570F9A40AC8A00E04C6F7E24, '0', '0');
INSERT INTO `inventario_productos` VALUES (0x11E87469663786D79BD600270E383B06, '1527581945', 0x11E8676EAD11B2E6BDE500270E383B06, 0x11E87469CE5F82F39BD600270E383B06, 0x11E7AC1AEC9B3C87A15E00270E383B06, 0x11E7A925F83AFDF78A4800E04C6F7E24, 'ARA23100901', 'ARADOS CAUCHO TIPO B LADRILLO', 'ARADOS CAUCHO TIPO B LADRILLO', 0x11E7AF8DDC5D706EA5F700270E383B06, 0x11E7AF8DDC5D706EA5F700270E383B06, '1.00', '0.00', '0.00', '0.00', '4.80', '0.00000000', '0.00', '0.00', '0.00000000', '0.00', '0.00', '0.00000000', 0x11E7E1D6570F9A40AC8A00E04C6F7E24, '0', '0');
INSERT INTO `inventario_productos` VALUES (0x11E874696642017C9BD600270E383B06, '1527581988', 0x11E8676EAD11B2E6BDE500270E383B06, 0x11E87469CE622BB29BD600270E383B06, 0x11E7AC1AEC9B3C87A15E00270E383B06, 0x11E7A925F83AFDF78A4800E04C6F7E24, 'ARA23100940', 'ARADOS CAUCHO TIPO B LADRILLO', 'ARADOS CAUCHO TIPO B LADRILLO', 0x11E7AF8DE9F3C53BA5F700270E383B06, 0x11E7AF8DE9F3C53BA5F700270E383B06, '1.00', '0.00', '0.00', '0.00', '17.00', '0.00000000', '0.00', '0.00', '0.00000000', '0.00', '0.00', '0.00000000', 0x11E7E1D6570F9A40AC8A00E04C6F7E24, '0', '0');
INSERT INTO `inventario_productos` VALUES (0x11E87469664973BC9BD600270E383B06, '1527582028', 0x11E8676EAD11B2E6BDE500270E383B06, 0x11E87469CE65DF529BD600270E383B06, 0x11E7AC1AEC9B3C87A15E00270E383B06, 0x11E7A925F83AFDF78A4800E04C6F7E24, 'ARA23100950', 'ARADOS CAUCHO TIPO B LADRILLO', 'ARADOS CAUCHO TIPO B LADRILLO', 0x11E7AF8DF65CB995A5F700270E383B06, 0x11E7AF8DF65CB995A5F700270E383B06, '1.00', '0.00', '0.00', '0.00', '21.80', '0.00000000', '0.00', '0.00', '0.00000000', '0.00', '0.00', '0.00000000', 0x11E7E1D6570F9A40AC8A00E04C6F7E24, '0', '0');
INSERT INTO `inventario_productos` VALUES (0x11E87469664FDECA9BD600270E383B06, '1527582517', 0x11E8676EAD11B2E6BDE500270E383B06, 0x11E87469CE688ED79BD600270E383B06, 0x11E7AC1AEC9B3C87A15E00270E383B06, 0x11E7A925F83AFDF78A4800E04C6F7E24, 'ARA23102401', 'ARADOS CAUCHO TIPO B VINO', 'ARADOS CAUCHO TIPO B VINO', 0x11E7AF8DDC5D706EA5F700270E383B06, 0x11E7AF8DDC5D706EA5F700270E383B06, '1.00', '0.00', '0.00', '0.00', '4.80', '0.00000000', '0.00', '0.00', '0.00000000', '0.00', '0.00', '0.00000000', 0x11E7E1D6570F9A40AC8A00E04C6F7E24, '0', '0');
INSERT INTO `inventario_productos` VALUES (0x11E874696656583F9BD600270E383B06, '1527582555', 0x11E8676EAD11B2E6BDE500270E383B06, 0x11E87469CE6C4DC79BD600270E383B06, 0x11E7AC1AEC9B3C87A15E00270E383B06, 0x11E7A925F83AFDF78A4800E04C6F7E24, 'ARA23102440', 'ARADOS CAUCHO TIPO B VINO', 'ARADOS CAUCHO TIPO B VINO', 0x11E7AF8DE9F3C53BA5F700270E383B06, 0x11E7AF8DE9F3C53BA5F700270E383B06, '1.00', '0.00', '0.00', '0.00', '17.00', '0.00000000', '0.00', '0.00', '0.00000000', '0.00', '0.00', '0.00000000', 0x11E7E1D6570F9A40AC8A00E04C6F7E24, '0', '0');
INSERT INTO `inventario_productos` VALUES (0x11E87469665CB53B9BD600270E383B06, '1527582594', 0x11E8676EAD11B2E6BDE500270E383B06, 0x11E87469CE71A7419BD600270E383B06, 0x11E7AC1AEC9B3C87A15E00270E383B06, 0x11E7A925F83AFDF78A4800E04C6F7E24, 'ARA23102450', 'ARADOS CAUCHO TIPO B VINO', 'ARADOS CAUCHO TIPO B VINO', 0x11E7AF8DF65CB995A5F700270E383B06, 0x11E7AF8DF65CB995A5F700270E383B06, '1.00', '0.00', '0.00', '0.00', '21.80', '0.00000000', '0.00', '0.00', '0.00000000', '0.00', '0.00', '0.00000000', 0x11E7E1D6570F9A40AC8A00E04C6F7E24, '0', '0');
INSERT INTO `inventario_productos` VALUES (0x11E874696664A43E9BD600270E383B06, '1527582643', 0x11E8676EAD11B2E6BDE500270E383B06, 0x11E87469CE7558919BD600270E383B06, 0x11E7AC1AEC9B3C87A15E00270E383B06, 0x11E7A925F83AFDF78A4800E04C6F7E24, 'ARA23101301', 'ARADOS CAUCHO TIPO B FUCSIA', 'ARADOS CAUCHO TIPO B FUCSIA', 0x11E7AF8DDC5D706EA5F700270E383B06, 0x11E7AF8DDC5D706EA5F700270E383B06, '1.00', '0.00', '0.00', '0.00', '4.80', '0.00000000', '0.00', '0.00', '0.00000000', '0.00', '0.00', '0.00000000', 0x11E7E1D6570F9A40AC8A00E04C6F7E24, '0', '0');
INSERT INTO `inventario_productos` VALUES (0x11E87469666A94FA9BD600270E383B06, '1527582676', 0x11E8676EAD11B2E6BDE500270E383B06, 0x11E87469CE7905939BD600270E383B06, 0x11E7AC1AEC9B3C87A15E00270E383B06, 0x11E7A925F83AFDF78A4800E04C6F7E24, 'ARA23101340', 'ARADOS CAUCHO TIPO B FUCSIA', 'ARADOS CAUCHO TIPO B FUCSIA', 0x11E7AF8DE9F3C53BA5F700270E383B06, 0x11E7AF8DE9F3C53BA5F700270E383B06, '1.00', '0.00', '0.00', '0.00', '17.00', '0.00000000', '0.00', '0.00', '0.00000000', '0.00', '0.00', '0.00000000', 0x11E7E1D6570F9A40AC8A00E04C6F7E24, '0', '0');
INSERT INTO `inventario_productos` VALUES (0x11E87469667B3A8A9BD600270E383B06, '1527582709', 0x11E8676EAD11B2E6BDE500270E383B06, 0x11E87469CE7BAF949BD600270E383B06, 0x11E7AC1AEC9B3C87A15E00270E383B06, 0x11E7A925F83AFDF78A4800E04C6F7E24, 'ARA23101350', 'ARADOS CAUCHO TIPO B FUCSIA', 'ARADOS CAUCHO TIPO B FUCSIA', 0x11E7AF8DF65CB995A5F700270E383B06, 0x11E7AF8DF65CB995A5F700270E383B06, '1.00', '0.00', '0.00', '0.00', '21.80', '0.00000000', '0.00', '0.00', '0.00000000', '0.00', '0.00', '0.00000000', 0x11E7E1D6570F9A40AC8A00E04C6F7E24, '0', '0');
INSERT INTO `inventario_productos` VALUES (0x11E8746966868F829BD600270E383B06, '1527582785', 0x11E8676EAD11B2E6BDE500270E383B06, 0x11E87469CE7F4F3F9BD600270E383B06, 0x11E7AC1AEC9B3C87A15E00270E383B06, 0x11E7A925F83AFDF78A4800E04C6F7E24, 'ARA23102501', 'ARADOS CAUCHO TIPO B VERDE MANZANA', 'ARADOS CAUCHO TIPO B VERDE MANZANA', 0x11E7AF8DDC5D706EA5F700270E383B06, 0x11E7AF8DDC5D706EA5F700270E383B06, '1.00', '0.00', '0.00', '0.00', '4.80', '0.00000000', '0.00', '0.00', '0.00000000', '0.00', '0.00', '0.00000000', 0x11E7E1D6570F9A40AC8A00E04C6F7E24, '0', '0');
INSERT INTO `inventario_productos` VALUES (0x11E87469669350269BD600270E383B06, '1527582820', 0x11E8676EAD11B2E6BDE500270E383B06, 0x11E87469CE820BF79BD600270E383B06, 0x11E7AC1AEC9B3C87A15E00270E383B06, 0x11E7A925F83AFDF78A4800E04C6F7E24, 'ARA23102540', 'ARADOS CAUCHO TIPO B VERDE MANZANA', 'ARADOS CAUCHO TIPO B VERDE MANZANA', 0x11E7AF8DE9F3C53BA5F700270E383B06, 0x11E7AF8DE9F3C53BA5F700270E383B06, '1.00', '0.00', '0.00', '0.00', '19.00', '0.00000000', '0.00', '0.00', '0.00000000', '0.00', '0.00', '0.00000000', 0x11E7E1D6570F9A40AC8A00E04C6F7E24, '0', '0');
INSERT INTO `inventario_productos` VALUES (0x11E8746966960FE99BD600270E383B06, '1527582861', 0x11E8676EAD11B2E6BDE500270E383B06, 0x11E87469CE85A8639BD600270E383B06, 0x11E7AC1AEC9B3C87A15E00270E383B06, 0x11E7A925F83AFDF78A4800E04C6F7E24, 'ARA23102550', 'ARADOS CAUCHO TIPO B VERDE MANZANA', 'ARADOS CAUCHO TIPO B VERDE MANZANA', 0x11E7AF8DF65CB995A5F700270E383B06, 0x11E7AF8DF65CB995A5F700270E383B06, '1.00', '0.00', '0.00', '0.00', '23.80', '0.00000000', '0.00', '0.00', '0.00000000', '0.00', '0.00', '0.00000000', 0x11E7E1D6570F9A40AC8A00E04C6F7E24, '0', '0');
INSERT INTO `inventario_productos` VALUES (0x11E87469669CB21B9BD600270E383B06, '1527582914', 0x11E8676EAD11B2E6BDE500270E383B06, 0x11E87469CE886BC39BD600270E383B06, 0x11E7AC1AEC9B3C87A15E00270E383B06, 0x11E7A925F83AFDF78A4800E04C6F7E24, 'ARA23101401', 'ARADOS CAUCHO TIPO B ROSA CLARO', 'ARADOS CAUCHO TIPO B ROSA CLARO', 0x11E7AF8DDC5D706EA5F700270E383B06, 0x11E7AF8DDC5D706EA5F700270E383B06, '1.00', '0.00', '0.00', '0.00', '4.80', '0.00000000', '0.00', '0.00', '0.00000000', '0.00', '0.00', '0.00000000', 0x11E7E1D6570F9A40AC8A00E04C6F7E24, '0', '0');
INSERT INTO `inventario_productos` VALUES (0x11E8746966A2B1AA9BD600270E383B06, '1527582953', 0x11E8676EAD11B2E6BDE500270E383B06, 0x11E87469CE8C051E9BD600270E383B06, 0x11E7AC1AEC9B3C87A15E00270E383B06, 0x11E7A925F83AFDF78A4800E04C6F7E24, 'ARA23101440', 'ARADOS CAUCHO TIPO B ROSA CLARO', 'ARADOS CAUCHO TIPO B ROSA CLARO', 0x11E7AF8DE9F3C53BA5F700270E383B06, 0x11E7AF8DE9F3C53BA5F700270E383B06, '1.00', '0.00', '0.00', '0.00', '17.00', '0.00000000', '0.00', '0.00', '0.00000000', '0.00', '0.00', '0.00000000', 0x11E7E1D6570F9A40AC8A00E04C6F7E24, '0', '0');
INSERT INTO `inventario_productos` VALUES (0x11E8746966A660729BD600270E383B06, '1527582983', 0x11E8676EAD11B2E6BDE500270E383B06, 0x11E87469CE917DEC9BD600270E383B06, 0x11E7AC1AEC9B3C87A15E00270E383B06, 0x11E7A925F83AFDF78A4800E04C6F7E24, 'ARA23101450', 'ARADOS CAUCHO TIPO B ROSA CLARO', 'ARADOS CAUCHO TIPO B ROSA CLARO', 0x11E7AF8DF65CB995A5F700270E383B06, 0x11E7AF8DF65CB995A5F700270E383B06, '1.00', '0.00', '0.00', '0.00', '21.80', '0.00000000', '0.00', '0.00', '0.00000000', '0.00', '0.00', '0.00000000', 0x11E7E1D6570F9A40AC8A00E04C6F7E24, '0', '0');
INSERT INTO `inventario_productos` VALUES (0x11E8746966ACE66E9BD600270E383B06, '1527583026', 0x11E8676EAD11B2E6BDE500270E383B06, 0x11E87469CE965FF79BD600270E383B06, 0x11E7AC1AEC9B3C87A15E00270E383B06, 0x11E7A925F83AFDF78A4800E04C6F7E24, 'ARA23101501', 'ARADOS CAUCHO TIPO B ROSA BEBE', 'ARADOS CAUCHO TIPO B ROSA BEBE', 0x11E7AF8DDC5D706EA5F700270E383B06, 0x11E7AF8DDC5D706EA5F700270E383B06, '1.00', '0.00', '0.00', '0.00', '4.80', '0.00000000', '0.00', '0.00', '0.00000000', '0.00', '0.00', '0.00000000', 0x11E7E1D6570F9A40AC8A00E04C6F7E24, '0', '0');
INSERT INTO `inventario_productos` VALUES (0x11E8746966B08C0E9BD600270E383B06, '1527583071', 0x11E8676EAD11B2E6BDE500270E383B06, 0x11E87469CE9CD0B89BD600270E383B06, 0x11E7AC1AEC9B3C87A15E00270E383B06, 0x11E7A925F83AFDF78A4800E04C6F7E24, 'ARA23101540', 'ARADOS CAUCHO TIPO B ROSA BEBE', 'ARADOS CAUCHO TIPO B ROSA BEBE', 0x11E7AF8DE9F3C53BA5F700270E383B06, 0x11E7AF8DE9F3C53BA5F700270E383B06, '1.00', '0.00', '0.00', '0.00', '17.00', '0.00000000', '0.00', '0.00', '0.00000000', '0.00', '0.00', '0.00000000', 0x11E7E1D6570F9A40AC8A00E04C6F7E24, '0', '0');
INSERT INTO `inventario_productos` VALUES (0x11E8746966B32C259BD600270E383B06, '1527583107', 0x11E8676EAD11B2E6BDE500270E383B06, 0x11E87469CEA319439BD600270E383B06, 0x11E7AC1AEC9B3C87A15E00270E383B06, 0x11E7A925F83AFDF78A4800E04C6F7E24, 'ARA23101550', 'ARADOS CAUCHO TIPO B ROSA BEBE', 'ARADOS CAUCHO TIPO B ROSA BEBE', 0x11E7AF8DF65CB995A5F700270E383B06, 0x11E7AF8DF65CB995A5F700270E383B06, '1.00', '0.00', '0.00', '0.00', '21.80', '0.00000000', '0.00', '0.00', '0.00000000', '0.00', '0.00', '0.00000000', 0x11E7E1D6570F9A40AC8A00E04C6F7E24, '0', '0');
INSERT INTO `inventario_productos` VALUES (0x11E8746966B6AC6D9BD600270E383B06, '1527583175', 0x11E8676EAD11B2E6BDE500270E383B06, 0x11E87469CEA84A889BD600270E383B06, 0x11E7AC1AEC9B3C87A15E00270E383B06, 0x11E7A925F83AFDF78A4800E04C6F7E24, 'ARA23101601', 'ARADOS CAUCHO TIPO B SALMON', 'ARADOS CAUCHO TIPO B SALMON', 0x11E7AF8DDC5D706EA5F700270E383B06, 0x11E7AF8DDC5D706EA5F700270E383B06, '1.00', '0.00', '0.00', '0.00', '4.80', '0.00000000', '0.00', '0.00', '0.00000000', '0.00', '0.00', '0.00000000', 0x11E7E1D6570F9A40AC8A00E04C6F7E24, '0', '0');
INSERT INTO `inventario_productos` VALUES (0x11E8746966BC0FDD9BD600270E383B06, '1527583212', 0x11E8676EAD11B2E6BDE500270E383B06, 0x11E87469CEABE44C9BD600270E383B06, 0x11E7AC1AEC9B3C87A15E00270E383B06, 0x11E7A925F83AFDF78A4800E04C6F7E24, 'ARA23101640', 'ARADOS CAUCHO TIPO B SALMON', 'ARADOS CAUCHO TIPO B SALMON', 0x11E7AF8DE9F3C53BA5F700270E383B06, 0x11E7AF8DE9F3C53BA5F700270E383B06, '1.00', '0.00', '0.00', '0.00', '17.00', '0.00000000', '0.00', '0.00', '0.00000000', '0.00', '0.00', '0.00000000', 0x11E7E1D6570F9A40AC8A00E04C6F7E24, '0', '0');
INSERT INTO `inventario_productos` VALUES (0x11E8746966BFA00C9BD600270E383B06, '1527583248', 0x11E8676EAD11B2E6BDE500270E383B06, 0x11E87469CEB26FAB9BD600270E383B06, 0x11E7AC1AEC9B3C87A15E00270E383B06, 0x11E7A925F83AFDF78A4800E04C6F7E24, 'ARA23101650', 'ARADOS CAUCHO TIPO B SALMON', 'ARADOS CAUCHO TIPO B SALMON', 0x11E7AF8DF65CB995A5F700270E383B06, 0x11E7AF8DF65CB995A5F700270E383B06, '1.00', '0.00', '0.00', '0.00', '21.80', '0.00000000', '0.00', '0.00', '0.00000000', '0.00', '0.00', '0.00000000', 0x11E7E1D6570F9A40AC8A00E04C6F7E24, '0', '0');
INSERT INTO `inventario_productos` VALUES (0x11E8746966C2EAA19BD600270E383B06, '1527583310', 0x11E8676EAD11B2E6BDE500270E383B06, 0x11E87469CEB76CBC9BD600270E383B06, 0x11E7AC1AEC9B3C87A15E00270E383B06, 0x11E7A925F83AFDF78A4800E04C6F7E24, 'ARA23101701', 'ARADOS CAUCHO TIPO B ALBARICOQUE', 'ARADOS CAUCHO TIPO B ALBARICOQUE', 0x11E7AF8DDC5D706EA5F700270E383B06, 0x11E7AF8DDC5D706EA5F700270E383B06, '1.00', '0.00', '0.00', '0.00', '4.80', '0.00000000', '0.00', '0.00', '0.00000000', '0.00', '0.00', '0.00000000', 0x11E7E1D6570F9A40AC8A00E04C6F7E24, '0', '0');
INSERT INTO `inventario_productos` VALUES (0x11E8746966CB04E29BD600270E383B06, '1527583374', 0x11E8676EAD11B2E6BDE500270E383B06, 0x11E87469CEBDE5AD9BD600270E383B06, 0x11E7AC1AEC9B3C87A15E00270E383B06, 0x11E7A925F83AFDF78A4800E04C6F7E24, 'ARA23101740', 'ARADOS CAUCHO TIPO B ALBARICOQUE', 'ARADOS CAUCHO TIPO B ALBARICOQUE', 0x11E7AF8DE9F3C53BA5F700270E383B06, 0x11E7AF8DE9F3C53BA5F700270E383B06, '1.00', '0.00', '0.00', '0.00', '18.00', '0.00000000', '0.00', '0.00', '0.00000000', '0.00', '0.00', '0.00000000', 0x11E7E1D6570F9A40AC8A00E04C6F7E24, '0', '0');
INSERT INTO `inventario_productos` VALUES (0x11E8746966D1B5579BD600270E383B06, '1527583474', 0x11E8676EAD11B2E6BDE500270E383B06, 0x11E87469CEC422189BD600270E383B06, 0x11E7AC1AEC9B3C87A15E00270E383B06, 0x11E7A925F83AFDF78A4800E04C6F7E24, 'ARA23101750', 'ARADOS CAUCHO TIPO B ALBARICOQUE', 'ARADOS CAUCHO TIPO B ALBARICOQUE', 0x11E7AF8DF65CB995A5F700270E383B06, 0x11E7AF8DF65CB995A5F700270E383B06, '1.00', '0.00', '0.00', '0.00', '22.80', '0.00000000', '0.00', '0.00', '0.00000000', '0.00', '0.00', '0.00000000', 0x11E7E1D6570F9A40AC8A00E04C6F7E24, '0', '0');
INSERT INTO `inventario_productos` VALUES (0x11E8746966D6C7CE9BD600270E383B06, '1527583530', 0x11E8676EAD11B2E6BDE500270E383B06, 0x11E87469CEC94DA29BD600270E383B06, 0x11E7AC1AEC9B3C87A15E00270E383B06, 0x11E7A925F83AFDF78A4800E04C6F7E24, 'ARA23101801', 'ARADOS CAUCHO TIPO B AZUL BEBE', 'ARADOS CAUCHO TIPO B AZUL BEBE', 0x11E7AF8DDC5D706EA5F700270E383B06, 0x11E7AF8DDC5D706EA5F700270E383B06, '1.00', '0.00', '0.00', '0.00', '4.80', '0.00000000', '0.00', '0.00', '0.00000000', '0.00', '0.00', '0.00000000', 0x11E7E1D6570F9A40AC8A00E04C6F7E24, '0', '0');
INSERT INTO `inventario_productos` VALUES (0x11E8746966DD2AE19BD600270E383B06, '1527583568', 0x11E8676EAD11B2E6BDE500270E383B06, 0x11E87469CECE301A9BD600270E383B06, 0x11E7AC1AEC9B3C87A15E00270E383B06, 0x11E7A925F83AFDF78A4800E04C6F7E24, 'ARA23101840', 'ARADOS CAUCHO TIPO B AZUL BEBE', 'ARADOS CAUCHO TIPO B AZUL BEBE', 0x11E7AF8DE9F3C53BA5F700270E383B06, 0x11E7AF8DE9F3C53BA5F700270E383B06, '1.00', '0.00', '0.00', '0.00', '17.50', '0.00000000', '0.00', '0.00', '0.00000000', '0.00', '0.00', '0.00000000', 0x11E7E1D6570F9A40AC8A00E04C6F7E24, '0', '0');
INSERT INTO `inventario_productos` VALUES (0x11E8746966E0A8D19BD600270E383B06, '1527583612', 0x11E8676EAD11B2E6BDE500270E383B06, 0x11E87469CED0EAEB9BD600270E383B06, 0x11E7AC1AEC9B3C87A15E00270E383B06, 0x11E7A925F83AFDF78A4800E04C6F7E24, 'ARA23101850', 'ARADOS CAUCHO TIPO B AZUL BEBE', 'ARADOS CAUCHO TIPO B AZUL BEBE', 0x11E7AF8DF65CB995A5F700270E383B06, 0x11E7AF8DF65CB995A5F700270E383B06, '1.00', '0.00', '0.00', '0.00', '22.30', '0.00000000', '0.00', '0.00', '0.00000000', '0.00', '0.00', '0.00000000', 0x11E7E1D6570F9A40AC8A00E04C6F7E24, '0', '0');
INSERT INTO `inventario_productos` VALUES (0x11E8746966E50D769BD600270E383B06, '1527583684', 0x11E8676EAD11B2E6BDE500270E383B06, 0x11E87469CED482849BD600270E383B06, 0x11E7AC1AEC9B3C87A15E00270E383B06, 0x11E7A925F83AFDF78A4800E04C6F7E24, 'ARA23101001', 'ARADOS CAUCHO TIPO B SAHARA', 'ARADOS CAUCHO TIPO B SAHARA', 0x11E7AF8DDC5D706EA5F700270E383B06, 0x11E7AF8DDC5D706EA5F700270E383B06, '1.00', '0.00', '0.00', '0.00', '4.80', '0.00000000', '0.00', '0.00', '0.00000000', '0.00', '0.00', '0.00000000', 0x11E7E1D6570F9A40AC8A00E04C6F7E24, '0', '0');
INSERT INTO `inventario_productos` VALUES (0x11E8746966F3C5519BD600270E383B06, '1527583725', 0x11E8676EAD11B2E6BDE500270E383B06, 0x11E87469CED740649BD600270E383B06, 0x11E7AC1AEC9B3C87A15E00270E383B06, 0x11E7A925F83AFDF78A4800E04C6F7E24, 'ARA23101040', 'ARADOS CAUCHO TIPO B SAHARA', 'ARADOS CAUCHO TIPO B SAHARA', 0x11E7AF8DE9F3C53BA5F700270E383B06, 0x11E7AF8DE9F3C53BA5F700270E383B06, '1.00', '0.00', '0.00', '0.00', '16.50', '0.00000000', '0.00', '0.00', '0.00000000', '0.00', '0.00', '0.00000000', 0x11E7E1D6570F9A40AC8A00E04C6F7E24, '0', '0');
INSERT INTO `inventario_productos` VALUES (0x11E8746966FA7B959BD600270E383B06, '1527583762', 0x11E8676EAD11B2E6BDE500270E383B06, 0x11E87469CEDB67279BD600270E383B06, 0x11E7AC1AEC9B3C87A15E00270E383B06, 0x11E7A925F83AFDF78A4800E04C6F7E24, 'ARA23101050', 'ARADOS CAUCHO TIPO B SAHARA', 'ARADOS CAUCHO TIPO B SAHARA', 0x11E7AF8DF65CB995A5F700270E383B06, 0x11E7AF8DF65CB995A5F700270E383B06, '1.00', '0.00', '0.00', '0.00', '20.50', '0.00000000', '0.00', '0.00', '0.00000000', '0.00', '0.00', '0.00000000', 0x11E7E1D6570F9A40AC8A00E04C6F7E24, '0', '0');
INSERT INTO `inventario_productos` VALUES (0x11E8746966FDF55A9BD600270E383B06, '1527583825', 0x11E8676EAD11B2E6BDE500270E383B06, 0x11E87469CEE8DA469BD600270E383B06, 0x11E7AC1AEC9B3C87A15E00270E383B06, 0x11E7A925F83AFDF78A4800E04C6F7E24, 'ARA23101901', 'ARADOS CAUCHO TIPO B AZUL CELESTE', 'ARADOS CAUCHO TIPO B AZUL CELESTE', 0x11E7AF8DDC5D706EA5F700270E383B06, 0x11E7AF8DDC5D706EA5F700270E383B06, '1.00', '0.00', '0.00', '0.00', '4.80', '0.00000000', '0.00', '0.00', '0.00000000', '0.00', '0.00', '0.00000000', 0x11E7E1D6570F9A40AC8A00E04C6F7E24, '0', '0');
INSERT INTO `inventario_productos` VALUES (0x11E874696705EFE89BD600270E383B06, '1527583869', 0x11E8676EAD11B2E6BDE500270E383B06, 0x11E87469CEF46FF89BD600270E383B06, 0x11E7AC1AEC9B3C87A15E00270E383B06, 0x11E7A925F83AFDF78A4800E04C6F7E24, 'ARA23101940', 'ARADOS CAUCHO TIPO B AZUL CELESTE', 'ARADOS CAUCHO TIPO B AZUL CELESTE', 0x11E7AF8DE9F3C53BA5F700270E383B06, 0x11E7AF8DE9F3C53BA5F700270E383B06, '1.00', '0.00', '0.00', '0.00', '17.50', '0.00000000', '0.00', '0.00', '0.00000000', '0.00', '0.00', '0.00000000', 0x11E7E1D6570F9A40AC8A00E04C6F7E24, '0', '0');
INSERT INTO `inventario_productos` VALUES (0x11E87469671637089BD600270E383B06, '1527583909', 0x11E8676EAD11B2E6BDE500270E383B06, 0x11E87469CF0597879BD600270E383B06, 0x11E7AC1AEC9B3C87A15E00270E383B06, 0x11E7A925F83AFDF78A4800E04C6F7E24, 'ARA23101950', 'ARADOS CAUCHO TIPO B AZUL CELESTE', 'ARADOS CAUCHO TIPO B AZUL CELESTE', 0x11E7AF8DF65CB995A5F700270E383B06, 0x11E7AF8DF65CB995A5F700270E383B06, '1.00', '0.00', '0.00', '0.00', '22.80', '0.00000000', '0.00', '0.00', '0.00000000', '0.00', '0.00', '0.00000000', 0x11E7E1D6570F9A40AC8A00E04C6F7E24, '0', '0');
INSERT INTO `inventario_productos` VALUES (0x11E87469671C7EEB9BD600270E383B06, '1527583964', 0x11E8676EAD11B2E6BDE500270E383B06, 0x11E87469CF0A1AC99BD600270E383B06, 0x11E7AC1AEC9B3C87A15E00270E383B06, 0x11E7A925F83AFDF78A4800E04C6F7E24, 'ARA23102001', 'ARADOS CAUCHO TIPO B VERDE MOHO (OLIVO)', 'ARADOS CAUCHO TIPO B VERDE MOHO (OLIVO)', 0x11E7AF8DDC5D706EA5F700270E383B06, 0x11E7AF8DDC5D706EA5F700270E383B06, '1.00', '0.00', '0.00', '0.00', '5.00', '0.00000000', '0.00', '0.00', '0.00000000', '0.00', '0.00', '0.00000000', 0x11E7E1D6570F9A40AC8A00E04C6F7E24, '0', '0');
INSERT INTO `inventario_productos` VALUES (0x11E874696723283E9BD600270E383B06, '1527584002', 0x11E8676EAD11B2E6BDE500270E383B06, 0x11E87469CF0F1BAB9BD600270E383B06, 0x11E7AC1AEC9B3C87A15E00270E383B06, 0x11E7A925F83AFDF78A4800E04C6F7E24, 'ARA23102040', 'ARADOS CAUCHO TIPO B VERDE MOHO (OLIVO)', 'ARADOS CAUCHO TIPO B VERDE MOHO (OLIVO)', 0x11E7AF8DE9F3C53BA5F700270E383B06, 0x11E7AF8DE9F3C53BA5F700270E383B06, '1.00', '0.00', '0.00', '0.00', '19.00', '0.00000000', '0.00', '0.00', '0.00000000', '0.00', '0.00', '0.00000000', 0x11E7E1D6570F9A40AC8A00E04C6F7E24, '0', '0');
INSERT INTO `inventario_productos` VALUES (0x11E874696729FD5A9BD600270E383B06, '1527584040', 0x11E8676EAD11B2E6BDE500270E383B06, 0x11E87469CF12E4949BD600270E383B06, 0x11E7AC1AEC9B3C87A15E00270E383B06, 0x11E7A925F83AFDF78A4800E04C6F7E24, 'ARA23102050', 'ARADOS CAUCHO TIPO B VERDE MOHO (OLIVO)', 'ARADOS CAUCHO TIPO B VERDE MOHO (OLIVO)', 0x11E7AF8DF65CB995A5F700270E383B06, 0x11E7AF8DF65CB995A5F700270E383B06, '1.00', '0.00', '0.00', '0.00', '24.00', '0.00000000', '0.00', '0.00', '0.00000000', '0.00', '0.00', '0.00000000', 0x11E7E1D6570F9A40AC8A00E04C6F7E24, '0', '0');
INSERT INTO `inventario_productos` VALUES (0x11E87469672EA2D39BD600270E383B06, '1527584109', 0x11E8676EAD11B2E6BDE500270E383B06, 0x11E87469CF15713D9BD600270E383B06, 0x11E7AC1AEC9B3C87A15E00270E383B06, 0x11E7A925F83AFDF78A4800E04C6F7E24, 'ARA23102101', 'ARADOS CAUCHO TIPO B VERDE CASCADA', 'ARADOS CAUCHO TIPO B VERDE CASCADA', 0x11E7AF8DDC5D706EA5F700270E383B06, 0x11E7AF8DDC5D706EA5F700270E383B06, '1.00', '0.00', '0.00', '0.00', '4.80', '0.00000000', '0.00', '0.00', '0.00000000', '0.00', '0.00', '0.00000000', 0x11E7E1D6570F9A40AC8A00E04C6F7E24, '0', '0');
INSERT INTO `inventario_productos` VALUES (0x11E874696734A4A09BD600270E383B06, '1527584140', 0x11E8676EAD11B2E6BDE500270E383B06, 0x11E87469CF193DDD9BD600270E383B06, 0x11E7AC1AEC9B3C87A15E00270E383B06, 0x11E7A925F83AFDF78A4800E04C6F7E24, 'ARA23102140', 'ARADOS CAUCHO TIPO B VERDE CASCADA', 'ARADOS CAUCHO TIPO B VERDE CASCADA', 0x11E7AF8DE9F3C53BA5F700270E383B06, 0x11E7AF8DE9F3C53BA5F700270E383B06, '1.00', '0.00', '0.00', '0.00', '18.00', '0.00000000', '0.00', '0.00', '0.00000000', '0.00', '0.00', '0.00000000', 0x11E7E1D6570F9A40AC8A00E04C6F7E24, '0', '0');
INSERT INTO `inventario_productos` VALUES (0x11E87469673B17A09BD600270E383B06, '1527584178', 0x11E8676EAD11B2E6BDE500270E383B06, 0x11E87469CF1BD66D9BD600270E383B06, 0x11E7AC1AEC9B3C87A15E00270E383B06, 0x11E7A925F83AFDF78A4800E04C6F7E24, 'ARA23102150', 'ARADOS CAUCHO TIPO B VERDE CASCADA', 'ARADOS CAUCHO TIPO B VERDE CASCADA', 0x11E7AF8DF65CB995A5F700270E383B06, 0x11E7AF8DF65CB995A5F700270E383B06, '1.00', '0.00', '0.00', '0.00', '22.80', '0.00000000', '0.00', '0.00', '0.00000000', '0.00', '0.00', '0.00000000', 0x11E7E1D6570F9A40AC8A00E04C6F7E24, '0', '0');
INSERT INTO `inventario_productos` VALUES (0x11E8746967415BFF9BD600270E383B06, '1527584224', 0x11E8676EAD11B2E6BDE500270E383B06, 0x11E87469CF224C4F9BD600270E383B06, 0x11E7AC1AEC9B3C87A15E00270E383B06, 0x11E7A925F83AFDF78A4800E04C6F7E24, 'ARA23102201', 'ARADOS CAUCHO TIPO B VERDE BEBE', 'ARADOS CAUCHO TIPO B VERDE BEBE', 0x11E7AF8DDC5D706EA5F700270E383B06, 0x11E7AF8DDC5D706EA5F700270E383B06, '1.00', '0.00', '0.00', '0.00', '4.80', '0.00000000', '0.00', '0.00', '0.00000000', '0.00', '0.00', '0.00000000', 0x11E7E1D6570F9A40AC8A00E04C6F7E24, '0', '0');
INSERT INTO `inventario_productos` VALUES (0x11E874696747D9069BD600270E383B06, '1527584257', 0x11E8676EAD11B2E6BDE500270E383B06, 0x11E87469CF25E23C9BD600270E383B06, 0x11E7AC1AEC9B3C87A15E00270E383B06, 0x11E7A925F83AFDF78A4800E04C6F7E24, 'ARA23102240', 'ARADOS CAUCHO TIPO B VERDE BEBE', 'ARADOS CAUCHO TIPO B VERDE BEBE', 0x11E7AF8DE9F3C53BA5F700270E383B06, 0x11E7AF8DE9F3C53BA5F700270E383B06, '1.00', '0.00', '0.00', '0.00', '17.00', '0.00000000', '0.00', '0.00', '0.00000000', '0.00', '0.00', '0.00000000', 0x11E7E1D6570F9A40AC8A00E04C6F7E24, '0', '0');
INSERT INTO `inventario_productos` VALUES (0x11E87469674A9FBA9BD600270E383B06, '1527584289', 0x11E8676EAD11B2E6BDE500270E383B06, 0x11E87469CF2891D69BD600270E383B06, 0x11E7AC1AEC9B3C87A15E00270E383B06, 0x11E7A925F83AFDF78A4800E04C6F7E24, 'ARA23102250', 'ARADOS CAUCHO TIPO B VERDE BEBE', 'ARADOS CAUCHO TIPO B VERDE BEBE', 0x11E7AF8DF65CB995A5F700270E383B06, 0x11E7AF8DF65CB995A5F700270E383B06, '1.00', '0.00', '0.00', '0.00', '21.80', '0.00000000', '0.00', '0.00', '0.00000000', '0.00', '0.00', '0.00000000', 0x11E7E1D6570F9A40AC8A00E04C6F7E24, '0', '0');
INSERT INTO `inventario_productos` VALUES (0x11E874696750B16A9BD600270E383B06, '1527584336', 0x11E8676EAD11B2E6BDE500270E383B06, 0x11E87469CF2C3FF29BD600270E383B06, 0x11E7AC1AEC9B3C87A15E00270E383B06, 0x11E7A925F83AFDF78A4800E04C6F7E24, 'ARA23102301', 'ARADOS CAUCHO TIPO B LILA', 'ARADOS CAUCHO TIPO B LILA', 0x11E7AF8DDC5D706EA5F700270E383B06, 0x11E7AF8DDC5D706EA5F700270E383B06, '1.00', '0.00', '0.00', '0.00', '5.00', '0.00000000', '0.00', '0.00', '0.00000000', '0.00', '0.00', '0.00000000', 0x11E7E1D6570F9A40AC8A00E04C6F7E24, '0', '0');
INSERT INTO `inventario_productos` VALUES (0x11E874696756102A9BD600270E383B06, '1527584379', 0x11E8676EAD11B2E6BDE500270E383B06, 0x11E87469CF2EEDB29BD600270E383B06, 0x11E7AC1AEC9B3C87A15E00270E383B06, 0x11E7A925F83AFDF78A4800E04C6F7E24, 'ARA231023', 'ARADOS CAUCHO TIPO B LILA', 'ARADOS CAUCHO TIPO B LILA', 0x11E7AF8DE9F3C53BA5F700270E383B06, 0x11E7AF8DE9F3C53BA5F700270E383B06, '1.00', '0.00', '0.00', '0.00', '19.00', '0.00000000', '0.00', '0.00', '0.00000000', '0.00', '0.00', '0.00000000', 0x11E7E1D6570F9A40AC8A00E04C6F7E24, '0', '0');
INSERT INTO `inventario_productos` VALUES (0x11E87469675989949BD600270E383B06, '1527584416', 0x11E8676EAD11B2E6BDE500270E383B06, 0x11E87469CF3157929BD600270E383B06, 0x11E7AC1AEC9B3C87A15E00270E383B06, 0x11E7A925F83AFDF78A4800E04C6F7E24, 'ARA23102350', 'ARADOS CAUCHO TIPO B LILA', 'ARADOS CAUCHO TIPO B LILA', 0x11E7AF8DF65CB995A5F700270E383B06, 0x11E7AF8DF65CB995A5F700270E383B06, '1.00', '0.00', '0.00', '0.00', '24.00', '0.00000000', '0.00', '0.00', '0.00000000', '0.00', '0.00', '0.00000000', 0x11E7E1D6570F9A40AC8A00E04C6F7E24, '0', '0');
INSERT INTO `inventario_productos` VALUES (0x11E87469676029519BD600270E383B06, '1527584533', 0x11E8676EAD11B2E6BDE500270E383B06, 0x11E87469CF3405059BD600270E383B06, 0x11E7AC1AEC9B3C87A15E00270E383B06, 0x11E7A925F83AFDF78A4800E04C6F7E24, 'ARA23101101', 'ARADOS CAUCHO TIPO B CHOCOLATE', 'ARADOS CAUCHO TIPO B CHOCOLATE', 0x11E7AF8DDC5D706EA5F700270E383B06, 0x11E7AF8DDC5D706EA5F700270E383B06, '1.00', '0.00', '0.00', '0.00', '4.20', '0.00000000', '0.00', '0.00', '0.00000000', '0.00', '0.00', '0.00000000', 0x11E7E1D6570F9A40AC8A00E04C6F7E24, '0', '0');
INSERT INTO `inventario_productos` VALUES (0x11E87469676542719BD600270E383B06, '1527584577', 0x11E8676EAD11B2E6BDE500270E383B06, 0x11E87469CF366F669BD600270E383B06, 0x11E7AC1AEC9B3C87A15E00270E383B06, 0x11E7A925F83AFDF78A4800E04C6F7E24, 'ARA23101140', 'ARADOS CAUCHO TIPO B CHOCOLATE', 'ARADOS CAUCHO TIPO B CHOCOLATE', 0x11E7AF8DE9F3C53BA5F700270E383B06, 0x11E7AF8DE9F3C53BA5F700270E383B06, '1.00', '0.00', '0.00', '0.00', '16.20', '0.00000000', '0.00', '0.00', '0.00000000', '0.00', '0.00', '0.00000000', 0x11E7E1D6570F9A40AC8A00E04C6F7E24, '0', '0');
INSERT INTO `inventario_productos` VALUES (0x11E874696768BA989BD600270E383B06, '1527584612', 0x11E8676EAD11B2E6BDE500270E383B06, 0x11E87469CF391E2C9BD600270E383B06, 0x11E7AC1AEC9B3C87A15E00270E383B06, 0x11E7A925F83AFDF78A4800E04C6F7E24, 'ARA23101150', 'ARADOS CAUCHO TIPO B CHOCOLATE', 'ARADOS CAUCHO TIPO B CHOCOLATE', 0x11E7AF8DF65CB995A5F700270E383B06, 0x11E7AF8DF65CB995A5F700270E383B06, '1.00', '0.00', '0.00', '0.00', '20.50', '0.00000000', '0.00', '0.00', '0.00000000', '0.00', '0.00', '0.00000000', 0x11E7E1D6570F9A40AC8A00E04C6F7E24, '0', '0');
INSERT INTO `inventario_productos` VALUES (0x11E87469676B9C789BD600270E383B06, '1527584657', 0x11E8676EAD11B2E6BDE500270E383B06, 0x11E87469CF3B96A69BD600270E383B06, 0x11E7AC1AEC9B3C87A15E00270E383B06, 0x11E7A925F83AFDF78A4800E04C6F7E24, 'ARA23101201', 'ARADOS CAUCHO TIPO B CHOCOLATE', 'ARADOS CAUCHO TIPO B CHOCOLATE', 0x11E7AF8DDC5D706EA5F700270E383B06, 0x11E7AF8DDC5D706EA5F700270E383B06, '1.00', '0.00', '0.00', '0.00', '4.20', '0.00000000', '0.00', '0.00', '0.00000000', '0.00', '0.00', '0.00000000', 0x11E7E1D6570F9A40AC8A00E04C6F7E24, '0', '0');
INSERT INTO `inventario_productos` VALUES (0x11E874696770B81F9BD600270E383B06, '1527584696', 0x11E8676EAD11B2E6BDE500270E383B06, 0x11E87469CF40EBF29BD600270E383B06, 0x11E7AC1AEC9B3C87A15E00270E383B06, 0x11E7A925F83AFDF78A4800E04C6F7E24, 'ARA23101240', 'ARADOS CAUCHO TIPO B CANELA', 'ARADOS CAUCHO TIPO B CANELA', 0x11E7AF8DE9F3C53BA5F700270E383B06, 0x11E7AF8DE9F3C53BA5F700270E383B06, '1.00', '0.00', '0.00', '0.00', '16.20', '0.00000000', '0.00', '0.00', '0.00000000', '0.00', '0.00', '0.00000000', 0x11E7E1D6570F9A40AC8A00E04C6F7E24, '0', '0');
INSERT INTO `inventario_productos` VALUES (0x11E87469677444269BD600270E383B06, '1527584734', 0x11E8676EAD11B2E6BDE500270E383B06, 0x11E87469CF4478039BD600270E383B06, 0x11E7AC1AEC9B3C87A15E00270E383B06, 0x11E7A925F83AFDF78A4800E04C6F7E24, 'ARA23101250', 'ARADOS CAUCHO TIPO B CANELA', 'ARADOS CAUCHO TIPO B CANELA', 0x11E7AF8DF65CB995A5F700270E383B06, 0x11E7AF8DF65CB995A5F700270E383B06, '1.00', '0.00', '0.00', '0.00', '20.50', '0.00000000', '0.00', '0.00', '0.00000000', '0.00', '0.00', '0.00000000', 0x11E7E1D6570F9A40AC8A00E04C6F7E24, '0', '0');
INSERT INTO `inventario_productos` VALUES (0x11E87469677710029BD600270E383B06, '1527584800', 0x11E8676EAD11B2E6BDE500270E383B06, 0x11E87469CF483CDD9BD600270E383B06, 0x11E7AC1AEC9B3C87A15E00270E383B06, 0x11E7A925F83AFDF78A4800E04C6F7E24, 'ARA23101201', 'ARADOS CAUCHO TIPO B CANELA', 'ARADOS CAUCHO TIPO B CANELA', 0x11E7AF8DDC5D706EA5F700270E383B06, 0x11E7AF8DDC5D706EA5F700270E383B06, '1.00', '0.00', '0.00', '0.00', '4.20', '0.00000000', '0.00', '0.00', '0.00000000', '0.00', '0.00', '0.00000000', 0x11E7E1D6570F9A40AC8A00E04C6F7E24, '0', '0');
INSERT INTO `inventario_productos` VALUES (0x11E87469677A9EDD9BD600270E383B06, '1527585668', 0x11E8676EAD11B2E6BDE500270E383B06, 0x11E87469CF4AD5C59BD600270E383B06, 0x11E7AC1AEC9B3C87A15E00270E383B06, 0x11E852979C441E2BA72800270E383B06, 'VER13100140', 'VERONA CAUCHO EXTERIOR BLANCO', 'VERONA CAUCHO EXTERIOR BLANCO', 0x11E7AF8DE9F3C53BA5F700270E383B06, 0x11E7AF8DE9F3C53BA5F700270E383B06, '1.00', '0.00', '0.00', '0.00', '35.00', '0.00000000', '0.00', '0.00', '0.00000000', '0.00', '0.00', '0.00000000', 0x11E7E1D6570F9A40AC8A00E04C6F7E24, '0', '0');
INSERT INTO `inventario_productos` VALUES (0x11E87469678203869BD600270E383B06, '1527585744', 0x11E8676EAD11B2E6BDE500270E383B06, 0x11E87469CF4E99B59BD600270E383B06, 0x11E7AC1AEC9B3C87A15E00270E383B06, 0x11E852979C441E2BA72800270E383B06, 'VER13100640', 'VERONA CAUCHO EXTERIOR BEIGE', 'VERONA CAUCHO EXTERIOR BEIGE', 0x11E7AF8DE9F3C53BA5F700270E383B06, 0x11E7AF8DE9F3C53BA5F700270E383B06, '1.00', '0.00', '0.00', '0.00', '32.00', '0.00000000', '0.00', '0.00', '0.00000000', '0.00', '0.00', '0.00000000', 0x11E7E1D6570F9A40AC8A00E04C6F7E24, '0', '0');
INSERT INTO `inventario_productos` VALUES (0x11E874696799391D9BD600270E383B06, '1527585843', 0x11E8676EAD11B2E6BDE500270E383B06, 0x11E87469CF5130A49BD600270E383B06, 0x11E7AC1AEC9B3C87A15E00270E383B06, 0x11E852979C441E2BA72800270E383B06, 'VER13100440', 'VERONA CAUCHO EXTERIOR BLANCO OSTRA', 'VERONA CAUCHO EXTERIOR BLANCO OSTRA', 0x11E7AF8DE9F3C53BA5F700270E383B06, 0x11E7AF8DE9F3C53BA5F700270E383B06, '1.00', '0.00', '0.00', '0.00', '32.00', '0.00000000', '0.00', '0.00', '0.00000000', '0.00', '0.00', '0.00000000', 0x11E7E1D6570F9A40AC8A00E04C6F7E24, '0', '0');
INSERT INTO `inventario_productos` VALUES (0x11E8746967B00E479BD600270E383B06, '1527585923', 0x11E8676EAD11B2E6BDE500270E383B06, 0x11E87469CF54F7059BD600270E383B06, 0x11E7AC1AEC9B3C87A15E00270E383B06, 0x11E852979C441E2BA72800270E383B06, 'VER13100240', 'VERONA CAUCHO EXTERIOR GRIS CEMENTO', 'VERONA CAUCHO EXTERIOR GRIS CEMENTO', 0x11E7AF8DE9F3C53BA5F700270E383B06, 0x11E7AF8DE9F3C53BA5F700270E383B06, '1.00', '0.00', '0.00', '0.00', '32.00', '0.00000000', '0.00', '0.00', '0.00000000', '0.00', '0.00', '0.00000000', 0x11E7E1D6570F9A40AC8A00E04C6F7E24, '0', '0');
INSERT INTO `inventario_productos` VALUES (0x11E8746967B94E529BD600270E383B06, '1527586015', 0x11E8676EAD11B2E6BDE500270E383B06, 0x11E87469CF578B489BD600270E383B06, 0x11E7AC1AEC9B3C87A15E00270E383B06, 0x11E852979C441E2BA72800270E383B06, 'VER13100340', 'VERONA CAUCHO EXTERIOR GRIS CLARO', 'VERONA CAUCHO EXTERIOR GRIS CLARO', 0x11E7AF8DE9F3C53BA5F700270E383B06, 0x11E7AF8DE9F3C53BA5F700270E383B06, '1.00', '0.00', '0.00', '0.00', '32.00', '0.00000000', '0.00', '0.00', '0.00000000', '0.00', '0.00', '0.00000000', 0x11E7E1D6570F9A40AC8A00E04C6F7E24, '0', '0');
INSERT INTO `inventario_productos` VALUES (0x11E8746967C1D9799BD600270E383B06, '1527586103', 0x11E8676EAD11B2E6BDE500270E383B06, 0x11E87469CF61D7559BD600270E383B06, 0x11E7AC1AEC9B3C87A15E00270E383B06, 0x11E852979C441E2BA72800270E383B06, 'VER13100540', 'VERONA CAUCHO EXTERIOR MARFIL', 'VERONA CAUCHO EXTERIOR MARFIL', 0x11E7AF8DE9F3C53BA5F700270E383B06, 0x11E7AF8DE9F3C53BA5F700270E383B06, '1.00', '0.00', '0.00', '0.00', '8.00', '0.00000000', '0.00', '0.00', '0.00000000', '0.00', '0.00', '0.00000000', 0x11E7E1D6570F9A40AC8A00E04C6F7E24, '0', '0');
INSERT INTO `inventario_productos` VALUES (0x11E8746967C98FD19BD600270E383B06, '1527586323', 0x11E8676EAD11B2E6BDE500270E383B06, 0x11E87469CF7759269BD600270E383B06, 0x11E7AC1AEC9B3C87A15E00270E383B06, 0x11E852979C441E2BA72800270E383B06, 'VER131026', 'VERONA CAUCHO EXTERIOR BEIGE OSCURO', 'VERONA CAUCHO EXTERIOR BEIGE OSCURO', 0x11E7AF8DDC5D706EA5F700270E383B06, 0x11E7AF8DDC5D706EA5F700270E383B06, '1.00', '0.00', '0.00', '0.00', '8.00', '0.00000000', '0.00', '0.00', '0.00000000', '0.00', '0.00', '0.00000000', 0x11E7E1D6570F9A40AC8A00E04C6F7E24, '0', '0');
INSERT INTO `inventario_productos` VALUES (0x11E8746967CC4E979BD600270E383B06, '1527586363', 0x11E8676EAD11B2E6BDE500270E383B06, 0x11E87469CF7DA5949BD600270E383B06, 0x11E7AC1AEC9B3C87A15E00270E383B06, 0x11E852979C441E2BA72800270E383B06, 'VER13102640', 'VERONA CAUCHO EXTERIOR BEIGE OSCURO', 'VERONA CAUCHO EXTERIOR BEIGE OSCURO', 0x11E7AF8DE9F3C53BA5F700270E383B06, 0x11E7AF8DE9F3C53BA5F700270E383B06, '1.00', '0.00', '0.00', '0.00', '32.00', '0.00000000', '0.00', '0.00', '0.00000000', '0.00', '0.00', '0.00000000', 0x11E7E1D6570F9A40AC8A00E04C6F7E24, '0', '0');
INSERT INTO `inventario_productos` VALUES (0x11E8746967D2AE349BD600270E383B06, '1527586471', 0x11E8676EAD11B2E6BDE500270E383B06, 0x11E87469CF892EF99BD600270E383B06, 0x11E7AC1AEC9B3C87A15E00270E383B06, 0x11E852979C441E2BA72800270E383B06, 'VER13100701', 'VERONA CAUCHO EXTERIOR MOSTAZA CLARO', 'VERONA CAUCHO EXTERIOR MOSTAZA CLARO', 0x11E7AF8DDC5D706EA5F700270E383B06, 0x11E7AF8DDC5D706EA5F700270E383B06, '1.00', '0.00', '0.00', '0.00', '8.00', '0.00000000', '0.00', '0.00', '0.00000000', '0.00', '0.00', '0.00000000', 0x11E7E1D6570F9A40AC8A00E04C6F7E24, '0', '0');
INSERT INTO `inventario_productos` VALUES (0x11E8746967D9F2199BD600270E383B06, '1527586512', 0x11E8676EAD11B2E6BDE500270E383B06, 0x11E87469CF948B219BD600270E383B06, 0x11E7AC1AEC9B3C87A15E00270E383B06, 0x11E852979C441E2BA72800270E383B06, 'VER13100740', 'VERONA CAUCHO EXTERIOR MOSTAZA CLARO', 'VERONA CAUCHO EXTERIOR MOSTAZA CLARO', 0x11E7AF8DE9F3C53BA5F700270E383B06, 0x11E7AF8DE9F3C53BA5F700270E383B06, '1.00', '0.00', '0.00', '0.00', '32.00', '0.00000000', '0.00', '0.00', '0.00000000', '0.00', '0.00', '0.00000000', 0x11E7E1D6570F9A40AC8A00E04C6F7E24, '0', '0');
INSERT INTO `inventario_productos` VALUES (0x11E8746967E0B2649BD600270E383B06, '1527586575', 0x11E8676EAD11B2E6BDE500270E383B06, 0x11E87469CF9736B89BD600270E383B06, 0x11E7AC1AEC9B3C87A15E00270E383B06, 0x11E852979C441E2BA72800270E383B06, 'VER13100801', 'VERONA CAUCHO EXTERIOR MOSTAZA OSCURO', 'VERONA CAUCHO EXTERIOR MOSTAZA OSCURO', 0x11E7AF8DDC5D706EA5F700270E383B06, 0x11E7AF8DDC5D706EA5F700270E383B06, '1.00', '0.00', '0.00', '0.00', '8.00', '0.00000000', '0.00', '0.00', '0.00000000', '0.00', '0.00', '0.00000000', 0x11E7E1D6570F9A40AC8A00E04C6F7E24, '0', '0');
INSERT INTO `inventario_productos` VALUES (0x11E8746967EB17579BD600270E383B06, '1527586622', 0x11E8676EAD11B2E6BDE500270E383B06, 0x11E87469CF999D279BD600270E383B06, 0x11E7AC1AEC9B3C87A15E00270E383B06, 0x11E852979C441E2BA72800270E383B06, 'VER13100840', 'VERONA CAUCHO EXTERIOR MOSTAZA OSCURO', 'VERONA CAUCHO EXTERIOR MOSTAZA OSCURO', 0x11E7AF8DE9F3C53BA5F700270E383B06, 0x11E7AF8DE9F3C53BA5F700270E383B06, '1.00', '0.00', '0.00', '0.00', '32.00', '0.00000000', '0.00', '0.00', '0.00000000', '0.00', '0.00', '0.00000000', 0x11E7E1D6570F9A40AC8A00E04C6F7E24, '0', '0');
INSERT INTO `inventario_productos` VALUES (0x11E8746967F350659BD600270E383B06, '1527586683', 0x11E8676EAD11B2E6BDE500270E383B06, 0x11E87469CF9C56309BD600270E383B06, 0x11E7AC1AEC9B3C87A15E00270E383B06, 0x11E852979C441E2BA72800270E383B06, 'VER13100901', 'VERONA CAUCHO EXTERIOR LADRILLO', 'VERONA CAUCHO EXTERIOR LADRILLO', 0x11E7AF8DDC5D706EA5F700270E383B06, 0x11E7AF8DDC5D706EA5F700270E383B06, '1.00', '0.00', '0.00', '0.00', '8.00', '0.00000000', '0.00', '0.00', '0.00000000', '0.00', '0.00', '0.00000000', 0x11E7E1D6570F9A40AC8A00E04C6F7E24, '0', '0');
INSERT INTO `inventario_productos` VALUES (0x11E8746967F884E49BD600270E383B06, '1527586728', 0x11E8676EAD11B2E6BDE500270E383B06, 0x11E87469CF9EBEA39BD600270E383B06, 0x11E7AC1AEC9B3C87A15E00270E383B06, 0x11E852979C441E2BA72800270E383B06, 'VER13100940', 'VERONA CAUCHO EXTERIOR LADRILLO', 'VERONA CAUCHO EXTERIOR LADRILLO', 0x11E7AF8DE9F3C53BA5F700270E383B06, 0x11E7AF8DE9F3C53BA5F700270E383B06, '1.00', '0.00', '0.00', '0.00', '32.00', '0.00000000', '0.00', '0.00', '0.00000000', '0.00', '0.00', '0.00000000', 0x11E7E1D6570F9A40AC8A00E04C6F7E24, '0', '0');
INSERT INTO `inventario_productos` VALUES (0x11E874696801BFBC9BD600270E383B06, '1527586791', 0x11E8676EAD11B2E6BDE500270E383B06, 0x11E87469CFA165509BD600270E383B06, 0x11E7AC1AEC9B3C87A15E00270E383B06, 0x11E852979C441E2BA72800270E383B06, 'VER13102401', 'VERONA CAUCHO EXTERIOR VINO', 'VERONA CAUCHO EXTERIOR VINO', 0x11E7AF8DDC5D706EA5F700270E383B06, 0x11E7AF8DDC5D706EA5F700270E383B06, '1.00', '0.00', '0.00', '0.00', '8.00', '0.00000000', '0.00', '0.00', '0.00000000', '0.00', '0.00', '0.00000000', 0x11E7E1D6570F9A40AC8A00E04C6F7E24, '0', '0');
INSERT INTO `inventario_productos` VALUES (0x11E874696806D74D9BD600270E383B06, '1527586828', 0x11E8676EAD11B2E6BDE500270E383B06, 0x11E87469CFA5AEDC9BD600270E383B06, 0x11E7AC1AEC9B3C87A15E00270E383B06, 0x11E852979C441E2BA72800270E383B06, 'VER13102440', 'VERONA CAUCHO EXTERIOR VINO', 'VERONA CAUCHO EXTERIOR VINO', 0x11E7AF8DE9F3C53BA5F700270E383B06, 0x11E7AF8DE9F3C53BA5F700270E383B06, '1.00', '0.00', '0.00', '0.00', '32.00', '0.00000000', '0.00', '0.00', '0.00000000', '0.00', '0.00', '0.00000000', 0x11E7E1D6570F9A40AC8A00E04C6F7E24, '0', '0');
INSERT INTO `inventario_productos` VALUES (0x11E87469680CB9109BD600270E383B06, '1527586910', 0x11E8676EAD11B2E6BDE500270E383B06, 0x11E87469CFAA5B0B9BD600270E383B06, 0x11E7AC1AEC9B3C87A15E00270E383B06, 0x11E852979C441E2BA72800270E383B06, 'VER131027', 'VERONA CAUCHO EXTERIOR FUCSIA OSCURO', 'VERONA CAUCHO EXTERIOR FUCSIA OSCURO', 0x11E7AF8DDC5D706EA5F700270E383B06, 0x11E7AF8DDC5D706EA5F700270E383B06, '1.00', '0.00', '0.00', '0.00', '8.50', '0.00000000', '0.00', '0.00', '0.00000000', '0.00', '0.00', '0.00000000', 0x11E7E1D6570F9A40AC8A00E04C6F7E24, '0', '0');
INSERT INTO `inventario_productos` VALUES (0x11E87469680FB2A39BD600270E383B06, '1527586942', 0x11E8676EAD11B2E6BDE500270E383B06, 0x11E87469CFB09ABB9BD600270E383B06, 0x11E7AC1AEC9B3C87A15E00270E383B06, 0x11E852979C441E2BA72800270E383B06, 'VER13102740', 'VERONA CAUCHO EXTERIOR FUCSIA OSCURO', 'VERONA CAUCHO EXTERIOR FUCSIA OSCURO', 0x11E7AF8DE9F3C53BA5F700270E383B06, 0x11E7AF8DE9F3C53BA5F700270E383B06, '1.00', '0.00', '0.00', '0.00', '35.00', '0.00000000', '0.00', '0.00', '0.00000000', '0.00', '0.00', '0.00000000', 0x11E7E1D6570F9A40AC8A00E04C6F7E24, '0', '0');
INSERT INTO `inventario_productos` VALUES (0x11E8746968160D779BD600270E383B06, '1527587036', 0x11E8676EAD11B2E6BDE500270E383B06, 0x11E87469CFB5BFD49BD600270E383B06, 0x11E7AC1AEC9B3C87A15E00270E383B06, 0x11E852979C441E2BA72800270E383B06, 'VER13102801', 'VERONA CAUCHO EXTERIOR ROJO CEREZA', 'VERONA CAUCHO EXTERIOR ROJO CEREZA', 0x11E7AF8DDC5D706EA5F700270E383B06, 0x11E7AF8DDC5D706EA5F700270E383B06, '1.00', '0.00', '0.00', '0.00', '9.20', '0.00000000', '0.00', '0.00', '0.00000000', '0.00', '0.00', '0.00000000', 0x11E7E1D6570F9A40AC8A00E04C6F7E24, '0', '0');
INSERT INTO `inventario_productos` VALUES (0x11E87469683E77F89BD600270E383B06, '1527587074', 0x11E8676EAD11B2E6BDE500270E383B06, 0x11E87469CFB826439BD600270E383B06, 0x11E7AC1AEC9B3C87A15E00270E383B06, 0x11E852979C441E2BA72800270E383B06, 'VER13102840', 'VERONA CAUCHO EXTERIOR ROJO CEREZA', 'VERONA CAUCHO EXTERIOR ROJO CEREZA', 0x11E7AF8DE9F3C53BA5F700270E383B06, 0x11E7AF8DE9F3C53BA5F700270E383B06, '1.00', '0.00', '0.00', '0.00', '38.00', '0.00000000', '0.00', '0.00', '0.00000000', '0.00', '0.00', '0.00000000', 0x11E7E1D6570F9A40AC8A00E04C6F7E24, '0', '0');
INSERT INTO `inventario_productos` VALUES (0x11E87469684745C69BD600270E383B06, '1527587170', 0x11E8676EAD11B2E6BDE500270E383B06, 0x11E87469CFBAD5699BD600270E383B06, 0x11E7AC1AEC9B3C87A15E00270E383B06, 0x11E852979C441E2BA72800270E383B06, 'VER13102901', 'VERONA CAUCHO EXTERIOR FUCSIA CLARO', 'VERONA CAUCHO EXTERIOR FUCSIA CLARO', 0x11E7AF8DDC5D706EA5F700270E383B06, 0x11E7AF8DDC5D706EA5F700270E383B06, '1.00', '0.00', '0.00', '0.00', '8.50', '0.00000000', '0.00', '0.00', '0.00000000', '0.00', '0.00', '0.00000000', 0x11E7E1D6570F9A40AC8A00E04C6F7E24, '0', '0');
INSERT INTO `inventario_productos` VALUES (0x11E87469687E09EF9BD600270E383B06, '1527587204', 0x11E8676EAD11B2E6BDE500270E383B06, 0x11E87469CFBD3A589BD600270E383B06, 0x11E7AC1AEC9B3C87A15E00270E383B06, 0x11E852979C441E2BA72800270E383B06, 'VER13102940', 'VERONA CAUCHO EXTERIOR FUCSIA CLARO', 'VERONA CAUCHO EXTERIOR FUCSIA CLARO', 0x11E7AF8DE9F3C53BA5F700270E383B06, 0x11E7AF8DE9F3C53BA5F700270E383B06, '1.00', '0.00', '0.00', '0.00', '35.00', '0.00000000', '0.00', '0.00', '0.00000000', '0.00', '0.00', '0.00000000', 0x11E7E1D6570F9A40AC8A00E04C6F7E24, '0', '0');
INSERT INTO `inventario_productos` VALUES (0x11E87469688BEDD69BD600270E383B06, '1527587289', 0x11E8676EAD11B2E6BDE500270E383B06, 0x11E87469CFBFEB6B9BD600270E383B06, 0x11E7AC1AEC9B3C87A15E00270E383B06, 0x11E852979C441E2BA72800270E383B06, 'VER13101401', 'VERONA CAUCHO EXTERIOR ROSA CLARO', 'VERONA CAUCHO EXTERIOR ROSA CLARO', 0x11E7AF8DDC5D706EA5F700270E383B06, 0x11E7AF8DDC5D706EA5F700270E383B06, '1.00', '0.00', '0.00', '0.00', '8.50', '0.00000000', '0.00', '0.00', '0.00000000', '0.00', '0.00', '0.00000000', 0x11E7E1D6570F9A40AC8A00E04C6F7E24, '0', '0');
INSERT INTO `inventario_productos` VALUES (0x11E874696891685F9BD600270E383B06, '1527587326', 0x11E8676EAD11B2E6BDE500270E383B06, 0x11E87469CFC252809BD600270E383B06, 0x11E7AC1AEC9B3C87A15E00270E383B06, 0x11E852979C441E2BA72800270E383B06, 'VER13101440', 'VERONA CAUCHO EXTERIOR ROSA CLARO', 'VERONA CAUCHO EXTERIOR ROSA CLARO', 0x11E7AF8DE9F3C53BA5F700270E383B06, 0x11E7AF8DE9F3C53BA5F700270E383B06, '1.00', '0.00', '0.00', '0.00', '35.00', '0.00000000', '0.00', '0.00', '0.00000000', '0.00', '0.00', '0.00000000', 0x11E7E1D6570F9A40AC8A00E04C6F7E24, '0', '0');
INSERT INTO `inventario_productos` VALUES (0x11E874696894CE929BD600270E383B06, '1527587366', 0x11E8676EAD11B2E6BDE500270E383B06, 0x11E87469CFC506BB9BD600270E383B06, 0x11E7AC1AEC9B3C87A15E00270E383B06, 0x11E852979C441E2BA72800270E383B06, 'VER13101501', 'VERONA CAUCHO EXTERIOR ROSA BEBE', 'VERONA CAUCHO EXTERIOR ROSA BEBE', 0x11E7AF8DDC5D706EA5F700270E383B06, 0x11E7AF8DDC5D706EA5F700270E383B06, '1.00', '0.00', '0.00', '0.00', '8.50', '0.00000000', '0.00', '0.00', '0.00000000', '0.00', '0.00', '0.00000000', 0x11E7E1D6570F9A40AC8A00E04C6F7E24, '0', '0');
INSERT INTO `inventario_productos` VALUES (0x11E87469689B40209BD600270E383B06, '1527587411', 0x11E8676EAD11B2E6BDE500270E383B06, 0x11E87469CFC76A489BD600270E383B06, 0x11E7AC1AEC9B3C87A15E00270E383B06, 0x11E852979C441E2BA72800270E383B06, 'VER13101540', 'VERONA CAUCHO EXTERIOR ROSA BEBE', 'VERONA CAUCHO EXTERIOR ROSA BEBE', 0x11E7AF8DE9F3C53BA5F700270E383B06, 0x11E7AF8DE9F3C53BA5F700270E383B06, '1.00', '0.00', '0.00', '0.00', '35.00', '0.00000000', '0.00', '0.00', '0.00000000', '0.00', '0.00', '0.00000000', 0x11E7E1D6570F9A40AC8A00E04C6F7E24, '0', '0');
INSERT INTO `inventario_productos` VALUES (0x11E87469689E24DF9BD600270E383B06, '1527587512', 0x11E8676EAD11B2E6BDE500270E383B06, 0x11E87469CFCA19839BD600270E383B06, 0x11E7AC1AEC9B3C87A15E00270E383B06, 0x11E852979C441E2BA72800270E383B06, 'VER13101601', 'VERONA CAUCHO EXTERIOR SALMON', 'VERONA CAUCHO EXTERIOR SALMON', 0x11E7AF8DDC5D706EA5F700270E383B06, 0x11E7AF8DDC5D706EA5F700270E383B06, '1.00', '0.00', '0.00', '0.00', '8.50', '0.00000000', '0.00', '0.00', '0.00000000', '0.00', '0.00', '0.00000000', 0x11E7E1D6570F9A40AC8A00E04C6F7E24, '0', '0');
INSERT INTO `inventario_productos` VALUES (0x11E8746968A19CBA9BD600270E383B06, '1527587545', 0x11E8676EAD11B2E6BDE500270E383B06, 0x11E87469CFCC7F769BD600270E383B06, 0x11E7AC1AEC9B3C87A15E00270E383B06, 0x11E852979C441E2BA72800270E383B06, 'VER13101640', 'VERONA CAUCHO EXTERIOR SALMON', 'VERONA CAUCHO EXTERIOR SALMON', 0x11E7AF8DE9F3C53BA5F700270E383B06, 0x11E7AF8DE9F3C53BA5F700270E383B06, '1.00', '0.00', '0.00', '0.00', '35.00', '0.00000000', '0.00', '0.00', '0.00000000', '0.00', '0.00', '0.00000000', 0x11E7E1D6570F9A40AC8A00E04C6F7E24, '0', '0');
INSERT INTO `inventario_productos` VALUES (0x11E8746968A481C29BD600270E383B06, '1527587589', 0x11E8676EAD11B2E6BDE500270E383B06, 0x11E87469CFCF2CDE9BD600270E383B06, 0x11E7AC1AEC9B3C87A15E00270E383B06, 0x11E852979C441E2BA72800270E383B06, 'VER13101701', 'VERONA CAUCHO EXTERIOR ALBARICOQUE', 'VERONA CAUCHO EXTERIOR ALBARICOQUE', 0x11E7AF8DDC5D706EA5F700270E383B06, 0x11E7AF8DDC5D706EA5F700270E383B06, '1.00', '0.00', '0.00', '0.00', '8.50', '0.00000000', '0.00', '0.00', '0.00000000', '0.00', '0.00', '0.00000000', 0x11E7E1D6570F9A40AC8A00E04C6F7E24, '0', '0');
INSERT INTO `inventario_productos` VALUES (0x11E8746968A7F9FB9BD600270E383B06, '1527587634', 0x11E8676EAD11B2E6BDE500270E383B06, 0x11E87469CFD1980C9BD600270E383B06, 0x11E7AC1AEC9B3C87A15E00270E383B06, 0x11E852979C441E2BA72800270E383B06, 'VER13101740', 'VERONA CAUCHO EXTERIOR ALBARICOQUE', 'VERONA CAUCHO EXTERIOR ALBARICOQUE', 0x11E7AF8DE9F3C53BA5F700270E383B06, 0x11E7AF8DE9F3C53BA5F700270E383B06, '1.00', '0.00', '0.00', '0.00', '35.00', '0.00000000', '0.00', '61250000.00', '0.00000000', '0.00', '61250000.00', '0.00000000', 0x11E7E1D6570F9A40AC8A00E04C6F7E24, '0', '0');
INSERT INTO `inventario_productos` VALUES (0x11E8746968AADEF89BD600270E383B06, '1527587693', 0x11E8676EAD11B2E6BDE500270E383B06, 0x11E87469CFD443409BD600270E383B06, 0x11E7AC1AEC9B3C87A15E00270E383B06, 0x11E852979C441E2BA72800270E383B06, 'VER13101801', 'VERONA CAUCHO EXTERIOR AZUL BEBE', 'VERONA CAUCHO EXTERIOR AZUL BEBE', 0x11E7AF8DDC5D706EA5F700270E383B06, 0x11E7AF8DDC5D706EA5F700270E383B06, '1.00', '0.00', '0.00', '0.00', '8.50', '0.00000000', '0.00', '0.00', '0.00000000', '0.00', '0.00', '0.00000000', 0x11E7E1D6570F9A40AC8A00E04C6F7E24, '0', '0');
INSERT INTO `inventario_productos` VALUES (0x11E8746968AE50AE9BD600270E383B06, '1527587729', 0x11E8676EAD11B2E6BDE500270E383B06, 0x11E87469CFD7EF639BD600270E383B06, 0x11E7AC1AEC9B3C87A15E00270E383B06, 0x11E852979C441E2BA72800270E383B06, 'VER13101840', 'VERONA CAUCHO EXTERIOR AZUL BEBE', 'VERONA CAUCHO EXTERIOR AZUL BEBE', 0x11E7AF8DE9F3C53BA5F700270E383B06, 0x11E7AF8DE9F3C53BA5F700270E383B06, '1.00', '0.00', '0.00', '0.00', '35.00', '0.00000000', '0.00', '0.00', '0.00000000', '0.00', '0.00', '0.00000000', 0x11E7E1D6570F9A40AC8A00E04C6F7E24, '0', '0');
INSERT INTO `inventario_productos` VALUES (0x11E8746968B4989C9BD600270E383B06, '1527587788', 0x11E8676EAD11B2E6BDE500270E383B06, 0x11E87469CFDA9FF39BD600270E383B06, 0x11E7AC1AEC9B3C87A15E00270E383B06, 0x11E852979C441E2BA72800270E383B06, 'VER13103001', 'VERONA CAUCHO EXTERIOR AZUL CIELO', 'VERONA CAUCHO EXTERIOR AZUL CIELO', 0x11E7AF8DDC5D706EA5F700270E383B06, 0x11E7AF8DDC5D706EA5F700270E383B06, '1.00', '0.00', '0.00', '0.00', '8.50', '0.00000000', '0.00', '0.00', '0.00000000', '0.00', '0.00', '0.00000000', 0x11E7E1D6570F9A40AC8A00E04C6F7E24, '0', '0');
INSERT INTO `inventario_productos` VALUES (0x11E8746968BCA8779BD600270E383B06, '1527587829', 0x11E8676EAD11B2E6BDE500270E383B06, 0x11E87469CFDD08339BD600270E383B06, 0x11E7AC1AEC9B3C87A15E00270E383B06, 0x11E852979C441E2BA72800270E383B06, 'VER13103040', 'VERONA CAUCHO EXTERIOR AZUL CIELO', 'VERONA CAUCHO EXTERIOR AZUL CIELO', 0x11E7AF8DE9F3C53BA5F700270E383B06, 0x11E7AF8DE9F3C53BA5F700270E383B06, '1.00', '0.00', '0.00', '0.00', '35.00', '0.00000000', '0.00', '0.00', '0.00000000', '0.00', '0.00', '0.00000000', 0x11E7E1D6570F9A40AC8A00E04C6F7E24, '0', '0');
INSERT INTO `inventario_productos` VALUES (0x11E8746968C2975B9BD600270E383B06, '1527587878', 0x11E8676EAD11B2E6BDE500270E383B06, 0x11E87469CFDFB6A29BD600270E383B06, 0x11E7AC1AEC9B3C87A15E00270E383B06, 0x11E852979C441E2BA72800270E383B06, 'VER13101901', 'VERONA CAUCHO EXTERIOR AZUL CELESTE', 'VERONA CAUCHO EXTERIOR AZUL CELESTE', 0x11E7AF8DDC5D706EA5F700270E383B06, 0x11E7AF8DDC5D706EA5F700270E383B06, '1.00', '0.00', '0.00', '0.00', '8.50', '0.00000000', '0.00', '0.00', '0.00000000', '0.00', '0.00', '0.00000000', 0x11E7E1D6570F9A40AC8A00E04C6F7E24, '0', '0');
INSERT INTO `inventario_productos` VALUES (0x11E8746968C90A839BD600270E383B06, '1527587920', 0x11E8676EAD11B2E6BDE500270E383B06, 0x11E87469CFE21AD79BD600270E383B06, 0x11E7AC1AEC9B3C87A15E00270E383B06, 0x11E852979C441E2BA72800270E383B06, 'VER13101940', 'VERONA CAUCHO EXTERIOR AZUL CELESTE', 'VERONA CAUCHO EXTERIOR AZUL CELESTE', 0x11E7AF8DE9F3C53BA5F700270E383B06, 0x11E7AF8DE9F3C53BA5F700270E383B06, '1.00', '0.00', '0.00', '0.00', '35.00', '0.00000000', '0.00', '0.00', '0.00000000', '0.00', '0.00', '0.00000000', 0x11E7E1D6570F9A40AC8A00E04C6F7E24, '0', '0');
INSERT INTO `inventario_productos` VALUES (0x11E8746968CBE8ED9BD600270E383B06, '1527587978', 0x11E8676EAD11B2E6BDE500270E383B06, 0x11E87469CFE4CF5B9BD600270E383B06, 0x11E7AC1AEC9B3C87A15E00270E383B06, 0x11E852979C441E2BA72800270E383B06, 'VER13103101', 'VERONA CAUCHO EXTERIOR AZUL REY', 'VERONA CAUCHO EXTERIOR AZUL REY', 0x11E7AF8DDC5D706EA5F700270E383B06, 0x11E7AF8DDC5D706EA5F700270E383B06, '1.00', '0.00', '0.00', '0.00', '9.00', '0.00000000', '0.00', '0.00', '0.00000000', '0.00', '0.00', '0.00000000', 0x11E7E1D6570F9A40AC8A00E04C6F7E24, '0', '0');
INSERT INTO `inventario_productos` VALUES (0x11E8746968DC27989BD600270E383B06, '1527588016', 0x11E8676EAD11B2E6BDE500270E383B06, 0x11E87469CFF7F2FC9BD600270E383B06, 0x11E7AC1AEC9B3C87A15E00270E383B06, 0x11E852979C441E2BA72800270E383B06, 'VER13103140', 'VERONA CAUCHO EXTERIOR AZUL REY', 'VERONA CAUCHO EXTERIOR AZUL REY', 0x11E7AF8DE9F3C53BA5F700270E383B06, 0x11E7AF8DE9F3C53BA5F700270E383B06, '1.00', '0.00', '0.00', '0.00', '37.00', '0.00000000', '0.00', '0.00', '0.00000000', '0.00', '0.00', '0.00000000', 0x11E7E1D6570F9A40AC8A00E04C6F7E24, '0', '0');
INSERT INTO `inventario_productos` VALUES (0x11E8746968E04CF19BD600270E383B06, '1527588072', 0x11E8676EAD11B2E6BDE500270E383B06, 0x11E87469CFFA4ED19BD600270E383B06, 0x11E7AC1AEC9B3C87A15E00270E383B06, 0x11E852979C441E2BA72800270E383B06, 'VER13103201', 'VERONA CAUCHO EXTERIOR VERDE AZULADO', 'VERONA CAUCHO EXTERIOR VERDE AZULADO', 0x11E7AF8DDC5D706EA5F700270E383B06, 0x11E7AF8DE9F3C53BA5F700270E383B06, '1.00', '0.00', '0.00', '0.00', '8.50', '0.00000000', '0.00', '0.00', '0.00000000', '0.00', '0.00', '0.00000000', 0x11E7E1D6570F9A40AC8A00E04C6F7E24, '0', '0');
INSERT INTO `inventario_productos` VALUES (0x11E8746968E5112F9BD600270E383B06, '1527588104', 0x11E8676EAD11B2E6BDE500270E383B06, 0x11E87469CFFCF9CF9BD600270E383B06, 0x11E7AC1AEC9B3C87A15E00270E383B06, 0x11E852979C441E2BA72800270E383B06, 'VER13103240', 'VERONA CAUCHO EXTERIOR VERDE AZULADO', 'VERONA CAUCHO EXTERIOR VERDE AZULADO', 0x11E7AF8DE9F3C53BA5F700270E383B06, 0x11E7AF8DE9F3C53BA5F700270E383B06, '1.00', '0.00', '0.00', '0.00', '36.00', '0.00000000', '0.00', '0.00', '0.00000000', '0.00', '0.00', '0.00000000', 0x11E7E1D6570F9A40AC8A00E04C6F7E24, '0', '0');
INSERT INTO `inventario_productos` VALUES (0x11E8746968ECC1009BD600270E383B06, '1527588160', 0x11E8676EAD11B2E6BDE500270E383B06, 0x11E87469D0009F519BD600270E383B06, 0x11E7AC1AEC9B3C87A15E00270E383B06, 0x11E852979C441E2BA72800270E383B06, 'VER13103301', 'VERONA CAUCHO EXTERIOR AMARILLO LIMON', 'VERONA CAUCHO EXTERIOR AMARILLO LIMON', 0x11E7AF8DDC5D706EA5F700270E383B06, 0x11E7AF8DDC5D706EA5F700270E383B06, '1.00', '0.00', '0.00', '0.00', '9.00', '0.00000000', '0.00', '0.00', '0.00000000', '0.00', '0.00', '0.00000000', 0x11E7E1D6570F9A40AC8A00E04C6F7E24, '0', '0');
INSERT INTO `inventario_productos` VALUES (0x11E8746968F484589BD600270E383B06, '1527588194', 0x11E8676EAD11B2E6BDE500270E383B06, 0x11E87469D00356F39BD600270E383B06, 0x11E7AC1AEC9B3C87A15E00270E383B06, 0x11E852979C441E2BA72800270E383B06, 'VER13103340', 'VERONA CAUCHO EXTERIOR AMARILLO LIMON', 'VERONA CAUCHO EXTERIOR AMARILLO LIMON', 0x11E7AF8DE9F3C53BA5F700270E383B06, 0x11E7AF8DE9F3C53BA5F700270E383B06, '1.00', '0.00', '0.00', '0.00', '37.00', '0.00000000', '0.00', '0.00', '0.00000000', '0.00', '0.00', '0.00000000', 0x11E7E1D6570F9A40AC8A00E04C6F7E24, '0', '0');
INSERT INTO `inventario_productos` VALUES (0x11E8746968FBEA109BD600270E383B06, '1527588255', 0x11E8676EAD11B2E6BDE500270E383B06, 0x11E87469D007086E9BD600270E383B06, 0x11E7AC1AEC9B3C87A15E00270E383B06, 0x11E852979C441E2BA72800270E383B06, 'VER13103401', 'VERONA CAUCHO EXTERIOR VERDE GRAMA-HOJA', 'VERONA CAUCHO EXTERIOR VERDE GRAMA-HOJA', 0x11E7AF8DDC5D706EA5F700270E383B06, 0x11E7AF8DDC5D706EA5F700270E383B06, '1.00', '0.00', '0.00', '0.00', '9.00', '0.00000000', '0.00', '0.00', '0.00000000', '0.00', '0.00', '0.00000000', 0x11E7E1D6570F9A40AC8A00E04C6F7E24, '0', '0');
INSERT INTO `inventario_productos` VALUES (0x11E8746969015C2C9BD600270E383B06, '1527588289', 0x11E8676EAD11B2E6BDE500270E383B06, 0x11E87469D00C02F59BD600270E383B06, 0x11E7AC1AEC9B3C87A15E00270E383B06, 0x11E852979C441E2BA72800270E383B06, 'VER13103440', 'VERONA CAUCHO EXTERIOR VERDE GRAMA-HOJA', 'VERONA CAUCHO EXTERIOR VERDE GRAMA-HOJA', 0x11E7AF8DE9F3C53BA5F700270E383B06, 0x11E7AF8DE9F3C53BA5F700270E383B06, '1.00', '0.00', '0.00', '0.00', '37.00', '0.00000000', '0.00', '0.00', '0.00000000', '0.00', '0.00', '0.00000000', 0x11E7E1D6570F9A40AC8A00E04C6F7E24, '0', '0');
INSERT INTO `inventario_productos` VALUES (0x11E87469690CBE5E9BD600270E383B06, '1527588352', 0x11E8676EAD11B2E6BDE500270E383B06, 0x11E87469D01E0E919BD600270E383B06, 0x11E7AC1AEC9B3C87A15E00270E383B06, 0x11E852979C441E2BA72800270E383B06, 'VER13102001', 'VERONA CAUCHO EXTERIOR VERDE MOHO (OLIVO)', 'VERONA CAUCHO EXTERIOR VERDE MOHO (OLIVO)', 0x11E7AF8DDC5D706EA5F700270E383B06, 0x11E7AF8DDC5D706EA5F700270E383B06, '1.00', '0.00', '0.00', '0.00', '9.00', '0.00000000', '0.00', '0.00', '0.00000000', '0.00', '0.00', '0.00000000', 0x11E7E1D6570F9A40AC8A00E04C6F7E24, '0', '0');
INSERT INTO `inventario_productos` VALUES (0x11E87469691341DD9BD600270E383B06, '1527588384', 0x11E8676EAD11B2E6BDE500270E383B06, 0x11E87469D02597119BD600270E383B06, 0x11E7AC1AEC9B3C87A15E00270E383B06, 0x11E852979C441E2BA72800270E383B06, 'VER13102040', 'VERONA CAUCHO EXTERIOR VERDE MOHO (OLIVO)', 'VERONA CAUCHO EXTERIOR VERDE MOHO (OLIVO)', 0x11E7AF8DE9F3C53BA5F700270E383B06, 0x11E7AF8DE9F3C53BA5F700270E383B06, '1.00', '0.00', '0.00', '0.00', '35.00', '0.00000000', '0.00', '0.00', '0.00000000', '0.00', '0.00', '0.00000000', 0x11E7E1D6570F9A40AC8A00E04C6F7E24, '0', '0');
INSERT INTO `inventario_productos` VALUES (0x11E87469691C508A9BD600270E383B06, '1527588425', 0x11E8676EAD11B2E6BDE500270E383B06, 0x11E87469D02951E19BD600270E383B06, 0x11E7AC1AEC9B3C87A15E00270E383B06, 0x11E852979C441E2BA72800270E383B06, 'VER13102501', 'VERONA CAUCHO EXTERIOR VERDE MANZANA', 'VERONA CAUCHO EXTERIOR VERDE MANZANA', 0x11E7AF8DDC5D706EA5F700270E383B06, 0x11E7AF8DDC5D706EA5F700270E383B06, '1.00', '0.00', '0.00', '0.00', '9.00', '0.00000000', '0.00', '0.00', '0.00000000', '0.00', '0.00', '0.00000000', 0x11E7E1D6570F9A40AC8A00E04C6F7E24, '0', '0');
INSERT INTO `inventario_productos` VALUES (0x11E874696923CCDF9BD600270E383B06, '1527588460', 0x11E8676EAD11B2E6BDE500270E383B06, 0x11E87469D02BEF5E9BD600270E383B06, 0x11E7AC1AEC9B3C87A15E00270E383B06, 0x11E852979C441E2BA72800270E383B06, 'VER13102540', 'VERONA CAUCHO EXTERIOR VERDE MANZANA', 'VERONA CAUCHO EXTERIOR VERDE MANZANA', 0x11E7AF8DE9F3C53BA5F700270E383B06, 0x11E7AF8DE9F3C53BA5F700270E383B06, '1.00', '0.00', '0.00', '0.00', '35.00', '0.00000000', '0.00', '0.00', '0.00000000', '0.00', '0.00', '0.00000000', 0x11E7E1D6570F9A40AC8A00E04C6F7E24, '0', '0');
INSERT INTO `inventario_productos` VALUES (0x11E87469692EBBDC9BD600270E383B06, '1527588510', 0x11E8676EAD11B2E6BDE500270E383B06, 0x11E87469D02FB4819BD600270E383B06, 0x11E7AC1AEC9B3C87A15E00270E383B06, 0x11E852979C441E2BA72800270E383B06, 'VER13102101', 'VERONA CAUCHO EXTERIOR VERDE CASCADA', 'VERONA CAUCHO EXTERIOR VERDE CASCADA', 0x11E7AF8DDC5D706EA5F700270E383B06, 0x11E7AF8DDC5D706EA5F700270E383B06, '1.00', '0.00', '0.00', '0.00', '8.50', '0.00000000', '0.00', '0.00', '0.00000000', '0.00', '0.00', '0.00000000', 0x11E7E1D6570F9A40AC8A00E04C6F7E24, '0', '0');
INSERT INTO `inventario_productos` VALUES (0x11E874696936F0549BD600270E383B06, '1527588541', 0x11E8676EAD11B2E6BDE500270E383B06, 0x11E87469D03239AF9BD600270E383B06, 0x11E7AC1AEC9B3C87A15E00270E383B06, 0x11E852979C441E2BA72800270E383B06, 'VER13102140', 'VERONA CAUCHO EXTERIOR VERDE CASCADA', 'VERONA CAUCHO EXTERIOR VERDE CASCADA', 0x11E7AF8DE9F3C53BA5F700270E383B06, 0x11E7AF8DE9F3C53BA5F700270E383B06, '1.00', '0.00', '0.00', '0.00', '35.00', '0.00000000', '0.00', '0.00', '0.00000000', '0.00', '0.00', '0.00000000', 0x11E7E1D6570F9A40AC8A00E04C6F7E24, '0', '0');
INSERT INTO `inventario_productos` VALUES (0x11E87469693F40029BD600270E383B06, '1527588585', 0x11E8676EAD11B2E6BDE500270E383B06, 0x11E87469D037372A9BD600270E383B06, 0x11E7AC1AEC9B3C87A15E00270E383B06, 0x11E852979C441E2BA72800270E383B06, 'VER13102201', 'VERONA CAUCHO EXTERIOR VERDE BEBE', 'VERONA CAUCHO EXTERIOR VERDE BEBE', 0x11E7AF8DDC5D706EA5F700270E383B06, 0x11E7AF8DDC5D706EA5F700270E383B06, '1.00', '0.00', '0.00', '0.00', '8.50', '0.00000000', '0.00', '0.00', '0.00000000', '0.00', '0.00', '0.00000000', 0x11E7E1D6570F9A40AC8A00E04C6F7E24, '0', '0');
INSERT INTO `inventario_productos` VALUES (0x11E874696945FFDC9BD600270E383B06, '1527588622', 0x11E8676EAD11B2E6BDE500270E383B06, 0x11E87469D039DB7C9BD600270E383B06, 0x11E7AC1AEC9B3C87A15E00270E383B06, 0x11E852979C441E2BA72800270E383B06, 'VER13102240', 'VERONA CAUCHO EXTERIOR VERDE BEBE', 'VERONA CAUCHO EXTERIOR VERDE BEBE', 0x11E7AF8DE9F3C53BA5F700270E383B06, 0x11E7AF8DE9F3C53BA5F700270E383B06, '1.00', '0.00', '0.00', '0.00', '35.00', '0.00000000', '0.00', '0.00', '0.00000000', '0.00', '0.00', '0.00000000', 0x11E7E1D6570F9A40AC8A00E04C6F7E24, '0', '0');
INSERT INTO `inventario_productos` VALUES (0x11E87469694D45279BD600270E383B06, '1527588670', 0x11E8676EAD11B2E6BDE500270E383B06, 0x11E87469D03DAC2E9BD600270E383B06, 0x11E7AC1AEC9B3C87A15E00270E383B06, 0x11E852979C441E2BA72800270E383B06, 'VER13102301', 'VERONA CAUCHO EXTERIOR LILA', 'VERONA CAUCHO EXTERIOR LILA', 0x11E7AF8DDC5D706EA5F700270E383B06, 0x11E7AF8DDC5D706EA5F700270E383B06, '1.00', '0.00', '0.00', '0.00', '8.50', '0.00000000', '0.00', '0.00', '0.00000000', '0.00', '0.00', '0.00000000', 0x11E7E1D6570F9A40AC8A00E04C6F7E24, '0', '0');
INSERT INTO `inventario_productos` VALUES (0x11E874696952CD429BD600270E383B06, '1527588764', 0x11E8676EAD11B2E6BDE500270E383B06, 0x11E87469D04037129BD600270E383B06, 0x11E7AC1AEC9B3C87A15E00270E383B06, 0x11E852979C441E2BA72800270E383B06, 'VER13102340', 'VERONA CAUCHO EXTERIOR LILA', 'VERONA CAUCHO EXTERIOR LILA', 0x11E7AF8DE9F3C53BA5F700270E383B06, 0x11E7AF8DE9F3C53BA5F700270E383B06, '1.00', '0.00', '0.00', '0.00', '35.00', '0.00000000', '0.00', '0.00', '0.00000000', '0.00', '0.00', '0.00000000', 0x11E7E1D6570F9A40AC8A00E04C6F7E24, '0', '0');
INSERT INTO `inventario_productos` VALUES (0x11E874696958B4A29BD600270E383B06, '1527588802', 0x11E8676EAD11B2E6BDE500270E383B06, 0x11E87469D04408E19BD600270E383B06, 0x11E7AC1AEC9B3C87A15E00270E383B06, 0x11E852979C441E2BA72800270E383B06, 'VER13103501', 'VERONA CAUCHO EXTERIOR LAVANDA', 'VERONA CAUCHO EXTERIOR LAVANDA', 0x11E7AF8DDC5D706EA5F700270E383B06, 0x11E7AF8DDC5D706EA5F700270E383B06, '1.00', '0.00', '0.00', '0.00', '8.50', '0.00000000', '0.00', '0.00', '0.00000000', '0.00', '0.00', '0.00000000', 0x11E7E1D6570F9A40AC8A00E04C6F7E24, '0', '0');
INSERT INTO `inventario_productos` VALUES (0x11E8746969607D829BD600270E383B06, '1527588841', 0x11E8676EAD11B2E6BDE500270E383B06, 0x11E87469D04696999BD600270E383B06, 0x11E7AC1AEC9B3C87A15E00270E383B06, 0x11E852979C441E2BA72800270E383B06, 'VER13103540', 'VERONA CAUCHO EXTERIOR LAVANDA', 'VERONA CAUCHO EXTERIOR LAVANDA', 0x11E7AF8DE9F3C53BA5F700270E383B06, 0x11E7AF8DE9F3C53BA5F700270E383B06, '1.00', '0.00', '0.00', '0.00', '35.00', '0.00000000', '0.00', '0.00', '0.00000000', '0.00', '0.00', '0.00000000', 0x11E7E1D6570F9A40AC8A00E04C6F7E24, '0', '0');
INSERT INTO `inventario_productos` VALUES (0x11E87469696A81A89BD600270E383B06, '1527588897', 0x11E8676EAD11B2E6BDE500270E383B06, 0x11E87469D04A63179BD600270E383B06, 0x11E7AC1AEC9B3C87A15E00270E383B06, 0x11E852979C441E2BA72800270E383B06, 'VER13101101', 'VERONA CAUCHO EXTERIOR CHOCOLATE', 'VERONA CAUCHO EXTERIOR CHOCOLATE', 0x11E7AF8DDC5D706EA5F700270E383B06, 0x11E7AF8DDC5D706EA5F700270E383B06, '1.00', '0.00', '0.00', '0.00', '8.50', '0.00000000', '0.00', '0.00', '0.00000000', '0.00', '0.00', '0.00000000', 0x11E7E1D6570F9A40AC8A00E04C6F7E24, '0', '0');
INSERT INTO `inventario_productos` VALUES (0x11E87469697C66E29BD600270E383B06, '1527588927', 0x11E8676EAD11B2E6BDE500270E383B06, 0x11E87469D04CEE869BD600270E383B06, 0x11E7AC1AEC9B3C87A15E00270E383B06, 0x11E852979C441E2BA72800270E383B06, 'VER13101140', 'VERONA CAUCHO EXTERIOR CHOCOLATE', 'VERONA CAUCHO EXTERIOR CHOCOLATE', 0x11E7AF8DE9F3C53BA5F700270E383B06, 0x11E7AF8DE9F3C53BA5F700270E383B06, '1.00', '0.00', '0.00', '0.00', '35.00', '0.00000000', '0.00', '0.00', '0.00000000', '0.00', '0.00', '0.00000000', 0x11E7E1D6570F9A40AC8A00E04C6F7E24, '0', '0');
INSERT INTO `inventario_productos` VALUES (0x11E87469698089339BD600270E383B06, '1527588972', 0x11E8676EAD11B2E6BDE500270E383B06, 0x11E87469D050C04E9BD600270E383B06, 0x11E7AC1AEC9B3C87A15E00270E383B06, 0x11E852979C441E2BA72800270E383B06, 'VER13101201', 'VERONA CAUCHO EXTERIOR CANELA', 'VERONA CAUCHO EXTERIOR CANELA', 0x11E7AF8DDC5D706EA5F700270E383B06, 0x11E7AF8DDC5D706EA5F700270E383B06, '1.00', '0.00', '0.00', '0.00', '8.50', '0.00000000', '0.00', '0.00', '0.00000000', '0.00', '0.00', '0.00000000', 0x11E7E1D6570F9A40AC8A00E04C6F7E24, '0', '0');
INSERT INTO `inventario_productos` VALUES (0x11E87469698678649BD600270E383B06, '1527589008', 0x11E8676EAD11B2E6BDE500270E383B06, 0x11E87469D0534A159BD600270E383B06, 0x11E7AC1AEC9B3C87A15E00270E383B06, 0x11E852979C441E2BA72800270E383B06, 'VER13101240', 'VERONA CAUCHO EXTERIOR CANELA', 'VERONA CAUCHO EXTERIOR CANELA', 0x11E7AF8DE9F3C53BA5F700270E383B06, 0x11E7AF8DE9F3C53BA5F700270E383B06, '1.00', '0.00', '0.00', '0.00', '35.00', '0.00000000', '0.00', '0.00', '0.00000000', '0.00', '0.00', '0.00000000', 0x11E7E1D6570F9A40AC8A00E04C6F7E24, '0', '0');
INSERT INTO `inventario_productos` VALUES (0x11E87469698D46809BD600270E383B06, '1527605322', 0x11E8676EAD11B2E6BDE500270E383B06, 0x11E87469D059CF869BD600270E383B06, 0x11E7AC1ACC1DCFE0A15E00270E383B06, 0x11E7A91C8DE28C038A4800E04C6F7E24, 'MEST001', 'resina acrílicas esterena 777', 'resina esterena 777 aracril', 0x11E7AF8A08F0A02CA5F700270E383B06, 0x11E7AF8A08F0A02CA5F700270E383B06, '1.00', '0.00', '0.00', '0.00', '1.60', '0.00000000', '0.00', '0.00', '0.00000000', '0.00', '0.00', '0.00000000', 0x11E7E1D6570F9A40AC8A00E04C6F7E24, '0', '0');
INSERT INTO `inventario_productos` VALUES (0x11E87469699777619BD600270E383B06, '1527612075', 0x11E8676EAD11B2E6BDE500270E383B06, 0x11E87469D06011189BD600270E383B06, 0x11E7AC1ACC1DCFE0A15E00270E383B06, 0x11E7A91C8DE28C038A4800E04C6F7E24, 'MMK001', 'MEKO UBE', 'MEKO UBE', 0x11E7AF8A08F0A02CA5F700270E383B06, 0x11E7AF8A08F0A02CA5F700270E383B06, '1.00', '0.00', '0.00', '0.00', '3.98', '0.00000000', '0.00', '0.00', '0.00000000', '0.00', '0.00', '0.00000000', 0x11E7E1D6570F9A40AC8A00E04C6F7E24, '0', '0');
INSERT INTO `inventario_productos` VALUES (0x11E87469699EBB8A9BD600270E383B06, '1527612418', 0x11E8676EAD11B2E6BDE500270E383B06, 0x11E87469D06A53E79BD600270E383B06, 0x11E7AC1ACC1DCFE0A15E00270E383B06, 0x11E7A91C8DE28C038A4800E04C6F7E24, 'MDXT01', 'DIOXIDO DE TITANIO CINKARNA', 'DIOXIDO TITANIO CINKARNA', 0x11E7AF8A08F0A02CA5F700270E383B06, 0x11E7AF8A08F0A02CA5F700270E383B06, '1.00', '0.00', '0.00', '0.00', '4.98', '0.00000000', '0.00', '0.00', '0.00000000', '0.00', '0.00', '0.00000000', 0x11E7E1D6570F9A40AC8A00E04C6F7E24, '0', '0');
INSERT INTO `inventario_productos` VALUES (0x11E8746969A42D099BD600270E383B06, '1527612740', 0x11E8676EAD11B2E6BDE500270E383B06, 0x11E87469D06F468E9BD600270E383B06, 0x11E7AC1ACC1DCFE0A15E00270E383B06, 0x11E7A91C8DE28C038A4800E04C6F7E24, 'MRH01', 'RESINA HIDROCARBURICA', 'RESINA HIDROCARBURICA C9', 0x11E7A90D43325DA68A4800E04C6F7E24, 0x11E7A90D43325DA68A4800E04C6F7E24, '1.00', '0.00', '0.00', '0.00', '1.90', '0.00000000', '0.00', '0.00', '0.00000000', '0.00', '0.00', '0.00000000', 0x11E7E1D6570F9A40AC8A00E04C6F7E24, '0', '0');
INSERT INTO `inventario_productos` VALUES (0x11E8746969A79E019BD600270E383B06, '1527612887', 0x11E8676EAD11B2E6BDE500270E383B06, 0x11E87469D071E71B9BD600270E383B06, 0x11E7AC1ACC1DCFE0A15E00270E383B06, 0x11E7A91C8DE28C038A4800E04C6F7E24, 'MRC01', 'RESINA CORTA AL 55%', 'RESINA CORTA FLAMUCO', 0x11E7AF8A08F0A02CA5F700270E383B06, 0x11E7AF8A08F0A02CA5F700270E383B06, '1.00', '0.00', '0.00', '0.00', '1.60', '0.00000000', '0.00', '0.00', '0.00000000', '0.00', '0.00', '0.00000000', 0x11E7E1D6570F9A40AC8A00E04C6F7E24, '0', '0');
INSERT INTO `inventario_productos` VALUES (0x11E8746969AF29D29BD600270E383B06, '1527669262', 0x11E8676EAD11B2E6BDE500270E383B06, 0x11E87469D0745B329BD600270E383B06, 0x11E7AC1AEC9B3C87A15E00270E383B06, 0x11E852979C441E2BA72800270E383B06, 'VER13300101', 'VERONA CAUCHO TIPO A BLANCO', 'VERONA CAUCHO TIPO A BLANCO', 0x11E7AF8DDC5D706EA5F700270E383B06, 0x11E7AF8DDC5D706EA5F700270E383B06, '1.00', '0.00', '0.00', '0.00', '6.55', '0.00000000', '0.00', '0.00', '0.00000000', '0.00', '0.00', '0.00000000', 0x11E7E1D6570F9A40AC8A00E04C6F7E24, '0', '0');
INSERT INTO `inventario_productos` VALUES (0x11E8746969B59C689BD600270E383B06, '1527669310', 0x11E8676EAD11B2E6BDE500270E383B06, 0x11E87469D076F8079BD600270E383B06, 0x11E7AC1AEC9B3C87A15E00270E383B06, 0x11E852979C441E2BA72800270E383B06, 'VER13300140', 'VERONA CAUCHO TIPO A BLANCO', 'VERONA CAUCHO TIPO A BLANCO', 0x11E7AF8DE9F3C53BA5F700270E383B06, 0x11E7AF8DE9F3C53BA5F700270E383B06, '1.00', '0.00', '0.00', '0.00', '23.64', '0.00000000', '0.00', '0.00', '0.00000000', '0.00', '0.00', '0.00000000', 0x11E7E1D6570F9A40AC8A00E04C6F7E24, '0', '0');
INSERT INTO `inventario_productos` VALUES (0x11E8746969BC5E879BD600270E383B06, '1527669386', 0x11E8676EAD11B2E6BDE500270E383B06, 0x11E87469D079763C9BD600270E383B06, 0x11E7AC1AEC9B3C87A15E00270E383B06, 0x11E852979C441E2BA72800270E383B06, 'VER13300201', 'VERONA CAUCHO TIPO A GRIS CEMENTO', 'VERONA CAUCHO TIPO A GRIS CEMENTO', 0x11E7AF8DDC5D706EA5F700270E383B06, 0x11E7AF8DDC5D706EA5F700270E383B06, '1.00', '0.00', '0.00', '0.00', '5.45', '0.00000000', '0.00', '0.00', '0.00000000', '0.00', '0.00', '0.00000000', 0x11E7E1D6570F9A40AC8A00E04C6F7E24, '0', '0');
INSERT INTO `inventario_productos` VALUES (0x11E8746969C536A29BD600270E383B06, '1527669422', 0x11E8676EAD11B2E6BDE500270E383B06, 0x11E87469D07C12719BD600270E383B06, 0x11E7AC1AEC9B3C87A15E00270E383B06, 0x11E852979C441E2BA72800270E383B06, 'VER13300240', 'VERONA CAUCHO TIPO A GRIS CEMENTO', 'VERONA CAUCHO TIPO A GRIS CEMENTO', 0x11E7AF8DE9F3C53BA5F700270E383B06, 0x11E7AF8DE9F3C53BA5F700270E383B06, '1.00', '0.00', '0.00', '0.00', '20.91', '0.00000000', '0.00', '0.00', '0.00000000', '0.00', '0.00', '0.00000000', 0x11E7E1D6570F9A40AC8A00E04C6F7E24, '0', '0');
INSERT INTO `inventario_productos` VALUES (0x11E8746969CD0DF39BD600270E383B06, '1527669471', 0x11E8676EAD11B2E6BDE500270E383B06, 0x11E87469D07E87889BD600270E383B06, 0x11E7AC1AEC9B3C87A15E00270E383B06, 0x11E852979C441E2BA72800270E383B06, 'VER13300301', 'VERONA CAUCHO TIPO A GRIS CLARO', 'VERONA CAUCHO TIPO A GRIS CLARO', 0x11E7AF8DDC5D706EA5F700270E383B06, 0x11E7AF8DDC5D706EA5F700270E383B06, '1.00', '0.00', '0.00', '0.00', '5.45', '0.00000000', '0.00', '0.00', '0.00000000', '0.00', '0.00', '0.00000000', 0x11E7E1D6570F9A40AC8A00E04C6F7E24, '0', '0');
INSERT INTO `inventario_productos` VALUES (0x11E8746969D421789BD600270E383B06, '1527669509', 0x11E8676EAD11B2E6BDE500270E383B06, 0x11E87469D0812CEC9BD600270E383B06, 0x11E7AC1AEC9B3C87A15E00270E383B06, 0x11E852979C441E2BA72800270E383B06, 'VER13300340', 'VERONA CAUCHO TIPO A GRIS CLARO', 'VERONA CAUCHO TIPO A GRIS CLARO', 0x11E7AF8DE9F3C53BA5F700270E383B06, 0x11E7AF8DE9F3C53BA5F700270E383B06, '1.00', '0.00', '0.00', '0.00', '20.91', '0.00000000', '0.00', '0.00', '0.00000000', '0.00', '0.00', '0.00000000', 0x11E7E1D6570F9A40AC8A00E04C6F7E24, '0', '0');
INSERT INTO `inventario_productos` VALUES (0x11E8746969DA67249BD600270E383B06, '1527669557', 0x11E8676EAD11B2E6BDE500270E383B06, 0x11E87469D083A3C99BD600270E383B06, 0x11E7AC1AEC9B3C87A15E00270E383B06, 0x11E852979C441E2BA72800270E383B06, 'VER13300401', 'VERONA CAUCHO TIPO A BLANCO OSTRA', 'VERONA CAUCHO TIPO A BLANCO OSTRA', 0x11E7AF8DDC5D706EA5F700270E383B06, 0x11E7AF8DDC5D706EA5F700270E383B06, '1.00', '0.00', '0.00', '0.00', '5.45', '0.00000000', '0.00', '0.00', '0.00000000', '0.00', '0.00', '0.00000000', 0x11E7E1D6570F9A40AC8A00E04C6F7E24, '0', '0');
INSERT INTO `inventario_productos` VALUES (0x11E8746969DD6A849BD600270E383B06, '1527669601', 0x11E8676EAD11B2E6BDE500270E383B06, 0x11E87469D086412D9BD600270E383B06, 0x11E7AC1AEC9B3C87A15E00270E383B06, 0x11E852979C441E2BA72800270E383B06, 'VER13300440', 'VERONA CAUCHO TIPO A BLANCO OSTRA', 'VERONA CAUCHO TIPO A BLANCO OSTRA', 0x11E7AF8DE9F3C53BA5F700270E383B06, 0x11E7AF8DE9F3C53BA5F700270E383B06, '1.00', '0.00', '0.00', '0.00', '20.91', '0.00000000', '0.00', '0.00', '0.00000000', '0.00', '0.00', '0.00000000', 0x11E7E1D6570F9A40AC8A00E04C6F7E24, '0', '0');
INSERT INTO `inventario_productos` VALUES (0x11E8746969EE90609BD600270E383B06, '1527669651', 0x11E8676EAD11B2E6BDE500270E383B06, 0x11E87469D088B5509BD600270E383B06, 0x11E7AC1AEC9B3C87A15E00270E383B06, 0x11E852979C441E2BA72800270E383B06, 'VER13300501', 'VERONA CAUCHO TIPO A MARFIL', 'VERONA CAUCHO TIPO A MARFIL', 0x11E7AF8DDC5D706EA5F700270E383B06, 0x11E7AF8DDC5D706EA5F700270E383B06, '1.00', '0.00', '0.00', '0.00', '5.45', '0.00000000', '0.00', '0.00', '0.00000000', '0.00', '0.00', '0.00000000', 0x11E7E1D6570F9A40AC8A00E04C6F7E24, '0', '0');
INSERT INTO `inventario_productos` VALUES (0x11E874696A05AC529BD600270E383B06, '1527669683', 0x11E8676EAD11B2E6BDE500270E383B06, 0x11E87469D08B5C549BD600270E383B06, 0x11E7AC1AEC9B3C87A15E00270E383B06, 0x11E852979C441E2BA72800270E383B06, 'VER13300540', 'VERONA CAUCHO TIPO A MARFIL', 'VERONA CAUCHO TIPO A MARFIL', 0x11E7AF8DE9F3C53BA5F700270E383B06, 0x11E7AF8DE9F3C53BA5F700270E383B06, '1.00', '0.00', '0.00', '0.00', '20.91', '0.00000000', '0.00', '0.00', '0.00000000', '0.00', '0.00', '0.00000000', 0x11E7E1D6570F9A40AC8A00E04C6F7E24, '0', '0');
INSERT INTO `inventario_productos` VALUES (0x11E874696A22E88E9BD600270E383B06, '1527669727', 0x11E8676EAD11B2E6BDE500270E383B06, 0x11E87469D08DCA829BD600270E383B06, 0x11E7AC1AEC9B3C87A15E00270E383B06, 0x11E852979C441E2BA72800270E383B06, 'VER13300601', 'VERONA CAUCHO TIPO A BEIGE', 'VERONA CAUCHO TIPO A BEIGE', 0x11E7AF8DDC5D706EA5F700270E383B06, 0x11E7AF8DDC5D706EA5F700270E383B06, '1.00', '0.00', '0.00', '0.00', '5.45', '0.00000000', '0.00', '0.00', '0.00000000', '0.00', '0.00', '0.00000000', 0x11E7E1D6570F9A40AC8A00E04C6F7E24, '0', '0');
INSERT INTO `inventario_productos` VALUES (0x11E874696A42A0A39BD600270E383B06, '1527669760', 0x11E8676EAD11B2E6BDE500270E383B06, 0x11E87469D0906EF49BD600270E383B06, 0x11E7AC1AEC9B3C87A15E00270E383B06, 0x11E852979C441E2BA72800270E383B06, 'VER13300640', 'VERONA CAUCHO TIPO A BEIGE', 'VERONA CAUCHO TIPO A BEIGE', 0x11E7AF8DE9F3C53BA5F700270E383B06, 0x11E7AF8DE9F3C53BA5F700270E383B06, '1.00', '0.00', '0.00', '0.00', '20.91', '0.00000000', '0.00', '0.00', '0.00000000', '0.00', '0.00', '0.00000000', 0x11E7E1D6570F9A40AC8A00E04C6F7E24, '0', '0');
INSERT INTO `inventario_productos` VALUES (0x11E874696A5624B19BD600270E383B06, '1527669803', 0x11E8676EAD11B2E6BDE500270E383B06, 0x11E87469D092E2D59BD600270E383B06, 0x11E7AC1AEC9B3C87A15E00270E383B06, 0x11E852979C441E2BA72800270E383B06, 'VER13302601', 'VERONA CAUCHO TIPO A BEIGE OSCURO', 'VERONA CAUCHO TIPO A BEIGE OSCURO', 0x11E7AF8DDC5D706EA5F700270E383B06, 0x11E7AF8DDC5D706EA5F700270E383B06, '1.00', '0.00', '0.00', '0.00', '5.45', '0.00000000', '0.00', '0.00', '0.00000000', '0.00', '0.00', '0.00000000', 0x11E7E1D6570F9A40AC8A00E04C6F7E24, '0', '0');
INSERT INTO `inventario_productos` VALUES (0x11E874696A7B09CC9BD600270E383B06, '1527669839', 0x11E8676EAD11B2E6BDE500270E383B06, 0x11E87469D09587B59BD600270E383B06, 0x11E7AC1AEC9B3C87A15E00270E383B06, 0x11E852979C441E2BA72800270E383B06, 'VER13302640', 'VERONA CAUCHO TIPO A BEIGE OSCURO', 'VERONA CAUCHO TIPO A BEIGE OSCURO', 0x11E7AF8DE9F3C53BA5F700270E383B06, 0x11E7AF8DE9F3C53BA5F700270E383B06, '1.00', '0.00', '0.00', '0.00', '20.91', '0.00000000', '0.00', '0.00', '0.00000000', '0.00', '0.00', '0.00000000', 0x11E7E1D6570F9A40AC8A00E04C6F7E24, '0', '0');
INSERT INTO `inventario_productos` VALUES (0x11E874696A8112379BD600270E383B06, '1527669905', 0x11E8676EAD11B2E6BDE500270E383B06, 0x11E87469D097F9F99BD600270E383B06, 0x11E7AC1AEC9B3C87A15E00270E383B06, 0x11E852979C441E2BA72800270E383B06, 'VER13301001', 'VERONA CAUCHO TIPO A SAHARA', 'VERONA CAUCHO TIPO A SAHARA', 0x11E7AF8DDC5D706EA5F700270E383B06, 0x11E7AF8DDC5D706EA5F700270E383B06, '1.00', '0.00', '0.00', '0.00', '5.45', '0.00000000', '0.00', '0.00', '0.00000000', '0.00', '0.00', '0.00000000', 0x11E7E1D6570F9A40AC8A00E04C6F7E24, '0', '0');
INSERT INTO `inventario_productos` VALUES (0x11E874696A89430A9BD600270E383B06, '1527669937', 0x11E8676EAD11B2E6BDE500270E383B06, 0x11E87469D09A9C319BD600270E383B06, 0x11E7AC1AEC9B3C87A15E00270E383B06, 0x11E852979C441E2BA72800270E383B06, 'VER13301040', 'VERONA CAUCHO TIPO A SAHARA', 'VERONA CAUCHO TIPO A SAHARA', 0x11E7AF8DE9F3C53BA5F700270E383B06, 0x11E7AF8DE9F3C53BA5F700270E383B06, '1.00', '0.00', '0.00', '0.00', '20.91', '0.00000000', '0.00', '0.00', '0.00000000', '0.00', '0.00', '0.00000000', 0x11E7E1D6570F9A40AC8A00E04C6F7E24, '0', '0');
INSERT INTO `inventario_productos` VALUES (0x11E874696A8F11D19BD600270E383B06, '1527669996', 0x11E8676EAD11B2E6BDE500270E383B06, 0x11E87469D09D0F7C9BD600270E383B06, 0x11E7AC1AEC9B3C87A15E00270E383B06, 0x11E852979C441E2BA72800270E383B06, 'VER13300701', 'VERONA CAUCHO TIPO A MOSTAZA CLARO', 'VERONA CAUCHO TIPO A MOSTAZA CLARO', 0x11E7AF8DDC5D706EA5F700270E383B06, 0x11E7AF8DDC5D706EA5F700270E383B06, '1.00', '0.00', '0.00', '0.00', '5.91', '0.00000000', '0.00', '0.00', '0.00000000', '0.00', '0.00', '0.00000000', 0x11E7E1D6570F9A40AC8A00E04C6F7E24, '0', '0');
INSERT INTO `inventario_productos` VALUES (0x11E874696A975E2F9BD600270E383B06, '1527670035', 0x11E8676EAD11B2E6BDE500270E383B06, 0x11E87469D09FB89A9BD600270E383B06, 0x11E7AC1AEC9B3C87A15E00270E383B06, 0x11E852979C441E2BA72800270E383B06, 'VER13300740', 'VERONA CAUCHO TIPO A MOSTAZA CLARO', 'VERONA CAUCHO TIPO A MOSTAZA CLARO', 0x11E7AF8DE9F3C53BA5F700270E383B06, 0x11E7AF8DE9F3C53BA5F700270E383B06, '1.00', '0.00', '0.00', '0.00', '20.91', '0.00000000', '0.00', '0.00', '0.00000000', '0.00', '0.00', '0.00000000', 0x11E7E1D6570F9A40AC8A00E04C6F7E24, '0', '0');
INSERT INTO `inventario_productos` VALUES (0x11E874696AAA58869BD600270E383B06, '1527670103', 0x11E8676EAD11B2E6BDE500270E383B06, 0x11E87469D0A7D73A9BD600270E383B06, 0x11E7AC1AEC9B3C87A15E00270E383B06, 0x11E852979C441E2BA72800270E383B06, 'VER13300801', 'VERONA CAUCHO TIPO A MOSTAZA OSCURO', 'VERONA CAUCHO TIPO A MOSTAZA OSCURO', 0x11E7AF8DDC5D706EA5F700270E383B06, 0x11E7AF8DDC5D706EA5F700270E383B06, '1.00', '0.00', '0.00', '0.00', '5.91', '0.00000000', '0.00', '0.00', '0.00000000', '0.00', '0.00', '0.00000000', 0x11E7E1D6570F9A40AC8A00E04C6F7E24, '0', '0');
INSERT INTO `inventario_productos` VALUES (0x11E874696AB0898E9BD600270E383B06, '1527670143', 0x11E8676EAD11B2E6BDE500270E383B06, 0x11E87469D0B411B09BD600270E383B06, 0x11E7AC1AEC9B3C87A15E00270E383B06, 0x11E852979C441E2BA72800270E383B06, 'VER13300840', 'VERONA CAUCHO TIPO A MOSTAZA OSCURO', 'VERONA CAUCHO TIPO A MOSTAZA OSCURO', 0x11E7AF8DE9F3C53BA5F700270E383B06, 0x11E7AF8DE9F3C53BA5F700270E383B06, '1.00', '0.00', '0.00', '0.00', '20.91', '0.00000000', '0.00', '0.00', '0.00000000', '0.00', '0.00', '0.00000000', 0x11E7E1D6570F9A40AC8A00E04C6F7E24, '0', '0');
INSERT INTO `inventario_productos` VALUES (0x11E874696AB6E13D9BD600270E383B06, '1527670193', 0x11E8676EAD11B2E6BDE500270E383B06, 0x11E87469D0B685409BD600270E383B06, 0x11E7AC1AEC9B3C87A15E00270E383B06, 0x11E852979C441E2BA72800270E383B06, 'VER13300901', 'VERONA CAUCHO TIPO A LADRILLO', 'VERONA CAUCHO TIPO A LADRILLO', 0x11E7AF8DDC5D706EA5F700270E383B06, 0x11E7AF8DDC5D706EA5F700270E383B06, '1.00', '0.00', '0.00', '0.00', '5.45', '0.00000000', '0.00', '0.00', '0.00000000', '0.00', '0.00', '0.00000000', 0x11E7E1D6570F9A40AC8A00E04C6F7E24, '0', '0');
INSERT INTO `inventario_productos` VALUES (0x11E874696ABA1A3D9BD600270E383B06, '1527670226', 0x11E8676EAD11B2E6BDE500270E383B06, 0x11E87469D0B923E39BD600270E383B06, 0x11E7AC1AEC9B3C87A15E00270E383B06, 0x11E852979C441E2BA72800270E383B06, 'VER13300940', 'VERONA CAUCHO TIPO A LADRILLO', 'VERONA CAUCHO TIPO A LADRILLO', 0x11E7AF8DE9F3C53BA5F700270E383B06, 0x11E7AF8DE9F3C53BA5F700270E383B06, '1.00', '0.00', '0.00', '0.00', '20.91', '0.00000000', '0.00', '0.00', '0.00000000', '0.00', '0.00', '0.00000000', 0x11E7E1D6570F9A40AC8A00E04C6F7E24, '0', '0');
INSERT INTO `inventario_productos` VALUES (0x11E874696ABD36D09BD600270E383B06, '1527670287', 0x11E8676EAD11B2E6BDE500270E383B06, 0x11E87469D0BB94F39BD600270E383B06, 0x11E7AC1AEC9B3C87A15E00270E383B06, 0x11E852979C441E2BA72800270E383B06, 'VER13302401', 'VERONA CAUCHO TIPO A VINO', 'VERONA CAUCHO TIPO A VINO', 0x11E7AF8DDC5D706EA5F700270E383B06, 0x11E7AF8DDC5D706EA5F700270E383B06, '1.00', '0.00', '0.00', '0.00', '5.45', '0.00000000', '0.00', '0.00', '0.00000000', '0.00', '0.00', '0.00000000', 0x11E7E1D6570F9A40AC8A00E04C6F7E24, '0', '0');
INSERT INTO `inventario_productos` VALUES (0x11E874696AC302E79BD600270E383B06, '1527670326', 0x11E8676EAD11B2E6BDE500270E383B06, 0x11E87469D0BE3DAB9BD600270E383B06, 0x11E7AC1AEC9B3C87A15E00270E383B06, 0x11E852979C441E2BA72800270E383B06, 'VER13302440', 'VERONA CAUCHO TIPO A VINO', 'VERONA CAUCHO TIPO A VINO', 0x11E7AF8DE9F3C53BA5F700270E383B06, 0x11E7AF8DE9F3C53BA5F700270E383B06, '1.00', '0.00', '0.00', '0.00', '20.91', '0.00000000', '0.00', '0.00', '0.00000000', '0.00', '0.00', '0.00000000', 0x11E7E1D6570F9A40AC8A00E04C6F7E24, '0', '0');
INSERT INTO `inventario_productos` VALUES (0x11E874696AC624259BD600270E383B06, '1527670383', 0x11E8676EAD11B2E6BDE500270E383B06, 0x11E87469D0C0B1FD9BD600270E383B06, 0x11E7AC1AEC9B3C87A15E00270E383B06, 0x11E852979C441E2BA72800270E383B06, 'VER13302701', 'VERONA CAUCHO TIPO A FUCSIA OSCURO', 'VERONA CAUCHO TIPO A FUCSIA OSCURO', 0x11E7AF8DDC5D706EA5F700270E383B06, 0x11E7AF8DDC5D706EA5F700270E383B06, '1.00', '0.00', '0.00', '0.00', '6.36', '0.00000000', '0.00', '0.00', '0.00000000', '0.00', '0.00', '0.00000000', 0x11E7E1D6570F9A40AC8A00E04C6F7E24, '0', '0');
INSERT INTO `inventario_productos` VALUES (0x11E874696AC960F59BD600270E383B06, '1527670428', 0x11E8676EAD11B2E6BDE500270E383B06, 0x11E87469D0C3507A9BD600270E383B06, 0x11E7AC1AEC9B3C87A15E00270E383B06, 0x11E852979C441E2BA72800270E383B06, 'VER13302740', 'VERONA CAUCHO TIPO A FUCSIA OSCURO', 'VERONA CAUCHO TIPO A FUCSIA OSCURO', 0x11E7AF8DE9F3C53BA5F700270E383B06, 0x11E7AF8DE9F3C53BA5F700270E383B06, '1.00', '0.00', '0.00', '0.00', '20.91', '0.00000000', '0.00', '0.00', '0.00000000', '0.00', '0.00', '0.00000000', 0x11E7E1D6570F9A40AC8A00E04C6F7E24, '0', '0');
INSERT INTO `inventario_productos` VALUES (0x11E874696ACC7BC99BD600270E383B06, '1527670477', 0x11E8676EAD11B2E6BDE500270E383B06, 0x11E87469D0C5DE369BD600270E383B06, 0x11E7AC1AEC9B3C87A15E00270E383B06, 0x11E852979C441E2BA72800270E383B06, 'VER13302901', 'VERONA CAUCHO TIPO A FUCSIA CLARO', 'VERONA CAUCHO TIPO A FUCSIA CLARO', 0x11E7AF8DDC5D706EA5F700270E383B06, 0x11E7AF8DDC5D706EA5F700270E383B06, '1.00', '0.00', '0.00', '0.00', '6.36', '0.00000000', '0.00', '0.00', '0.00000000', '0.00', '0.00', '0.00000000', 0x11E7E1D6570F9A40AC8A00E04C6F7E24, '0', '0');
INSERT INTO `inventario_productos` VALUES (0x11E874696ACFC4809BD600270E383B06, '1527670513', 0x11E8676EAD11B2E6BDE500270E383B06, 0x11E87469D0C865349BD600270E383B06, 0x11E7AC1AEC9B3C87A15E00270E383B06, 0x11E852979C441E2BA72800270E383B06, 'VER13302940', 'VERONA CAUCHO TIPO A FUCSIA CLARO', 'VERONA CAUCHO TIPO A FUCSIA CLARO', 0x11E7AF8DE9F3C53BA5F700270E383B06, 0x11E7AF8DE9F3C53BA5F700270E383B06, '1.00', '0.00', '0.00', '0.00', '20.91', '0.00000000', '0.00', '0.00', '0.00000000', '0.00', '0.00', '0.00000000', 0x11E7E1D6570F9A40AC8A00E04C6F7E24, '0', '0');
INSERT INTO `inventario_productos` VALUES (0x11E874696AD569F39BD600270E383B06, '1527670572', 0x11E8676EAD11B2E6BDE500270E383B06, 0x11E87469D0CADB419BD600270E383B06, 0x11E7AC1AEC9B3C87A15E00270E383B06, 0x11E852979C441E2BA72800270E383B06, 'VER13301401', 'VERONA CAUCHO TIPO A ROSA CLARO', 'VERONA CAUCHO TIPO A ROSA CLARO', 0x11E7AF8DDC5D706EA5F700270E383B06, 0x11E7AF8DDC5D706EA5F700270E383B06, '1.00', '0.00', '0.00', '0.00', '5.91', '0.00000000', '0.00', '0.00', '0.00000000', '0.00', '0.00', '0.00000000', 0x11E7E1D6570F9A40AC8A00E04C6F7E24, '0', '0');
INSERT INTO `inventario_productos` VALUES (0x11E874696ADA81A59BD600270E383B06, '1527670633', 0x11E8676EAD11B2E6BDE500270E383B06, 0x11E87469D0CD7F9D9BD600270E383B06, 0x11E7AC1AEC9B3C87A15E00270E383B06, 0x11E852979C441E2BA72800270E383B06, 'VER13301440', 'VERONA CAUCHO TIPO A ROSA CLARO', 'VERONA CAUCHO TIPO A ROSA CLARO', 0x11E7AF8DE9F3C53BA5F700270E383B06, 0x11E7AF8DE9F3C53BA5F700270E383B06, '1.00', '0.00', '0.00', '0.00', '20.91', '0.00000000', '0.00', '0.00', '0.00000000', '0.00', '0.00', '0.00000000', 0x11E7E1D6570F9A40AC8A00E04C6F7E24, '0', '0');
INSERT INTO `inventario_productos` VALUES (0x11E874696AE6AA3C9BD600270E383B06, '1527670706', 0x11E8676EAD11B2E6BDE500270E383B06, 0x11E87469D0CFF4B99BD600270E383B06, 0x11E7AC1AEC9B3C87A15E00270E383B06, 0x11E852979C441E2BA72800270E383B06, 'VER13301501', 'VERONA CAUCHO TIPO A ROSA BEBE', 'VERONA CAUCHO TIPO A ROSA BEBE', 0x11E7AF8DDC5D706EA5F700270E383B06, 0x11E7AF8DDC5D706EA5F700270E383B06, '1.00', '0.00', '0.00', '0.00', '5.91', '0.00000000', '0.00', '0.00', '0.00000000', '0.00', '0.00', '0.00000000', 0x11E7E1D6570F9A40AC8A00E04C6F7E24, '0', '0');
INSERT INTO `inventario_productos` VALUES (0x11E874696AE9CDBC9BD600270E383B06, '1527670739', 0x11E8676EAD11B2E6BDE500270E383B06, 0x11E87469D0D297369BD600270E383B06, 0x11E7AC1AEC9B3C87A15E00270E383B06, 0x11E852979C441E2BA72800270E383B06, 'VER13301540', 'VERONA CAUCHO TIPO A ROSA BEBE', 'VERONA CAUCHO TIPO A ROSA BEBE', 0x11E7AF8DE9F3C53BA5F700270E383B06, 0x11E7AF8DE9F3C53BA5F700270E383B06, '1.00', '0.00', '0.00', '0.00', '20.91', '0.00000000', '0.00', '0.00', '0.00000000', '0.00', '0.00', '0.00000000', 0x11E7E1D6570F9A40AC8A00E04C6F7E24, '0', '0');
INSERT INTO `inventario_productos` VALUES (0x11E874696AF022F39BD600270E383B06, '1527670788', 0x11E8676EAD11B2E6BDE500270E383B06, 0x11E87469D0D505819BD600270E383B06, 0x11E7AC1AEC9B3C87A15E00270E383B06, 0x11E852979C441E2BA72800270E383B06, 'VER13301601', 'VERONA CAUCHO TIPO A SALMON', 'VERONA CAUCHO TIPO A SALMON', 0x11E7AF8DDC5D706EA5F700270E383B06, 0x11E7AF8DDC5D706EA5F700270E383B06, '1.00', '0.00', '0.00', '0.00', '5.91', '0.00000000', '0.00', '0.00', '0.00000000', '0.00', '0.00', '0.00000000', 0x11E7E1D6570F9A40AC8A00E04C6F7E24, '0', '0');
INSERT INTO `inventario_productos` VALUES (0x11E874696AF355EF9BD600270E383B06, '1527670826', 0x11E8676EAD11B2E6BDE500270E383B06, 0x11E87469D0D7A8779BD600270E383B06, 0x11E7AC1AEC9B3C87A15E00270E383B06, 0x11E852979C441E2BA72800270E383B06, 'VER13301640', 'VERONA CAUCHO TIPO A SALMON', 'VERONA CAUCHO TIPO A SALMON', 0x11E7AF8DE9F3C53BA5F700270E383B06, 0x11E7AF8DE9F3C53BA5F700270E383B06, '1.00', '0.00', '0.00', '0.00', '21.82', '0.00000000', '0.00', '0.00', '0.00000000', '0.00', '0.00', '0.00000000', 0x11E7E1D6570F9A40AC8A00E04C6F7E24, '0', '0');
INSERT INTO `inventario_productos` VALUES (0x11E874696AF6806B9BD600270E383B06, '1527671091', 0x11E8676EAD11B2E6BDE500270E383B06, 0x11E87469D0DA19849BD600270E383B06, 0x11E7AC1AEC9B3C87A15E00270E383B06, 0x11E852979C441E2BA72800270E383B06, 'VER13301701', 'VERONA CAUCHO TIPO A ALBARICOQUE', 'VERONA CAUCHO TIPO A ALBARICOQUE', 0x11E7AF8DDC5D706EA5F700270E383B06, 0x11E7AF8DDC5D706EA5F700270E383B06, '1.00', '0.00', '0.00', '0.00', '5.91', '0.00000000', '0.00', '0.00', '0.00000000', '0.00', '0.00', '0.00000000', 0x11E7E1D6570F9A40AC8A00E04C6F7E24, '0', '0');
INSERT INTO `inventario_productos` VALUES (0x11E874696AF9B1BC9BD600270E383B06, '1527671127', 0x11E8676EAD11B2E6BDE500270E383B06, 0x11E87469D0DCC5769BD600270E383B06, 0x11E7AC1AEC9B3C87A15E00270E383B06, 0x11E852979C441E2BA72800270E383B06, 'VER13301740', 'VERONA CAUCHO TIPO A ALBARICOQUE', 'VERONA CAUCHO TIPO A ALBARICOQUE', 0x11E7AF8DE9F3C53BA5F700270E383B06, 0x11E7AF8DE9F3C53BA5F700270E383B06, '1.00', '0.00', '0.00', '0.00', '21.82', '0.00000000', '0.00', '0.00', '0.00000000', '0.00', '0.00', '0.00000000', 0x11E7E1D6570F9A40AC8A00E04C6F7E24, '0', '0');
INSERT INTO `inventario_productos` VALUES (0x11E874696AFCEB299BD600270E383B06, '1527671169', 0x11E8676EAD11B2E6BDE500270E383B06, 0x11E87469D0DF3D5E9BD600270E383B06, 0x11E7AC1AEC9B3C87A15E00270E383B06, 0x11E852979C441E2BA72800270E383B06, 'VER13301801', 'VERONA CAUCHO TIPO A AZUL BEBE', 'VERONA CAUCHO TIPO A AZUL BEBE', 0x11E7AF8DDC5D706EA5F700270E383B06, 0x11E7AF8DDC5D706EA5F700270E383B06, '1.00', '0.00', '0.00', '0.00', '5.91', '0.00000000', '0.00', '0.00', '0.00000000', '0.00', '0.00', '0.00000000', 0x11E7E1D6570F9A40AC8A00E04C6F7E24, '0', '0');
INSERT INTO `inventario_productos` VALUES (0x11E874696B0331B19BD600270E383B06, '1527671206', 0x11E8676EAD11B2E6BDE500270E383B06, 0x11E87469D0E2DEFA9BD600270E383B06, 0x11E7AC1AEC9B3C87A15E00270E383B06, 0x11E852979C441E2BA72800270E383B06, 'VER13301840', 'VERONA CAUCHO TIPO A AZUL BEBE', 'VERONA CAUCHO TIPO A AZUL BEBE', 0x11E7AF8DE9F3C53BA5F700270E383B06, 0x11E7AF8DE9F3C53BA5F700270E383B06, '1.00', '0.00', '0.00', '0.00', '21.82', '0.00000000', '0.00', '0.00', '0.00000000', '0.00', '0.00', '0.00000000', 0x11E7E1D6570F9A40AC8A00E04C6F7E24, '0', '0');
INSERT INTO `inventario_productos` VALUES (0x11E874696B0661E49BD600270E383B06, '1527671260', 0x11E8676EAD11B2E6BDE500270E383B06, 0x11E87469D0E861B79BD600270E383B06, 0x11E7AC1AEC9B3C87A15E00270E383B06, 0x11E852979C441E2BA72800270E383B06, 'VER13303001', 'VERONA CAUCHO TIPO A AZUL CIELO', 'VERONA CAUCHO TIPO A AZUL CIELO', 0x11E7AF8DDC5D706EA5F700270E383B06, 0x11E7AF8DDC5D706EA5F700270E383B06, '1.00', '0.00', '0.00', '0.00', '5.91', '0.00000000', '0.00', '0.00', '0.00000000', '0.00', '0.00', '0.00000000', 0x11E7E1D6570F9A40AC8A00E04C6F7E24, '0', '0');
INSERT INTO `inventario_productos` VALUES (0x11E874696B1134949BD600270E383B06, '1527671307', 0x11E8676EAD11B2E6BDE500270E383B06, 0x11E87469D0EC06749BD600270E383B06, 0x11E7AC1AEC9B3C87A15E00270E383B06, 0x11E852979C441E2BA72800270E383B06, 'VER13303040', 'VERONA CAUCHO TIPO A AZUL CIELO', 'VERONA CAUCHO TIPO A AZUL CIELO', 0x11E7AF8DE9F3C53BA5F700270E383B06, 0x11E7AF8DE9F3C53BA5F700270E383B06, '1.00', '0.00', '0.00', '0.00', '21.82', '0.00000000', '0.00', '0.00', '0.00000000', '0.00', '0.00', '0.00000000', 0x11E7E1D6570F9A40AC8A00E04C6F7E24, '0', '0');
INSERT INTO `inventario_productos` VALUES (0x11E874696B26367C9BD600270E383B06, '1527671359', 0x11E8676EAD11B2E6BDE500270E383B06, 0x11E87469D0EE76939BD600270E383B06, 0x11E7AC1AEC9B3C87A15E00270E383B06, 0x11E852979C441E2BA72800270E383B06, 'VER13301901', 'VERONA CAUCHO TIPO A AZUL CELESTE', 'VERONA CAUCHO TIPO A AZUL CELESTE', 0x11E7AF8DDC5D706EA5F700270E383B06, 0x11E7AF8DDC5D706EA5F700270E383B06, '1.00', '0.00', '0.00', '0.00', '5.91', '0.00000000', '0.00', '0.00', '0.00000000', '0.00', '0.00', '0.00000000', 0x11E7E1D6570F9A40AC8A00E04C6F7E24, '0', '0');
INSERT INTO `inventario_productos` VALUES (0x11E874696B2BF9E89BD600270E383B06, '1527671392', 0x11E8676EAD11B2E6BDE500270E383B06, 0x11E87469D0F3A9509BD600270E383B06, 0x11E7AC1AEC9B3C87A15E00270E383B06, 0x11E852979C441E2BA72800270E383B06, 'VER13301940', 'VERONA CAUCHO TIPO A AZUL CELESTE', 'VERONA CAUCHO TIPO A AZUL CELESTE', 0x11E7AF8DE9F3C53BA5F700270E383B06, 0x11E7AF8DE9F3C53BA5F700270E383B06, '1.00', '0.00', '0.00', '0.00', '21.82', '0.00000000', '0.00', '0.00', '0.00000000', '0.00', '0.00', '0.00000000', 0x11E7E1D6570F9A40AC8A00E04C6F7E24, '0', '0');
INSERT INTO `inventario_productos` VALUES (0x11E874696B2F20E49BD600270E383B06, '1527671439', 0x11E8676EAD11B2E6BDE500270E383B06, 0x11E87469D0F8B0569BD600270E383B06, 0x11E7AC1AEC9B3C87A15E00270E383B06, 0x11E852979C441E2BA72800270E383B06, 'VER13303101', 'VERONA CAUCHO TIPO A AZUL REY', 'VERONA CAUCHO TIPO A AZUL REY', 0x11E7AF8DDC5D706EA5F700270E383B06, 0x11E7AF8DDC5D706EA5F700270E383B06, '1.00', '0.00', '0.00', '0.00', '6.82', '0.00000000', '0.00', '0.00', '0.00000000', '0.00', '0.00', '0.00000000', 0x11E7E1D6570F9A40AC8A00E04C6F7E24, '0', '0');
INSERT INTO `inventario_productos` VALUES (0x11E874696B3C7CCC9BD600270E383B06, '1527671477', 0x11E8676EAD11B2E6BDE500270E383B06, 0x11E87469D0FDDA3C9BD600270E383B06, 0x11E7AC1AEC9B3C87A15E00270E383B06, 0x11E852979C441E2BA72800270E383B06, 'VER13303140', 'VERONA CAUCHO TIPO A AZUL REY', 'VERONA CAUCHO TIPO A AZUL REY', 0x11E7AF8DE9F3C53BA5F700270E383B06, 0x11E7AF8DE9F3C53BA5F700270E383B06, '1.00', '0.00', '0.00', '0.00', '25.45', '0.00000000', '0.00', '0.00', '0.00000000', '0.00', '0.00', '0.00000000', 0x11E7E1D6570F9A40AC8A00E04C6F7E24, '0', '0');
INSERT INTO `inventario_productos` VALUES (0x11E874696B4392149BD600270E383B06, '1527671700', 0x11E8676EAD11B2E6BDE500270E383B06, 0x11E87469D10594EF9BD600270E383B06, 0x11E7AC1AEC9B3C87A15E00270E383B06, 0x11E852979C441E2BA72800270E383B06, 'VER13303201', 'VERONA CAUCHO TIPO A VERDE AZULADO', 'VERONA CAUCHO TIPO A VERDE AZULADO', 0x11E7AF8DDC5D706EA5F700270E383B06, 0x11E7AF8DDC5D706EA5F700270E383B06, '1.00', '0.00', '0.00', '0.00', '6.82', '0.00000000', '0.00', '0.00', '0.00000000', '0.00', '0.00', '0.00000000', 0x11E7E1D6570F9A40AC8A00E04C6F7E24, '0', '0');
INSERT INTO `inventario_productos` VALUES (0x11E874696B49D3C39BD600270E383B06, '1527671738', 0x11E8676EAD11B2E6BDE500270E383B06, 0x11E87469D109418F9BD600270E383B06, 0x11E7AC1AEC9B3C87A15E00270E383B06, 0x11E852979C441E2BA72800270E383B06, 'VER13303240', 'VERONA CAUCHO TIPO A VERDE AZULADO', 'VERONA CAUCHO TIPO A VERDE AZULADO', 0x11E7AF8DDC5D706EA5F700270E383B06, 0x11E7AF8DDC5D706EA5F700270E383B06, '1.00', '0.00', '0.00', '0.00', '25.45', '0.00000000', '0.00', '0.00', '0.00000000', '0.00', '0.00', '0.00000000', 0x11E7E1D6570F9A40AC8A00E04C6F7E24, '0', '0');
INSERT INTO `inventario_productos` VALUES (0x11E874696B4D08B89BD600270E383B06, '1527671791', 0x11E8676EAD11B2E6BDE500270E383B06, 0x11E87469D10BB41F9BD600270E383B06, 0x11E7AC1AEC9B3C87A15E00270E383B06, 0x11E852979C441E2BA72800270E383B06, 'VER13303301', 'VERONA CAUCHO TIPO A AMARILLO LIMON', 'VERONA CAUCHO TIPO A AMARILLO LIMON', 0x11E7AF8DDC5D706EA5F700270E383B06, 0x11E7AF8DDC5D706EA5F700270E383B06, '1.00', '0.00', '0.00', '0.00', '6.82', '0.00000000', '0.00', '0.00', '0.00000000', '0.00', '0.00', '0.00000000', 0x11E7E1D6570F9A40AC8A00E04C6F7E24, '0', '0');
INSERT INTO `inventario_productos` VALUES (0x11E874696B503E769BD600270E383B06, '1527671825', 0x11E8676EAD11B2E6BDE500270E383B06, 0x11E87469D10E5B329BD600270E383B06, 0x11E7AC1AEC9B3C87A15E00270E383B06, 0x11E852979C441E2BA72800270E383B06, 'VER13303340', 'VERONA CAUCHO TIPO A AMARILLO LIMON', 'VERONA CAUCHO TIPO A AMARILLO LIMON', 0x11E7AF8DE9F3C53BA5F700270E383B06, 0x11E7AF8DE9F3C53BA5F700270E383B06, '1.00', '0.00', '0.00', '0.00', '25.45', '0.00000000', '0.00', '0.00', '0.00000000', '0.00', '0.00', '0.00000000', 0x11E7E1D6570F9A40AC8A00E04C6F7E24, '0', '0');
INSERT INTO `inventario_productos` VALUES (0x11E874696B556FD89BD600270E383B06, '1527676902', 0x11E8676EAD11B2E6BDE500270E383B06, 0x11E87469D110D11A9BD600270E383B06, 0x11E7AC1AEC9B3C87A15E00270E383B06, 0x11E852979C441E2BA72800270E383B06, 'VER13303401', 'VERONA CAUCHO TIPO A VERDE GRAMA-HOJA', 'VERONA CAUCHO TIPO A VERDE GRAMA-HOJA', 0x11E7AF8DDC5D706EA5F700270E383B06, 0x11E7AF8DDC5D706EA5F700270E383B06, '1.00', '0.00', '0.00', '0.00', '6.82', '0.00000000', '0.00', '0.00', '0.00000000', '0.00', '0.00', '0.00000000', 0x11E7E1D6570F9A40AC8A00E04C6F7E24, '0', '0');
INSERT INTO `inventario_productos` VALUES (0x11E874696B5B022A9BD600270E383B06, '1527676941', 0x11E8676EAD11B2E6BDE500270E383B06, 0x11E87469D11370329BD600270E383B06, 0x11E7AC1AEC9B3C87A15E00270E383B06, 0x11E852979C441E2BA72800270E383B06, 'VER13303440', 'VERONA CAUCHO TIPO A VERDE GRAMA-HOJA', 'VERONA CAUCHO TIPO A VERDE GRAMA-HOJA', 0x11E7AF8DE9F3C53BA5F700270E383B06, 0x11E7AF8DE9F3C53BA5F700270E383B06, '1.00', '0.00', '0.00', '0.00', '25.45', '0.00000000', '0.00', '0.00', '0.00000000', '0.00', '0.00', '0.00000000', 0x11E7E1D6570F9A40AC8A00E04C6F7E24, '0', '0');
INSERT INTO `inventario_productos` VALUES (0x11E874696B6722AB9BD600270E383B06, '1527676997', 0x11E8676EAD11B2E6BDE500270E383B06, 0x11E87469D115E1BE9BD600270E383B06, 0x11E7AC1AEC9B3C87A15E00270E383B06, 0x11E852979C441E2BA72800270E383B06, 'VER13303601', 'VERONA CAUCHO TIPO A OSTRA ARADO', 'VERONA CAUCHO TIPO A OSTRA ARADO', 0x11E7AF8DDC5D706EA5F700270E383B06, 0x11E7AF8DDC5D706EA5F700270E383B06, '1.00', '0.00', '0.00', '0.00', '5.45', '0.00000000', '0.00', '0.00', '0.00000000', '0.00', '0.00', '0.00000000', 0x11E7E1D6570F9A40AC8A00E04C6F7E24, '0', '0');
INSERT INTO `inventario_productos` VALUES (0x11E874696B6D857B9BD600270E383B06, '1527677030', 0x11E8676EAD11B2E6BDE500270E383B06, 0x11E87469D11BBEEF9BD600270E383B06, 0x11E7AC1AEC9B3C87A15E00270E383B06, 0x11E852979C441E2BA72800270E383B06, 'VER13303640', 'VERONA CAUCHO TIPO A OSTRA ARADO', 'VERONA CAUCHO TIPO A OSTRA ARADO', 0x11E7AF8DE9F3C53BA5F700270E383B06, 0x11E7AF8DE9F3C53BA5F700270E383B06, '1.00', '0.00', '0.00', '0.00', '22.73', '0.00000000', '0.00', '0.00', '0.00000000', '0.00', '0.00', '0.00000000', 0x11E7E1D6570F9A40AC8A00E04C6F7E24, '0', '0');
INSERT INTO `inventario_productos` VALUES (0x11E874696B73335F9BD600270E383B06, '1527677084', 0x11E8676EAD11B2E6BDE500270E383B06, 0x11E87469D12842BC9BD600270E383B06, 0x11E7AC1AEC9B3C87A15E00270E383B06, 0x11E852979C441E2BA72800270E383B06, 'VER13302001', 'VERONA CAUCHO TIPO A VERDE MOHO (OLIVO)', 'VERONA CAUCHO TIPO A VERDE MOHO (OLIVO)', 0x11E7AF8DDC5D706EA5F700270E383B06, 0x11E7AF8DDC5D706EA5F700270E383B06, '1.00', '0.00', '0.00', '0.00', '6.82', '0.00000000', '0.00', '0.00', '0.00000000', '0.00', '0.00', '0.00000000', 0x11E7E1D6570F9A40AC8A00E04C6F7E24, '0', '0');
INSERT INTO `inventario_productos` VALUES (0x11E874696B7A37279BD600270E383B06, '1527677120', 0x11E8676EAD11B2E6BDE500270E383B06, 0x11E87469D136F5A49BD600270E383B06, 0x11E7AC1AEC9B3C87A15E00270E383B06, 0x11E852979C441E2BA72800270E383B06, 'VER13302040', 'VERONA CAUCHO TIPO A VERDE MOHO (OLIVO)', 'VERONA CAUCHO TIPO A VERDE MOHO (OLIVO)', 0x11E7AF8DE9F3C53BA5F700270E383B06, 0x11E7AF8DE9F3C53BA5F700270E383B06, '1.00', '0.00', '0.00', '0.00', '20.91', '0.00000000', '0.00', '0.00', '0.00000000', '0.00', '0.00', '0.00000000', 0x11E7E1D6570F9A40AC8A00E04C6F7E24, '0', '0');
INSERT INTO `inventario_productos` VALUES (0x11E874696B8085149BD600270E383B06, '1527677169', 0x11E8676EAD11B2E6BDE500270E383B06, 0x11E87469D13985479BD600270E383B06, 0x11E7AC1AEC9B3C87A15E00270E383B06, 0x11E852979C441E2BA72800270E383B06, 'VER13302501', 'VERONA CAUCHO TIPO A VERDE MANZANA', 'VERONA CAUCHO TIPO A VERDE MANZANA', 0x11E7AF8DDC5D706EA5F700270E383B06, 0x11E7AF8DDC5D706EA5F700270E383B06, '1.00', '0.00', '0.00', '0.00', '6.82', '0.00000000', '0.00', '0.00', '0.00000000', '0.00', '0.00', '0.00000000', 0x11E7E1D6570F9A40AC8A00E04C6F7E24, '0', '0');
INSERT INTO `inventario_productos` VALUES (0x11E874696B878AFD9BD600270E383B06, '1527677199', 0x11E8676EAD11B2E6BDE500270E383B06, 0x11E87469D13DAB159BD600270E383B06, 0x11E7AC1AEC9B3C87A15E00270E383B06, 0x11E852979C441E2BA72800270E383B06, 'VER13302540', 'VERONA CAUCHO TIPO A VERDE MANZANA', 'VERONA CAUCHO TIPO A VERDE MANZANA', 0x11E7AF8DE9F3C53BA5F700270E383B06, 0x11E7AF8DE9F3C53BA5F700270E383B06, '1.00', '0.00', '0.00', '0.00', '25.45', '0.00000000', '0.00', '0.00', '0.00000000', '0.00', '0.00', '0.00000000', 0x11E7E1D6570F9A40AC8A00E04C6F7E24, '0', '0');
INSERT INTO `inventario_productos` VALUES (0x11E874696B8DE71E9BD600270E383B06, '1527677242', 0x11E8676EAD11B2E6BDE500270E383B06, 0x11E87469D14CA29E9BD600270E383B06, 0x11E7AC1AEC9B3C87A15E00270E383B06, 0x11E852979C441E2BA72800270E383B06, 'VER13302101', 'VERONA CAUCHO TIPO A VERDE CASCADA', 'VERONA CAUCHO TIPO A VERDE CASCADA', 0x11E7AF8DDC5D706EA5F700270E383B06, 0x11E7AF8DDC5D706EA5F700270E383B06, '1.00', '0.00', '0.00', '0.00', '5.91', '0.00000000', '0.00', '0.00', '0.00000000', '0.00', '0.00', '0.00000000', 0x11E7E1D6570F9A40AC8A00E04C6F7E24, '0', '0');
INSERT INTO `inventario_productos` VALUES (0x11E874696B93A8B59BD600270E383B06, '1527677299', 0x11E8676EAD11B2E6BDE500270E383B06, 0x11E87469D151A6B09BD600270E383B06, 0x11E7AC1AEC9B3C87A15E00270E383B06, 0x11E852979C441E2BA72800270E383B06, 'VER13302140', 'VERONA CAUCHO TIPO A VERDE CASCADA', 'VERONA CAUCHO TIPO A VERDE CASCADA', 0x11E7AF8DE9F3C53BA5F700270E383B06, 0x11E7AF8DE9F3C53BA5F700270E383B06, '1.00', '0.00', '0.00', '0.00', '21.82', '0.00000000', '0.00', '0.00', '0.00000000', '0.00', '0.00', '0.00000000', 0x11E7E1D6570F9A40AC8A00E04C6F7E24, '0', '0');
INSERT INTO `inventario_productos` VALUES (0x11E874696B96D1D29BD600270E383B06, '1527677336', 0x11E8676EAD11B2E6BDE500270E383B06, 0x11E87469D1544A599BD600270E383B06, 0x11E7AC1AEC9B3C87A15E00270E383B06, 0x11E852979C441E2BA72800270E383B06, 'VER13302201', 'VERONA CAUCHO TIPO A VERDE BEBE', 'VERONA CAUCHO TIPO A VERDE BEBE', 0x11E7AF8DDC5D706EA5F700270E383B06, 0x11E7AF8DDC5D706EA5F700270E383B06, '1.00', '0.00', '0.00', '0.00', '5.91', '0.00000000', '0.00', '0.00', '0.00000000', '0.00', '0.00', '0.00000000', 0x11E7E1D6570F9A40AC8A00E04C6F7E24, '0', '0');
INSERT INTO `inventario_productos` VALUES (0x11E874696B9C93BA9BD600270E383B06, '1527677370', 0x11E8676EAD11B2E6BDE500270E383B06, 0x11E87469D156C1069BD600270E383B06, 0x11E7AC1AEC9B3C87A15E00270E383B06, 0x11E852979C441E2BA72800270E383B06, 'VER13301840', 'VERONA CAUCHO TIPO A VERDE BEBE', 'VERONA CAUCHO TIPO A VERDE BEBE', 0x11E7AF8DE9F3C53BA5F700270E383B06, 0x11E7AF8DE9F3C53BA5F700270E383B06, '1.00', '0.00', '0.00', '0.00', '21.82', '0.00000000', '0.00', '0.00', '0.00000000', '0.00', '0.00', '0.00000000', 0x11E7E1D6570F9A40AC8A00E04C6F7E24, '0', '0');
INSERT INTO `inventario_productos` VALUES (0x11E874696BA2D7919BD600270E383B06, '1527677434', 0x11E8676EAD11B2E6BDE500270E383B06, 0x11E87469D159637D9BD600270E383B06, 0x11E7AC1AEC9B3C87A15E00270E383B06, 0x11E852979C441E2BA72800270E383B06, 'VER13302301', 'VERONA CAUCHO TIPO A LILA', 'VERONA CAUCHO TIPO A LILA', 0x11E7AF8DDC5D706EA5F700270E383B06, 0x11E7AF8DDC5D706EA5F700270E383B06, '1.00', '0.00', '0.00', '0.00', '6.55', '0.00000000', '0.00', '0.00', '0.00000000', '0.00', '0.00', '0.00000000', 0x11E7E1D6570F9A40AC8A00E04C6F7E24, '0', '0');
INSERT INTO `inventario_productos` VALUES (0x11E874696BA612209BD600270E383B06, '1527677465', 0x11E8676EAD11B2E6BDE500270E383B06, 0x11E87469D15BD0189BD600270E383B06, 0x11E7AC1AEC9B3C87A15E00270E383B06, 0x11E852979C441E2BA72800270E383B06, 'VER13302340', 'VERONA CAUCHO TIPO A LILA', 'VERONA CAUCHO TIPO A LILA', 0x11E7AF8DE9F3C53BA5F700270E383B06, 0x11E7AF8DE9F3C53BA5F700270E383B06, '1.00', '0.00', '0.00', '0.00', '22.73', '0.00000000', '0.00', '0.00', '0.00000000', '0.00', '0.00', '0.00000000', 0x11E7E1D6570F9A40AC8A00E04C6F7E24, '0', '0');
INSERT INTO `inventario_productos` VALUES (0x11E874696BAD4FE39BD600270E383B06, '1527677507', 0x11E8676EAD11B2E6BDE500270E383B06, 0x11E87469D15E81549BD600270E383B06, 0x11E7AC1AEC9B3C87A15E00270E383B06, 0x11E852979C441E2BA72800270E383B06, 'VER13303501', 'VERONA CAUCHO TIPO A LAVANDA', 'VERONA CAUCHO TIPO A LAVANDA', 0x11E7AF8DDC5D706EA5F700270E383B06, 0x11E7AF8DDC5D706EA5F700270E383B06, '1.00', '0.00', '0.00', '0.00', '6.18', '0.00000000', '0.00', '0.00', '0.00000000', '0.00', '0.00', '0.00000000', 0x11E7E1D6570F9A40AC8A00E04C6F7E24, '0', '0');
INSERT INTO `inventario_productos` VALUES (0x11E874696BC15B909BD600270E383B06, '1527677540', 0x11E8676EAD11B2E6BDE500270E383B06, 0x11E87469D160F2439BD600270E383B06, 0x11E7AC1AEC9B3C87A15E00270E383B06, 0x11E852979C441E2BA72800270E383B06, 'VER13303540', 'VERONA CAUCHO TIPO A LAVANDA', 'VERONA CAUCHO TIPO A LAVANDA', 0x11E7AF8DE9F3C53BA5F700270E383B06, 0x11E7AF8DE9F3C53BA5F700270E383B06, '1.00', '0.00', '0.00', '0.00', '21.82', '0.00000000', '0.00', '0.00', '0.00000000', '0.00', '0.00', '0.00000000', 0x11E7E1D6570F9A40AC8A00E04C6F7E24, '0', '0');
INSERT INTO `inventario_productos` VALUES (0x11E874696BC49AFA9BD600270E383B06, '1527677645', 0x11E8676EAD11B2E6BDE500270E383B06, 0x11E87469D16442DC9BD600270E383B06, 0x11E7AC1AEC9B3C87A15E00270E383B06, 0x11E852979C441E2BA72800270E383B06, 'VER13301101', 'VERONA CAUCHO TIPO A CHOCOLATE', 'VERONA CAUCHO TIPO A CHOCOLATE', 0x11E7AF8DDC5D706EA5F700270E383B06, 0x11E7AF8DDC5D706EA5F700270E383B06, '1.00', '0.00', '0.00', '0.00', '5.45', '0.00000000', '0.00', '0.00', '0.00000000', '0.00', '0.00', '0.00000000', 0x11E7E1D6570F9A40AC8A00E04C6F7E24, '0', '0');
INSERT INTO `inventario_productos` VALUES (0x11E874696BDD62F79BD600270E383B06, '1527677673', 0x11E8676EAD11B2E6BDE500270E383B06, 0x11E87469D168B9979BD600270E383B06, 0x11E7AC1AEC9B3C87A15E00270E383B06, 0x11E852979C441E2BA72800270E383B06, 'VER13301140', 'VERONA CAUCHO TIPO A CHOCOLATE', 'VERONA CAUCHO TIPO A CHOCOLATE', 0x11E7AF8DE9F3C53BA5F700270E383B06, 0x11E7AF8DE9F3C53BA5F700270E383B06, '1.00', '0.00', '0.00', '0.00', '20.91', '0.00000000', '0.00', '0.00', '0.00000000', '0.00', '0.00', '0.00000000', 0x11E7E1D6570F9A40AC8A00E04C6F7E24, '0', '0');
INSERT INTO `inventario_productos` VALUES (0x11E874696BE801719BD600270E383B06, '1527677708', 0x11E8676EAD11B2E6BDE500270E383B06, 0x11E87469D16C6F2C9BD600270E383B06, 0x11E7AC1AEC9B3C87A15E00270E383B06, 0x11E852979C441E2BA72800270E383B06, 'VER13301201', 'VERONA CAUCHO TIPO A CANELA', 'VERONA CAUCHO TIPO A CANELA', 0x11E7AF8DDC5D706EA5F700270E383B06, 0x11E7AF8DDC5D706EA5F700270E383B06, '1.00', '0.00', '0.00', '0.00', '5.45', '0.00000000', '0.00', '0.00', '0.00000000', '0.00', '0.00', '0.00000000', 0x11E7E1D6570F9A40AC8A00E04C6F7E24, '0', '0');
INSERT INTO `inventario_productos` VALUES (0x11E874696BECBE539BD600270E383B06, '1527677738', 0x11E8676EAD11B2E6BDE500270E383B06, 0x11E87469D173552A9BD600270E383B06, 0x11E7AC1AEC9B3C87A15E00270E383B06, 0x11E852979C441E2BA72800270E383B06, 'VER13301240', 'VERONA CAUCHO TIPO A CANELA', 'VERONA CAUCHO TIPO A CANELA', 0x11E7AF8DE9F3C53BA5F700270E383B06, 0x11E7AF8DE9F3C53BA5F700270E383B06, '1.00', '0.00', '0.00', '0.00', '20.91', '0.00000000', '0.00', '0.00', '0.00000000', '0.00', '0.00', '0.00000000', 0x11E7E1D6570F9A40AC8A00E04C6F7E24, '0', '0');
INSERT INTO `inventario_productos` VALUES (0x11E874696BF600D79BD600270E383B06, '1527698472', 0x11E8676EAD11B2E6BDE500270E383B06, 0x11E87469D1769C989BD600270E383B06, 0x11E7AC1ACC1DCFE0A15E00270E383B06, 0x11E7A91C8DE28C038A4800E04C6F7E24, 'MRM01', 'RESINA MEDIA AL 35%', 'RESINA MEDIA FLAMUKO', 0x11E7A90D43325DA68A4800E04C6F7E24, 0x11E7A90D43325DA68A4800E04C6F7E24, '1.00', '0.00', '0.00', '0.00', '1.60', '0.00000000', '0.00', '0.00', '0.00000000', '0.00', '0.00', '0.00000000', 0x11E7E1D6570F9A40AC8A00E04C6F7E24, '0', '0');
INSERT INTO `inventario_productos` VALUES (0x11E874696BFCC7489BD600270E383B06, '1527698553', 0x11E8676EAD11B2E6BDE500270E383B06, 0x11E87469D179154D9BD600270E383B06, 0x11E7AC1ACC1DCFE0A15E00270E383B06, 0x11E7A91C8DE28C038A4800E04C6F7E24, 'MRL01', 'RESINA LARGA DE SOYA AL 70%', 'RESINA LARGA PACHIM', 0x11E7A90D43325DA68A4800E04C6F7E24, 0x11E7A90D43325DA68A4800E04C6F7E24, '1.00', '0.00', '0.00', '0.00', '2.20', '0.00000000', '0.00', '0.00', '0.00000000', '0.00', '0.00', '0.00000000', 0x11E7E1D6570F9A40AC8A00E04C6F7E24, '0', '0');
INSERT INTO `inventario_productos` VALUES (0x11E874696C0616C19BD600270E383B06, '1527698724', 0x11E8676EAD11B2E6BDE500270E383B06, 0x11E87469D17BA25D9BD600270E383B06, 0x11E7AC1ACC1DCFE0A15E00270E383B06, 0x11E7A91C8DE28C038A4800E04C6F7E24, 'MESP01', 'CELLOCIZE QP 100', 'CELLOCIZE ESPESANTE', 0x11E7AF8A08F0A02CA5F700270E383B06, 0x11E7AF8A08F0A02CA5F700270E383B06, '1.00', '0.00', '0.00', '0.00', '10.90', '0.00000000', '0.00', '0.00', '0.00000000', '0.00', '0.00', '0.00000000', 0x11E7E1D6570F9A40AC8A00E04C6F7E24, '0', '0');
INSERT INTO `inventario_productos` VALUES (0x11E874696C0C94BD9BD600270E383B06, '1527698880', 0x11E8676EAD11B2E6BDE500270E383B06, 0x11E87469D17E2CF49BD600270E383B06, 0x11E7AC1ACC1DCFE0A15E00270E383B06, 0x11E7A91C8DE28C038A4800E04C6F7E24, 'MSP01', 'LEAD DRIER', 'SECADOR DE PLOMO AL 36%', 0x11E7A90D43325DA68A4800E04C6F7E24, 0x11E7A90D43325DA68A4800E04C6F7E24, '1.00', '0.00', '0.00', '0.00', '3.00', '0.00000000', '0.00', '0.00', '0.00000000', '0.00', '0.00', '0.00000000', 0x11E7E1D6570F9A40AC8A00E04C6F7E24, '0', '0');
INSERT INTO `inventario_productos` VALUES (0x11E874696C1594FF9BD600270E383B06, '1527699031', 0x11E8676EAD11B2E6BDE500270E383B06, 0x11E87469D180BA259BD600270E383B06, 0x11E7AC1ACC1DCFE0A15E00270E383B06, 0x11E7A91C8DE28C038A4800E04C6F7E24, 'MSC01', 'OCTOATE COBALT AL 10 %', 'SECANTE DE COBALTO AL 10 %', 0x11E7A90D43325DA68A4800E04C6F7E24, 0x11E7A90D43325DA68A4800E04C6F7E24, '1.00', '0.00', '0.00', '0.00', '9.80', '0.00000000', '0.00', '0.00', '0.00000000', '0.00', '0.00', '0.00000000', 0x11E7E1D6570F9A40AC8A00E04C6F7E24, '0', '0');
INSERT INTO `inventario_productos` VALUES (0x11E874696C1BBA3E9BD600270E383B06, '1527699103', 0x11E8676EAD11B2E6BDE500270E383B06, 0x11E87469D1833F689BD600270E383B06, 0x11E7AC1ACC1DCFE0A15E00270E383B06, 0x11E7A91C8DE28C038A4800E04C6F7E24, 'MSCIO01', 'OCTOATE CALCIUM AL 10%', 'SECANTE DE CALCIO AL 10%', 0x11E7A90D43325DA68A4800E04C6F7E24, 0x11E7A90D43325DA68A4800E04C6F7E24, '1.00', '0.00', '0.00', '0.00', '4.50', '0.00000000', '0.00', '0.00', '0.00000000', '0.00', '0.00', '0.00000000', 0x11E7E1D6570F9A40AC8A00E04C6F7E24, '0', '0');
INSERT INTO `inventario_productos` VALUES (0x11E874696C23508B9BD600270E383B06, '1527699158', 0x11E8676EAD11B2E6BDE500270E383B06, 0x11E87469D185CFD79BD600270E383B06, 0x11E7AC1ACC1DCFE0A15E00270E383B06, 0x11E7A91C8DE28C038A4800E04C6F7E24, 'MD01', 'DENSIPOL', 'DENSIPOL ANTIESPUMANTE', 0x11E7AF8A08F0A02CA5F700270E383B06, 0x11E7AF8A08F0A02CA5F700270E383B06, '1.00', '0.00', '0.00', '0.00', '3.50', '0.00000000', '0.00', '0.00', '0.00000000', '0.00', '0.00', '0.00000000', 0x11E7E1D6570F9A40AC8A00E04C6F7E24, '0', '0');
INSERT INTO `inventario_productos` VALUES (0x11E874696C2877879BD600270E383B06, '1527699208', 0x11E8676EAD11B2E6BDE500270E383B06, 0x11E87469D18AF7B59BD600270E383B06, 0x11E7AC1ACC1DCFE0A15E00270E383B06, 0x11E7A91C8DE28C038A4800E04C6F7E24, 'MV01', 'VISCOGEL ED', 'VISCOGEL ED BENTONITA', 0x11E7AF8A08F0A02CA5F700270E383B06, 0x11E7AF8A08F0A02CA5F700270E383B06, '1.00', '0.00', '0.00', '0.00', '7.00', '0.00000000', '0.00', '0.00', '0.00000000', '0.00', '0.00', '0.00000000', 0x11E7E1D6570F9A40AC8A00E04C6F7E24, '0', '0');
INSERT INTO `inventario_productos` VALUES (0x11E874696C2D70BD9BD600270E383B06, '1527699492', 0x11E8676EAD11B2E6BDE500270E383B06, 0x11E87469D18D70809BD600270E383B06, 0x11E7AC1ACC1DCFE0A15E00270E383B06, 0x11E7A91C8DE28C038A4800E04C6F7E24, 'MRE01', 'RESINA ESTIRENO ACRILICA', 'ARAKRIL M-609', 0x11E7AF8A08F0A02CA5F700270E383B06, 0x11E7AF8A08F0A02CA5F700270E383B06, '1.00', '0.00', '0.00', '0.00', '2.00', '0.00000000', '0.00', '0.00', '0.00000000', '0.00', '0.00', '0.00000000', 0x11E7E1D6570F9A40AC8A00E04C6F7E24, '0', '0');
INSERT INTO `inventario_productos` VALUES (0x11E874696C30C77B9BD600270E383B06, '1527699638', 0x11E8676EAD11B2E6BDE500270E383B06, 0x11E87469D18FFBEF9BD600270E383B06, 0x11E7AC1ACC1DCFE0A15E00270E383B06, 0x11E7A91C8DE28C038A4800E04C6F7E24, 'MCC01', 'CARBONATO DE CALCIO NIGTA 1 625', 'NIGTA 1 ESTRA BLANCO', 0x11E7AF8A08F0A02CA5F700270E383B06, 0x11E7AF8A08F0A02CA5F700270E383B06, '1.00', '0.00', '0.00', '0.00', '0.32', '0.00000000', '0.00', '0.00', '0.00000000', '0.00', '0.00', '0.00000000', 0x11E7E1D6570F9A40AC8A00E04C6F7E24, '0', '0');
INSERT INTO `inventario_productos` VALUES (0x11E874696C37255A9BD600270E383B06, '1527699711', 0x11E8676EAD11B2E6BDE500270E383B06, 0x11E87469D19287E99BD600270E383B06, 0x11E7AC1ACC1DCFE0A15E00270E383B06, 0x11E7A91C8DE28C038A4800E04C6F7E24, 'MB01', 'BIOPOL F1 L1', 'BACTERICIDA', 0x11E7AF8A08F0A02CA5F700270E383B06, 0x11E7AF8A165DB218A5F700270E383B06, '1.00', '0.00', '0.00', '0.00', '3.00', '0.00000000', '0.00', '0.00', '0.00000000', '0.00', '0.00', '0.00000000', 0x11E7E1D6570F9A40AC8A00E04C6F7E24, '0', '0');
INSERT INTO `inventario_productos` VALUES (0x11E874696C3A373D9BD600270E383B06, '1527699761', 0x11E8676EAD11B2E6BDE500270E383B06, 0x11E87469D19510B49BD600270E383B06, 0x11E7AC1ACC1DCFE0A15E00270E383B06, 0x11E7A91C8DE28C038A4800E04C6F7E24, 'MPA01', 'PASTA ALUMINIO', 'ALBA ALUMINIUM', 0x11E7A90D43325DA68A4800E04C6F7E24, 0x11E7A90D43325DA68A4800E04C6F7E24, '1.00', '0.00', '0.00', '0.00', '10.00', '0.00000000', '0.00', '0.00', '0.00000000', '0.00', '0.00', '0.00000000', 0x11E7E1D6570F9A40AC8A00E04C6F7E24, '0', '0');
INSERT INTO `inventario_productos` VALUES (0x11E874696C3D7B859BD600270E383B06, '1527699822', 0x11E8676EAD11B2E6BDE500270E383B06, 0x11E87469D1979EE59BD600270E383B06, 0x11E7AC1ACC1DCFE0A15E00270E383B06, 0x11E7A91C8DE28C038A4800E04C6F7E24, 'MAD01', 'ARPOL A445', 'AGENTE DISPERSANTE A445', 0x11E7AF8A165DB218A5F700270E383B06, 0x11E7AF8A165DB218A5F700270E383B06, '1.00', '0.00', '0.00', '0.00', '5.00', '0.00000000', '0.00', '0.00', '0.00000000', '0.00', '0.00', '0.00000000', 0x11E7E1D6570F9A40AC8A00E04C6F7E24, '0', '0');
INSERT INTO `inventario_productos` VALUES (0x11E874696C4094689BD600270E383B06, '1527700100', 0x11E8676EAD11B2E6BDE500270E383B06, 0x11E87469D19A27039BD600270E383B06, 0x11E7AC1ACC1DCFE0A15E00270E383B06, 0x11E7A91C8DE28C038A4800E04C6F7E24, 'MESP01', 'MECELLOZE', 'ESPESANTE MECELLOZE', 0x11E7A90D43325DA68A4800E04C6F7E24, 0x11E7A90D43325DA68A4800E04C6F7E24, '1.00', '0.00', '0.00', '0.00', '10.00', '0.00000000', '0.00', '0.00', '0.00000000', '0.00', '0.00', '0.00000000', 0x11E7E1D6570F9A40AC8A00E04C6F7E24, '0', '0');
INSERT INTO `inventario_productos` VALUES (0x11E874696C4A6B299BD600270E383B06, '1527700336', 0x11E8676EAD11B2E6BDE500270E383B06, 0x11E87469D19CB5269BD600270E383B06, 0x11E7AC1ACC1DCFE0A15E00270E383B06, 0x11E7A91C8DE28C038A4800E04C6F7E24, 'MCLIN01', 'CAOLIN NACIONAL LARA 400', 'CAOLIN LARA MALLA 400', 0x11E7AF8A08F0A02CA5F700270E383B06, 0x11E7AF8A165DB218A5F700270E383B06, '1.00', '0.00', '0.00', '0.00', '0.06', '0.00000000', '0.00', '0.00', '0.00000000', '0.00', '0.00', '0.00000000', 0x11E7E1D6570F9A40AC8A00E04C6F7E24, '0', '0');
INSERT INTO `inventario_productos` VALUES (0x11E874696C69398D9BD600270E383B06, '1527700434', 0x11E8676EAD11B2E6BDE500270E383B06, 0x11E87469D19F3D539BD600270E383B06, 0x11E7AC1ACC1DCFE0A15E00270E383B06, 0x11E7A91C8DE28C038A4800E04C6F7E24, 'MCLINIMP01', 'CAOLIN IMPORTADO BLANCO 400', 'CAOLIN BLANCO', 0x11E7AF8A08F0A02CA5F700270E383B06, 0x11E7AF8A165DB218A5F700270E383B06, '1.00', '0.00', '0.00', '0.00', '0.80', '0.00000000', '0.00', '0.00', '0.00000000', '0.00', '0.00', '0.00000000', 0x11E7E1D6570F9A40AC8A00E04C6F7E24, '0', '0');
INSERT INTO `inventario_productos` VALUES (0x11E874696C8175139BD600270E383B06, '1527700511', 0x11E8676EAD11B2E6BDE500270E383B06, 0x11E87469D1A1CB2C9BD600270E383B06, 0x11E7AC1ACC1DCFE0A15E00270E383B06, 0x11E7A91C8DE28C038A4800E04C6F7E24, 'MCABSI01', 'CARBONATO DE CALCIO ABSI', 'ABSI', 0x11E7AF8A08F0A02CA5F700270E383B06, 0x11E7AF8A165DB218A5F700270E383B06, '1.00', '0.00', '0.00', '0.00', '0.39', '0.00000000', '0.00', '0.00', '0.00000000', '0.00', '0.00', '0.00000000', 0x11E7E1D6570F9A40AC8A00E04C6F7E24, '0', '0');
INSERT INTO `inventario_productos` VALUES (0x11E874696C9326379BD600270E383B06, '1527700685', 0x11E8676EAD11B2E6BDE500270E383B06, 0x11E87469D1A453909BD600270E383B06, 0x11E7AC1ACC1DCFE0A15E00270E383B06, 0x11E7A91C8DE28C038A4800E04C6F7E24, 'MCN01', 'CARBONATO DE CALCIO NACIONAL M400', 'CARBONATO DE CALCIO', 0x11E7AF8A08F0A02CA5F700270E383B06, 0x11E7AF8A165DB218A5F700270E383B06, '1.00', '0.00', '0.00', '0.00', '0.05', '0.00000000', '0.00', '0.00', '0.00000000', '0.00', '0.00', '0.00000000', 0x11E7E1D6570F9A40AC8A00E04C6F7E24, '0', '0');
INSERT INTO `inventario_productos` VALUES (0x11E874696C9995EA9BD600270E383B06, '1527700787', 0x11E8676EAD11B2E6BDE500270E383B06, 0x11E87469D1A6E7339BD600270E383B06, 0x11E7AC1ACC1DCFE0A15E00270E383B06, 0x11E7A91C8DE28C038A4800E04C6F7E24, 'MCN27001', 'CARBONATO DE CALCIO NACIONAL MICROCARIBE N270', 'MICROCARIBE N270', 0x11E7AF8A08F0A02CA5F700270E383B06, 0x11E7AF8A165DB218A5F700270E383B06, '1.00', '0.00', '0.00', '0.00', '0.04', '0.00000000', '0.00', '0.00', '0.00000000', '0.00', '0.00', '0.00000000', 0x11E7E1D6570F9A40AC8A00E04C6F7E24, '0', '0');
INSERT INTO `inventario_productos` VALUES (0x11E874696C9FDE009BD600270E383B06, '1527700876', 0x11E8676EAD11B2E6BDE500270E383B06, 0x11E87469D1A963B89BD600270E383B06, 0x11E7AC1ACC1DCFE0A15E00270E383B06, 0x11E7A91C8DE28C038A4800E04C6F7E24, 'MCMN6001', 'CARBONATO DE CALCIO NACIONAL MICRO N60', 'MICROCARIBE N60', 0x11E7AF8A08F0A02CA5F700270E383B06, 0x11E7AF8A165DB218A5F700270E383B06, '1.00', '0.00', '0.00', '0.00', '0.04', '0.00000000', '0.00', '0.00', '0.00000000', '0.00', '0.00', '0.00000000', 0x11E7E1D6570F9A40AC8A00E04C6F7E24, '0', '0');
INSERT INTO `inventario_productos` VALUES (0x11E874696CA338FC9BD600270E383B06, '1527701020', 0x11E8676EAD11B2E6BDE500270E383B06, 0x11E87469D1ADD0899BD600270E383B06, 0x11E7AC1ACC1DCFE0A15E00270E383B06, 0x11E7A91C8DE28C038A4800E04C6F7E24, 'MCN60001', 'CARBONATO DE CALCIO NACIONAL MICRO CARIBE N600', 'MICRO CARIBE N600', 0x11E7AF8A08F0A02CA5F700270E383B06, 0x11E7AF8A165DB218A5F700270E383B06, '1.00', '0.00', '0.00', '0.00', '0.04', '0.00000000', '0.00', '0.00', '0.00000000', '0.00', '0.00', '0.00000000', 0x11E7E1D6570F9A40AC8A00E04C6F7E24, '0', '0');
INSERT INTO `inventario_productos` VALUES (0x11E874696CAADBCD9BD600270E383B06, '1527701192', 0x11E8676EAD11B2E6BDE500270E383B06, 0x11E87469D1B4E2F59BD600270E383B06, 0x11E7AC1ACC1DCFE0A15E00270E383B06, 0x11E7A91C8DE28C038A4800E04C6F7E24, 'MB2401', 'BENTONE 24', 'BENTONE 24', 0x11E7AF8A165DB218A5F700270E383B06, 0x11E7AF8A165DB218A5F700270E383B06, '1.00', '0.00', '0.00', '0.00', '2.50', '0.00000000', '0.00', '0.00', '0.00000000', '0.00', '0.00', '0.00000000', 0x11E7E1D6570F9A40AC8A00E04C6F7E24, '0', '0');
INSERT INTO `inventario_productos` VALUES (0x11E874696CADEF1D9BD600270E383B06, '1527701300', 0x11E8676EAD11B2E6BDE500270E383B06, 0x11E87469D1BA008A9BD600270E383B06, 0x11E7AC1ACC1DCFE0A15E00270E383B06, 0x11E7A91C8DE28C038A4800E04C6F7E24, 'MHBA01', 'HBA 750', 'HBA 750', 0x11E7A90D43325DA68A4800E04C6F7E24, 0x11E7A90D43325DA68A4800E04C6F7E24, '1.00', '0.00', '0.00', '0.00', '4.50', '0.00000000', '0.00', '0.00', '0.00000000', '0.00', '0.00', '0.00000000', 0x11E7E1D6570F9A40AC8A00E04C6F7E24, '0', '0');
INSERT INTO `inventario_productos` VALUES (0x11E874696CB13BD79BD600270E383B06, '1527701344', 0x11E8676EAD11B2E6BDE500270E383B06, 0x11E87469D1BC82C99BD600270E383B06, 0x11E7AC1ACC1DCFE0A15E00270E383B06, 0x11E7A91C8DE28C038A4800E04C6F7E24, 'MF01', 'FALAMINE PLUS', 'FALAMINE', 0x11E7A90D43325DA68A4800E04C6F7E24, 0x11E7A90D43325DA68A4800E04C6F7E24, '1.00', '0.00', '0.00', '0.00', '3.00', '0.00000000', '0.00', '0.00', '0.00000000', '0.00', '0.00', '0.00000000', 0x11E7E1D6570F9A40AC8A00E04C6F7E24, '0', '0');
INSERT INTO `inventario_productos` VALUES (0x11E874696CB44A499BD600270E383B06, '1527701396', 0x11E8676EAD11B2E6BDE500270E383B06, 0x11E87469D1C2E3AC9BD600270E383B06, 0x11E7AC1ACC1DCFE0A15E00270E383B06, 0x11E7A91C8DE28C038A4800E04C6F7E24, 'MRUE01', 'ROPAQUE ULTA E', 'ROPAQUE ULTA E', 0x11E7A90D43325DA68A4800E04C6F7E24, 0x11E7A90D43325DA68A4800E04C6F7E24, '1.00', '0.00', '0.00', '0.00', '5.00', '0.00000000', '0.00', '0.00', '0.00000000', '0.00', '0.00', '0.00000000', 0x11E7E1D6570F9A40AC8A00E04C6F7E24, '0', '0');
INSERT INTO `inventario_productos` VALUES (0x11E874696CBADA719BD600270E383B06, '1527701471', 0x11E8676EAD11B2E6BDE500270E383B06, 0x11E87469D1CA95169BD600270E383B06, 0x11E7AC1ACC1DCFE0A15E00270E383B06, 0x11E7A91C8DE28C038A4800E04C6F7E24, 'MX01', 'XILENO', 'XILENO', 0x11E7AF8A08F0A02CA5F700270E383B06, 0x11E7AF8A08F0A02CA5F700270E383B06, '1.00', '0.00', '0.00', '0.00', '0.00', '0.00000000', '0.00', '0.00', '0.00000000', '0.00', '0.00', '0.00000000', 0x11E7E1D6570F9A40AC8A00E04C6F7E24, '0', '0');
INSERT INTO `inventario_productos` VALUES (0x11E874696CBDFB3D9BD600270E383B06, '1527701620', 0x11E8676EAD11B2E6BDE500270E383B06, 0x11E87469D1CD169F9BD600270E383B06, 0x11E7AC1ACC1DCFE0A15E00270E383B06, 0x11E7A91C8DE28C038A4800E04C6F7E24, 'MMEG01', 'MONOETILENGLICOL', 'MEG', 0x11E7A90D43325DA68A4800E04C6F7E24, 0x11E7A90D43325DA68A4800E04C6F7E24, '1.00', '0.00', '0.00', '0.00', '0.52', '0.00000000', '0.00', '0.00', '0.00000000', '0.00', '0.00', '0.00000000', 0x11E7E1D6570F9A40AC8A00E04C6F7E24, '0', '0');
INSERT INTO `inventario_productos` VALUES (0x11E874696CC44C8E9BD600270E383B06, '1527701680', 0x11E8676EAD11B2E6BDE500270E383B06, 0x11E87469D1D0C8BF9BD600270E383B06, 0x11E7AC1ACC1DCFE0A15E00270E383B06, 0x11E7A91C8DE28C038A4800E04C6F7E24, 'MGB01', 'GASOLINA BLANCA', 'GASOLINA BLANCA', 0x11E7A90D43325DA68A4800E04C6F7E24, 0x11E7A90D43325DA68A4800E04C6F7E24, '1.00', '0.00', '0.00', '0.00', '0.10', '0.00000000', '0.00', '0.00', '0.00000000', '0.00', '0.00', '0.00000000', 0x11E7E1D6570F9A40AC8A00E04C6F7E24, '0', '0');
INSERT INTO `inventario_productos` VALUES (0x11E874696CC75C289BD600270E383B06, '1527701764', 0x11E8676EAD11B2E6BDE500270E383B06, 0x11E87469D1D35AE89BD600270E383B06, 0x11E7AC1ACC1DCFE0A15E00270E383B06, 0x11E7A91C8DE28C038A4800E04C6F7E24, 'MU01', 'ULTRANEX NONIL FENOL 10 MOLES', 'ULTRANEX 10 MOLES', 0x11E7A90D43325DA68A4800E04C6F7E24, 0x11E7A90D43325DA68A4800E04C6F7E24, '1.00', '0.00', '0.00', '0.00', '0.89', '0.00000000', '0.00', '0.00', '0.00000000', '0.00', '0.00', '0.00000000', 0x11E7E1D6570F9A40AC8A00E04C6F7E24, '0', '0');
INSERT INTO `inventario_productos` VALUES (0x11E874696CCAAB419BD600270E383B06, '1527702048', 0x11E8676EAD11B2E6BDE500270E383B06, 0x11E87469D1D788169BD600270E383B06, 0x11E7AC1ACC1DCFE0A15E00270E383B06, 0x11E7A91C8DE28C038A4800E04C6F7E24, 'MPZ01', 'PHOSFATO DE ZINC', 'PHOSFATO DE ZINC', 0x11E7A90D43325DA68A4800E04C6F7E24, 0x11E7A90D43325DA68A4800E04C6F7E24, '1.00', '0.00', '0.00', '0.00', '2.90', '0.00000000', '0.00', '0.00', '0.00000000', '0.00', '0.00', '0.00000000', 0x11E7E1D6570F9A40AC8A00E04C6F7E24, '0', '0');
INSERT INTO `inventario_productos` VALUES (0x11E874696CCDB9D79BD600270E383B06, '1527702138', 0x11E8676EAD11B2E6BDE500270E383B06, 0x11E87469D1E31C989BD600270E383B06, 0x11E7AC1ACC1DCFE0A15E00270E383B06, 0x11E7A91C8DE28C038A4800E04C6F7E24, 'MSH01', 'SODIUM HEXAPHOSFATO', 'SODIUM HEXAPHOSFATO', 0x11E7AF8A08F0A02CA5F700270E383B06, 0x11E7AF8A08F0A02CA5F700270E383B06, '1.00', '0.00', '0.00', '0.00', '4.00', '0.00000000', '0.00', '0.00', '0.00000000', '0.00', '0.00', '0.00000000', 0x11E7E1D6570F9A40AC8A00E04C6F7E24, '0', '0');
INSERT INTO `inventario_productos` VALUES (0x11E874696CD3FFD39BD600270E383B06, '1527702348', 0x11E8676EAD11B2E6BDE500270E383B06, 0x11E87469D1EE12239BD600270E383B06, 0x11E7AC1ACC1DCFE0A15E00270E383B06, 0x11E7A91C8DE28C038A4800E04C6F7E24, 'MP01', 'PROMEX CHS53', 'PROMEX', 0x11E7A90D43325DA68A4800E04C6F7E24, 0x11E7A90D43325DA68A4800E04C6F7E24, '1.00', '0.00', '0.00', '0.00', '3.00', '0.00000000', '0.00', '0.00', '0.00000000', '0.00', '0.00', '0.00000000', 0x11E7E1D6570F9A40AC8A00E04C6F7E24, '0', '0');
INSERT INTO `inventario_productos` VALUES (0x11E874696CE0D4FF9BD600270E383B06, '1527702387', 0x11E8676EAD11B2E6BDE500270E383B06, 0x11E87469D1F7DCA29BD600270E383B06, 0x11E7AC1ACC1DCFE0A15E00270E383B06, 0x11E7A91C8DE28C038A4800E04C6F7E24, 'MB01', 'BIOCIDE', 'BIOCIDE', 0x11E7AF8A08F0A02CA5F700270E383B06, 0x11E7AF8A165DB218A5F700270E383B06, '1.00', '0.00', '0.00', '0.00', '3.00', '0.00000000', '0.00', '0.00', '0.00000000', '0.00', '0.00', '0.00000000', 0x11E7E1D6570F9A40AC8A00E04C6F7E24, '0', '0');
INSERT INTO `inventario_productos` VALUES (0x11E874696CE418A39BD600270E383B06, '1527702442', 0x11E8676EAD11B2E6BDE500270E383B06, 0x11E87469D2064B139BD600270E383B06, 0x11E7AC1ACC1DCFE0A15E00270E383B06, 0x11E7A91C8DE28C038A4800E04C6F7E24, 'MT01', 'TERGITOL', 'TERGITOL', 0x11E7AF8A08F0A02CA5F700270E383B06, 0x11E7AF8A08F0A02CA5F700270E383B06, '1.00', '0.00', '0.00', '0.00', '4.40', '0.00000000', '0.00', '0.00', '0.00000000', '0.00', '0.00', '0.00000000', 0x11E7E1D6570F9A40AC8A00E04C6F7E24, '0', '0');
INSERT INTO `inventario_productos` VALUES (0x11E874696CE729829BD600270E383B06, '1527702821', 0x11E8676EAD11B2E6BDE500270E383B06, 0x11E87469D208C75E9BD600270E383B06, 0x11E7AC1ACC1DCFE0A15E00270E383B06, 0x11E7A91C8DE28C038A4800E04C6F7E24, 'MIBT01', 'IBT TEXANOL', 'TEXANOL IBT', 0x11E7A90D43325DA68A4800E04C6F7E24, 0x11E7A90D43325DA68A4800E04C6F7E24, '1.00', '0.00', '0.00', '0.00', '5.00', '0.00000000', '0.00', '0.00', '0.00000000', '0.00', '0.00', '0.00000000', 0x11E7E1D6570F9A40AC8A00E04C6F7E24, '0', '0');
INSERT INTO `inventario_productos` VALUES (0x11E874696CEA74DD9BD600270E383B06, '1527702927', 0x11E8676EAD11B2E6BDE500270E383B06, 0x11E87469D20B5AB39BD600270E383B06, 0x11E7AC1ACC1DCFE0A15E00270E383B06, 0x11E7A91C8DE28C038A4800E04C6F7E24, 'MO01', 'OROTAN', 'OROTAN', 0x11E7A90D43325DA68A4800E04C6F7E24, 0x11E7A90D43325DA68A4800E04C6F7E24, '1.00', '0.00', '0.00', '0.00', '5.80', '0.00000000', '0.00', '0.00', '0.00000000', '0.00', '0.00', '0.00000000', 0x11E7E1D6570F9A40AC8A00E04C6F7E24, '0', '0');
INSERT INTO `inventario_productos` VALUES (0x11E874696CED8A2E9BD600270E383B06, '1527702982', 0x11E8676EAD11B2E6BDE500270E383B06, 0x11E87469D20DDDA29BD600270E383B06, 0x11E7AC1ACC1DCFE0A15E00270E383B06, 0x11E7A91C8DE28C038A4800E04C6F7E24, 'MN01', 'NOUPERSE 757', 'NOUPERSE 757', 0x11E7A90D43325DA68A4800E04C6F7E24, 0x11E7A90D43325DA68A4800E04C6F7E24, '1.00', '0.00', '0.00', '0.00', '5.40', '0.00000000', '0.00', '0.00', '0.00000000', '0.00', '0.00', '0.00000000', 0x11E7E1D6570F9A40AC8A00E04C6F7E24, '0', '0');
INSERT INTO `inventario_productos` VALUES (0x11E874696CF37A869BD600270E383B06, '1527703208', 0x11E8676EAD11B2E6BDE500270E383B06, 0x11E87469D21070A09BD600270E383B06, 0x11E7AC1ACC1DCFE0A15E00270E383B06, 0x11E7A91C8DE28C038A4800E04C6F7E24, 'MPY01', 'PIGMENTO SUDADUR 12 YELLOW 1222C/15-285', 'PIGMENTO DUDADUR 12 YELLOW', 0x11E7A90D43325DA68A4800E04C6F7E24, 0x11E7A90D43325DA68A4800E04C6F7E24, '1.00', '0.00', '0.00', '0.00', '5.00', '0.00000000', '0.00', '0.00', '0.00000000', '0.00', '0.00', '0.00000000', 0x11E7E1D6570F9A40AC8A00E04C6F7E24, '0', '0');
INSERT INTO `inventario_productos` VALUES (0x11E874696CF8F74A9BD600270E383B06, '1527703446', 0x11E8676EAD11B2E6BDE500270E383B06, 0x11E87469D212F7969BD600270E383B06, 0x11E7AC1ACC1DCFE0A15E00270E383B06, 0x11E7A91C8DE28C038A4800E04C6F7E24, 'MPN01', 'PIGMENTO NEGRO BEN HUMUS', 'NEGRO BEN HUMUS', 0x11E7A90D43325DA68A4800E04C6F7E24, 0x11E7A90D43325DA68A4800E04C6F7E24, '1.00', '0.00', '0.00', '0.00', '3.50', '0.00000000', '0.00', '0.00', '0.00000000', '0.00', '0.00', '0.00000000', 0x11E7E1D6570F9A40AC8A00E04C6F7E24, '0', '0');
INSERT INTO `inventario_productos` VALUES (0x11E874696CFC45C69BD600270E383B06, '1527703516', 0x11E8676EAD11B2E6BDE500270E383B06, 0x11E87469D215902A9BD600270E383B06, 0x11E7AC1ACC1DCFE0A15E00270E383B06, 0x11E7A91C8DE28C038A4800E04C6F7E24, 'MPR01', 'PIGMENTO ROJO 417', 'PIGMENTO ROJO', 0x11E7A90D43325DA68A4800E04C6F7E24, 0x11E7A90D43325DA68A4800E04C6F7E24, '1.00', '0.00', '0.00', '0.00', '7.00', '0.00000000', '0.00', '0.00', '0.00000000', '0.00', '0.00', '0.00000000', 0x11E7E1D6570F9A40AC8A00E04C6F7E24, '0', '0');
INSERT INTO `inventario_productos` VALUES (0x11E874696D030C839BD600270E383B06, '1527703796', 0x11E8676EAD11B2E6BDE500270E383B06, 0x11E87469D2180B369BD600270E383B06, 0x11E7AC1ACC1DCFE0A15E00270E383B06, 0x11E7A91C8DE28C038A4800E04C6F7E24, 'MIR01', 'IRON RED 190', 'IRON RED 190', 0x11E7A90D43325DA68A4800E04C6F7E24, 0x11E7A90D43325DA68A4800E04C6F7E24, '1.00', '0.00', '0.00', '0.00', '8.00', '0.00000000', '0.00', '0.00', '0.00000000', '0.00', '0.00', '0.00000000', 0x11E7E1D6570F9A40AC8A00E04C6F7E24, '0', '0');
INSERT INTO `inventario_productos` VALUES (0x11E874696D14FBDA9BD600270E383B06, '1527703842', 0x11E8676EAD11B2E6BDE500270E383B06, 0x11E87469D21AA15C9BD600270E383B06, 0x11E7AC1ACC1DCFE0A15E00270E383B06, 0x11E7A91C8DE28C038A4800E04C6F7E24, 'MIR01', 'IRON RED 130', 'IRON RED 130', 0x11E7A90D43325DA68A4800E04C6F7E24, 0x11E7A90D43325DA68A4800E04C6F7E24, '1.00', '0.00', '0.00', '0.00', '8.00', '0.00000000', '0.00', '0.00', '0.00000000', '0.00', '0.00', '0.00000000', 0x11E7E1D6570F9A40AC8A00E04C6F7E24, '0', '0');
INSERT INTO `inventario_productos` VALUES (0x11E874696D20A39A9BD600270E383B06, '1527703912', 0x11E8676EAD11B2E6BDE500270E383B06, 0x11E87469D21D1F8A9BD600270E383B06, 0x11E7AC1ACC1DCFE0A15E00270E383B06, 0x11E7A91C8DE28C038A4800E04C6F7E24, 'MIV701', 'IRON VERDE 7', 'IRON VERDE 7', 0x11E7A90D43325DA68A4800E04C6F7E24, 0x11E7A90D43325DA68A4800E04C6F7E24, '1.00', '0.00', '0.00', '0.00', '7.50', '0.00000000', '0.00', '0.00', '0.00000000', '0.00', '0.00', '0.00000000', 0x11E7E1D6570F9A40AC8A00E04C6F7E24, '0', '0');
INSERT INTO `inventario_productos` VALUES (0x11E874696D32200B9BD600270E383B06, '1527703981', 0x11E8676EAD11B2E6BDE500270E383B06, 0x11E87469D220424C9BD600270E383B06, 0x11E7AC1ACC1DCFE0A15E00270E383B06, 0x11E7A91C8DE28C038A4800E04C6F7E24, 'MCB01', 'CARBON BLACK', 'CARBON BLACK', 0x11E7AF8A08F0A02CA5F700270E383B06, 0x11E7AF8A165DB218A5F700270E383B06, '1.00', '0.00', '0.00', '0.00', '6.00', '0.00000000', '0.00', '0.00', '0.00000000', '0.00', '0.00', '0.00000000', 0x11E7E1D6570F9A40AC8A00E04C6F7E24, '0', '0');
INSERT INTO `inventario_productos` VALUES (0x11E874696D358CDE9BD600270E383B06, '1527704027', 0x11E8676EAD11B2E6BDE500270E383B06, 0x11E87469D224C1AB9BD600270E383B06, 0x11E7AC1ACC1DCFE0A15E00270E383B06, 0x11E7A91C8DE28C038A4800E04C6F7E24, 'MIO01', 'IRON ORANGE', 'IRON ORANGE', 0x11E7A90D43325DA68A4800E04C6F7E24, 0x11E7A90D43325DA68A4800E04C6F7E24, '1.00', '0.00', '0.00', '0.00', '6.80', '0.00000000', '0.00', '0.00', '0.00000000', '0.00', '0.00', '0.00000000', 0x11E7E1D6570F9A40AC8A00E04C6F7E24, '0', '0');
INSERT INTO `inventario_productos` VALUES (0x11E874696D3A49A49BD600270E383B06, '1527704105', 0x11E8676EAD11B2E6BDE500270E383B06, 0x11E87469D2287F149BD600270E383B06, 0x11E7AC1ACC1DCFE0A15E00270E383B06, 0x11E7A91C8DE28C038A4800E04C6F7E24, 'MIB37001', 'IRON BLACK 370DC', 'IRON BLACK 370DC', 0x11E7A90D43325DA68A4800E04C6F7E24, 0x11E7A90D43325DA68A4800E04C6F7E24, '1.00', '0.00', '0.00', '0.00', '6.00', '0.00000000', '0.00', '0.00', '0.00000000', '0.00', '0.00', '0.00000000', 0x11E7E1D6570F9A40AC8A00E04C6F7E24, '0', '0');
INSERT INTO `inventario_productos` VALUES (0x11E874696D3E81049BD600270E383B06, '1527704186', 0x11E8676EAD11B2E6BDE500270E383B06, 0x11E87469D22B18699BD600270E383B06, 0x11E7AC1ACC1DCFE0A15E00270E383B06, 0x11E7A91C8DE28C038A4800E04C6F7E24, 'MIM01', 'IRON MARRON 660', 'IRON MARRON 660', 0x11E7A90D43325DA68A4800E04C6F7E24, 0x11E7A90D43325DA68A4800E04C6F7E24, '1.00', '0.00', '0.00', '0.00', '6.00', '0.00000000', '0.00', '0.00', '0.00000000', '0.00', '0.00', '0.00000000', 0x11E7E1D6570F9A40AC8A00E04C6F7E24, '0', '0');
INSERT INTO `inventario_productos` VALUES (0x11E874696D4162439BD600270E383B06, '1527704245', 0x11E8676EAD11B2E6BDE500270E383B06, 0x11E87469D22EDA4B9BD600270E383B06, 0x11E7AC1ACC1DCFE0A15E00270E383B06, 0x11E7A91C8DE28C038A4800E04C6F7E24, 'MIM61001', 'IRON MARRON 610', 'IRON MARRON 610', 0x11E7A90D43325DA68A4800E04C6F7E24, 0x11E7A90D43325DA68A4800E04C6F7E24, '1.00', '0.00', '0.00', '0.00', '6.00', '0.00000000', '0.00', '0.00', '0.00000000', '0.00', '0.00', '0.00000000', 0x11E7E1D6570F9A40AC8A00E04C6F7E24, '0', '0');
INSERT INTO `inventario_productos` VALUES (0x11E874696D47CFB79BD600270E383B06, '1527704294', 0x11E8676EAD11B2E6BDE500270E383B06, 0x11E87469D23179869BD600270E383B06, 0x11E7AC1ACC1DCFE0A15E00270E383B06, 0x11E7A91C8DE28C038A4800E04C6F7E24, 'MIM68601', 'IRON MARRON 686', 'IRON MARRON 686', 0x11E7A90D43325DA68A4800E04C6F7E24, 0x11E7A90D43325DA68A4800E04C6F7E24, '1.00', '0.00', '0.00', '0.00', '6.20', '0.00000000', '0.00', '0.00', '0.00000000', '0.00', '0.00', '0.00000000', 0x11E7E1D6570F9A40AC8A00E04C6F7E24, '0', '0');
INSERT INTO `inventario_productos` VALUES (0x11E874696D4C64A99BD600270E383B06, '1527704357', 0x11E8676EAD11B2E6BDE500270E383B06, 0x11E87469D2353C649BD600270E383B06, 0x11E7AC1ACC1DCFE0A15E00270E383B06, 0x11E7A91C8DE28C038A4800E04C6F7E24, 'MIA01', 'IRON AZUL 15:3', 'IRON AZUL 15:3', 0x11E7A90D43325DA68A4800E04C6F7E24, 0x11E7A90D43325DA68A4800E04C6F7E24, '1.00', '0.00', '0.00', '0.00', '8.50', '0.00000000', '0.00', '0.00', '0.00000000', '0.00', '0.00', '0.00000000', 0x11E7E1D6570F9A40AC8A00E04C6F7E24, '0', '0');
INSERT INTO `inventario_productos` VALUES (0x11E874696D4F5E899BD600270E383B06, '1527704569', 0x11E8676EAD11B2E6BDE500270E383B06, 0x11E87469D237D3709BD600270E383B06, 0x11E7AC1ACC1DCFE0A15E00270E383B06, 0x11E7A91C8DE28C038A4800E04C6F7E24, 'MPR11201', 'PIGMENTO ROJO 112', 'PIGMENTO ROJO 112', 0x11E7A90D43325DA68A4800E04C6F7E24, 0x11E7A90D43325DA68A4800E04C6F7E24, '1.00', '0.00', '0.00', '0.00', '9.00', '0.00000000', '0.00', '0.00', '0.00000000', '0.00', '0.00', '0.00000000', 0x11E7E1D6570F9A40AC8A00E04C6F7E24, '0', '0');
INSERT INTO `inventario_productos` VALUES (0x11E874696D52C5D89BD600270E383B06, '1527704706', 0x11E8676EAD11B2E6BDE500270E383B06, 0x11E87469D23B932D9BD600270E383B06, 0x11E7AC1ACC1DCFE0A15E00270E383B06, 0x11E7A91C8DE28C038A4800E04C6F7E24, 'MTDCA01', 'TINTA DUO COLOR AZUL', 'TINTA DUO COLOR AZUL', 0x11E7A90D43325DA68A4800E04C6F7E24, 0x11E7A90D43325DA68A4800E04C6F7E24, '1.00', '0.00', '0.00', '0.00', '10.30', '0.00000000', '0.00', '0.00', '0.00000000', '0.00', '0.00', '0.00000000', 0x11E7E1D6570F9A40AC8A00E04C6F7E24, '0', '0');
INSERT INTO `inventario_productos` VALUES (0x11E874696D5A0D2E9BD600270E383B06, '1527704779', 0x11E8676EAD11B2E6BDE500270E383B06, 0x11E87469D23E2DEC9BD600270E383B06, 0x11E7AC1ACC1DCFE0A15E00270E383B06, 0x11E7A91C8DE28C038A4800E04C6F7E24, 'MTDCV01', 'TINTA DUO COLOR VERDE', 'TINTA DUO COLOR VERDE', 0x11E7A90D43325DA68A4800E04C6F7E24, 0x11E7A90D43325DA68A4800E04C6F7E24, '1.00', '0.00', '0.00', '0.00', '7.50', '0.00000000', '0.00', '0.00', '0.00000000', '0.00', '0.00', '0.00000000', 0x11E7E1D6570F9A40AC8A00E04C6F7E24, '0', '0');
INSERT INTO `inventario_productos` VALUES (0x11E874696D5E98A09BD600270E383B06, '1527704834', 0x11E8676EAD11B2E6BDE500270E383B06, 0x11E87469D241F1679BD600270E383B06, 0x11E7AC1ACC1DCFE0A15E00270E383B06, 0x11E7A91C8DE28C038A4800E04C6F7E24, 'MTDCA01', 'TINTA DUO COLOR AMARILLO', 'TINTA DUO COLOR AMARILLO', 0x11E7A90D43325DA68A4800E04C6F7E24, 0x11E7A90D43325DA68A4800E04C6F7E24, '1.00', '0.00', '0.00', '0.00', '11.00', '0.00000000', '0.00', '0.00', '0.00000000', '0.00', '0.00', '0.00000000', 0x11E7E1D6570F9A40AC8A00E04C6F7E24, '0', '0');
INSERT INTO `inventario_productos` VALUES (0x11E874696D6509C89BD600270E383B06, '1527704943', 0x11E8676EAD11B2E6BDE500270E383B06, 0x11E87469D2448F4B9BD600270E383B06, 0x11E7AC1ACC1DCFE0A15E00270E383B06, 0x11E7A91C8DE28C038A4800E04C6F7E24, 'MTPA50301', 'TINTA PIGMENTO AZUL 503', 'TINTA PIGMENTO AZUL 503', 0x11E7AF8A08F0A02CA5F700270E383B06, 0x11E7AF8A08F0A02CA5F700270E383B06, '1.00', '0.00', '0.00', '0.00', '11.00', '0.00000000', '0.00', '0.00', '0.00000000', '0.00', '0.00', '0.00000000', 0x11E7E1D6570F9A40AC8A00E04C6F7E24, '0', '0');
INSERT INTO `inventario_productos` VALUES (0x11E874696D6C42009BD600270E383B06, '1527705019', 0x11E8676EAD11B2E6BDE500270E383B06, 0x11E87469D24848CA9BD600270E383B06, 0x11E7AC1ACC1DCFE0A15E00270E383B06, 0x11E7A91C8DE28C038A4800E04C6F7E24, 'MTON01', 'TINTA OXIDO NARANJA', 'TINTA OXIDO NARANJA', 0x11E7AF8A08F0A02CA5F700270E383B06, 0x11E7AF8A08F0A02CA5F700270E383B06, '1.00', '0.00', '0.00', '0.00', '9.00', '0.00000000', '0.00', '0.00', '0.00000000', '0.00', '0.00', '0.00000000', 0x11E7E1D6570F9A40AC8A00E04C6F7E24, '0', '0');
INSERT INTO `inventario_productos` VALUES (0x11E874696D72FE2F9BD600270E383B06, '1527705211', 0x11E8676EAD11B2E6BDE500270E383B06, 0x11E87469D24AE8029BD600270E383B06, 0x11E7AC1ACC1DCFE0A15E00270E383B06, 0x11E7A91C8DE28C038A4800E04C6F7E24, 'MTO68601', 'TINTA OXIDO 686', 'TINTA OXIDO 686', 0x11E7AF8A08F0A02CA5F700270E383B06, 0x11E7AF8A08F0A02CA5F700270E383B06, '1.00', '0.00', '0.00', '0.00', '7.50', '0.00000000', '0.00', '0.00', '0.00000000', '0.00', '0.00', '0.00000000', 0x11E7E1D6570F9A40AC8A00E04C6F7E24, '0', '0');
INSERT INTO `inventario_productos` VALUES (0x11E874696D87F7F39BD600270E383B06, '1527705267', 0x11E8676EAD11B2E6BDE500270E383B06, 0x11E87469D24EA8B49BD600270E383B06, 0x11E7AC1ACC1DCFE0A15E00270E383B06, 0x11E7A91C8DE28C038A4800E04C6F7E24, 'MTPR11201', 'TINTA PIGMENTO ROJO 112', 'TINTA PIGMENTO ROJO 112', 0x11E7A90D43325DA68A4800E04C6F7E24, 0x11E7A90D43325DA68A4800E04C6F7E24, '1.00', '0.00', '0.00', '0.00', '11.00', '0.00000000', '0.00', '0.00', '0.00000000', '0.00', '0.00', '0.00000000', 0x11E7E1D6570F9A40AC8A00E04C6F7E24, '0', '0');
INSERT INTO `inventario_productos` VALUES (0x11E874696D9CF6FC9BD600270E383B06, '1527705322', 0x11E8676EAD11B2E6BDE500270E383B06, 0x11E87469D25145779BD600270E383B06, 0x11E7AC1ACC1DCFE0A15E00270E383B06, 0x11E7A91C8DE28C038A4800E04C6F7E24, 'MTEN01', 'TINTA ESMALTE NEGRO', 'TINTA ESMALTE NEGRO', 0x11E7A90D43325DA68A4800E04C6F7E24, 0x11E7A90D43325DA68A4800E04C6F7E24, '1.00', '0.00', '0.00', '0.00', '8.00', '0.00000000', '0.00', '0.00', '0.00000000', '0.00', '0.00', '0.00000000', 0x11E7E1D6570F9A40AC8A00E04C6F7E24, '0', '0');
INSERT INTO `inventario_productos` VALUES (0x11E874696DAFF8249BD600270E383B06, '1527705398', 0x11E8676EAD11B2E6BDE500270E383B06, 0x11E87469D255084A9BD600270E383B06, 0x11E7AC1ACC1DCFE0A15E00270E383B06, 0x11E7A91C8DE28C038A4800E04C6F7E24, 'MTIB15:301', 'TINTA IMPORTADA BLUE 15:3', 'TINTA IMPORTADA BLUE 15:3', 0x11E7A90D43325DA68A4800E04C6F7E24, 0x11E7A90D43325DA68A4800E04C6F7E24, '1.00', '0.00', '0.00', '0.00', '11.00', '0.00000000', '0.00', '0.00', '0.00000000', '0.00', '0.00', '0.00000000', 0x11E7E1D6570F9A40AC8A00E04C6F7E24, '0', '0');
INSERT INTO `inventario_productos` VALUES (0x11E874696DB513DA9BD600270E383B06, '1527705452', 0x11E8676EAD11B2E6BDE500270E383B06, 0x11E87469D2579A5D9BD600270E383B06, 0x11E7AC1ACC1DCFE0A15E00270E383B06, 0x11E7A91C8DE28C038A4800E04C6F7E24, 'MTIR11201', 'TINTA IMPORTADA RED 112', 'TINTA IMPORTADA RED 112', 0x11E7A90D43325DA68A4800E04C6F7E24, 0x11E7A90D43325DA68A4800E04C6F7E24, '1.00', '0.00', '0.00', '0.00', '11.80', '0.00000000', '0.00', '0.00', '0.00000000', '0.00', '0.00', '0.00000000', 0x11E7E1D6570F9A40AC8A00E04C6F7E24, '0', '0');
INSERT INTO `inventario_productos` VALUES (0x11E874696DBC8E589BD600270E383B06, '1527705506', 0x11E8676EAD11B2E6BDE500270E383B06, 0x11E87469D25B5E809BD600270E383B06, 0x11E7AC1ACC1DCFE0A15E00270E383B06, 0x11E7A91C8DE28C038A4800E04C6F7E24, 'MTI01', 'TINTA IMPORTADA YELLOW', 'TINTA IMPORTADA YELLOW', 0x11E7A90D43325DA68A4800E04C6F7E24, 0x11E7A90D43325DA68A4800E04C6F7E24, '1.00', '0.00', '0.00', '0.00', '9.00', '0.00000000', '0.00', '0.00', '0.00000000', '0.00', '0.00', '0.00000000', 0x11E7E1D6570F9A40AC8A00E04C6F7E24, '0', '0');
INSERT INTO `inventario_productos` VALUES (0x11E874696DC366489BD600270E383B06, '1527705571', 0x11E8676EAD11B2E6BDE500270E383B06, 0x11E87469D25DFB4B9BD600270E383B06, 0x11E7AC1ACC1DCFE0A15E00270E383B06, 0x11E7A91C8DE28C038A4800E04C6F7E24, 'MTOV701', 'TINTA OXIDO VERDE 7', 'TINTA OXIDO VERDE 7 PTALOCIANINA', 0x11E7A90D43325DA68A4800E04C6F7E24, 0x11E7A90D43325DA68A4800E04C6F7E24, '1.00', '0.00', '0.00', '0.00', '10.80', '0.00000000', '0.00', '0.00', '0.00000000', '0.00', '0.00', '0.00000000', 0x11E7E1D6570F9A40AC8A00E04C6F7E24, '0', '0');
INSERT INTO `inventario_productos` VALUES (0x11E874696DCBD57D9BD600270E383B06, '1527705836', 0x11E8676EAD11B2E6BDE500270E383B06, 0x11E87469D261BCEE9BD600270E383B06, 0x11E7AC1ACC1DCFE0A15E00270E383B06, 0x11E7A91C8DE28C038A4800E04C6F7E24, 'MTPA12701', 'TINTA PIGMENTO AMARILLO PTALOCIANINA 127', 'TINTA PIGMENTO AMARILLO PTALOCIANINA 127', 0x11E7A90D43325DA68A4800E04C6F7E24, 0x11E7A90D43325DA68A4800E04C6F7E24, '1.00', '0.00', '0.00', '0.00', '9.80', '0.00000000', '0.00', '0.00', '0.00000000', '0.00', '0.00', '0.00000000', 0x11E7E1D6570F9A40AC8A00E04C6F7E24, '0', '0');
INSERT INTO `inventario_productos` VALUES (0x11E874696DD132D09BD600270E383B06, '1527706059', 0x11E8676EAD11B2E6BDE500270E383B06, 0x11E87469D26457B89BD600270E383B06, 0x11E7AC1ACC1DCFE0A15E00270E383B06, 0x11E7A91C8DE28C038A4800E04C6F7E24, 'MTON37001', 'TINTA OXIDO NEGRO 370', 'TINTA OXIDO NEGRO 370', 0x11E7AF8A08F0A02CA5F700270E383B06, 0x11E7AF8A08F0A02CA5F700270E383B06, '1.00', '0.00', '0.00', '0.00', '8.00', '0.00000000', '0.00', '0.00', '0.00000000', '0.00', '0.00', '0.00000000', 0x11E7E1D6570F9A40AC8A00E04C6F7E24, '0', '0');
INSERT INTO `inventario_productos` VALUES (0x11E874696DD990189BD600270E383B06, '1527706336', 0x11E8676EAD11B2E6BDE500270E383B06, 0x11E87469D2681A4D9BD600270E383B06, 0x11E7AC1ACC1DCFE0A15E00270E383B06, 0x11E7A91C8DE28C038A4800E04C6F7E24, 'MTOR13001', 'TINTA OXIDO ROJO 130', 'TINTA OXIDO ROJO 130', 0x11E7AF8A08F0A02CA5F700270E383B06, 0x11E7AF8A08F0A02CA5F700270E383B06, '1.00', '0.00', '0.00', '0.00', '11.00', '0.00000000', '0.00', '0.00', '0.00000000', '0.00', '0.00', '0.00000000', 0x11E7E1D6570F9A40AC8A00E04C6F7E24, '0', '0');
INSERT INTO `inventario_productos` VALUES (0x11E874696DE000A69BD600270E383B06, '1527706478', 0x11E8676EAD11B2E6BDE500270E383B06, 0x11E87469D26AB5949BD600270E383B06, 0x11E7AC1ACC1DCFE0A15E00270E383B06, 0x11E7A91C8DE28C038A4800E04C6F7E24, 'MTO61001', 'TINTA OXIDO 610', 'TINTA OXIDO 610', 0x11E7A90D43325DA68A4800E04C6F7E24, 0x11E7A90D43325DA68A4800E04C6F7E24, '1.00', '0.00', '0.00', '0.00', '8.00', '0.00000000', '0.00', '0.00', '0.00000000', '0.00', '0.00', '0.00000000', 0x11E7E1D6570F9A40AC8A00E04C6F7E24, '0', '0');
INSERT INTO `inventario_productos` VALUES (0x11E874696DEADF319BD600270E383B06, '1527706533', 0x11E8676EAD11B2E6BDE500270E383B06, 0x11E87469D2722CA39BD600270E383B06, 0x11E7AC1ACC1DCFE0A15E00270E383B06, 0x11E7A91C8DE28C038A4800E04C6F7E24, 'MTO190', 'TINTA OXIDO 190', 'TINTA OXIDO 190', 0x11E7AF8A08F0A02CA5F700270E383B06, 0x11E7AF8A08F0A02CA5F700270E383B06, '1.00', '0.00', '0.00', '0.00', '8.00', '0.00000000', '0.00', '0.00', '0.00000000', '0.00', '0.00', '0.00000000', 0x11E7E1D6570F9A40AC8A00E04C6F7E24, '0', '0');
INSERT INTO `inventario_productos` VALUES (0x11E874696DF24D369BD600270E383B06, '1527706591', 0x11E8676EAD11B2E6BDE500270E383B06, 0x11E87469D28A93729BD600270E383B06, 0x11E7AC1ACC1DCFE0A15E00270E383B06, 0x11E7A91C8DE28C038A4800E04C6F7E24, 'MTO66001', 'TINTA OXIDO 660', 'TINTA OXIDO 660', 0x11E7AF8A08F0A02CA5F700270E383B06, 0x11E7AF8A08F0A02CA5F700270E383B06, '1.00', '0.00', '0.00', '0.00', '7.00', '0.00000000', '0.00', '0.00', '0.00000000', '0.00', '0.00', '0.00000000', 0x11E7E1D6570F9A40AC8A00E04C6F7E24, '0', '0');
INSERT INTO `inventario_productos` VALUES (0x11E874696DF7B1E49BD600270E383B06, '1527706657', 0x11E8676EAD11B2E6BDE500270E383B06, 0x11E87469D29455549BD600270E383B06, 0x11E7AC1ACC1DCFE0A15E00270E383B06, 0x11E7A91C8DE28C038A4800E04C6F7E24, 'MTOO96001', 'TINTA OXIDO ORANGE 960', 'TINTA OXIDO ORANGE 960', 0x11E7AF8A08F0A02CA5F700270E383B06, 0x11E7AF8A08F0A02CA5F700270E383B06, '1.00', '0.00', '0.00', '0.00', '6.00', '0.00000000', '0.00', '0.00', '0.00000000', '0.00', '0.00', '0.00000000', 0x11E7E1D6570F9A40AC8A00E04C6F7E24, '0', '0');
INSERT INTO `inventario_productos` VALUES (0x11E874696DFC514E9BD600270E383B06, '1527706820', 0x11E8676EAD11B2E6BDE500270E383B06, 0x11E87469D299CDFE9BD600270E383B06, 0x11E7AC1ACC1DCFE0A15E00270E383B06, 0x11E7A91C8DE28C038A4800E04C6F7E24, 'MTPVI01', 'TINTA PIGMENTO VIOLETA IMPORTADO', 'TINTA PIGMNETO VIOLETA IMPORTADO', 0x11E7A90D43325DA68A4800E04C6F7E24, 0x11E7A90D43325DA68A4800E04C6F7E24, '1.00', '0.00', '0.00', '0.00', '12.00', '0.00000000', '0.00', '0.00', '0.00000000', '0.00', '0.00', '0.00000000', 0x11E7E1D6570F9A40AC8A00E04C6F7E24, '0', '0');
INSERT INTO `inventario_productos` VALUES (0x11E874696DFFBD979BD600270E383B06, '1527707255', 0x11E8676EAD11B2E6BDE500270E383B06, 0x11E87469D29C58039BD600270E383B06, 0x11E7AC1ACC1DCFE0A15E00270E383B06, 0x11E7A91C8DE28C038A4800E04C6F7E24, 'MV01', 'VARSOL', 'VARSOL PETROSOL', 0x11E7A90D43325DA68A4800E04C6F7E24, 0x11E7A90D43325DA68A4800E04C6F7E24, '1.00', '0.00', '0.00', '0.00', '0.30', '0.00000000', '0.00', '0.00', '0.00000000', '0.00', '0.00', '0.00000000', 0x11E7E1D6570F9A40AC8A00E04C6F7E24, '0', '0');
INSERT INTO `inventario_productos` VALUES (0x11E874696E02AF7E9BD600270E383B06, '1527707345', 0x11E8676EAD11B2E6BDE500270E383B06, 0x11E87469D2A0BA719BD600270E383B06, 0x11E7AC1ACC1DCFE0A15E00270E383B06, 0x11E7A91C8DE28C038A4800E04C6F7E24, 'ME4C01', 'ENVASES PLASTICOS DE 4 CUÑETES', 'ENVASES PLASTICOS DE 4 CUÑETES', 0x11E7AF8A08F0A02CA5F700270E383B06, 0x11E7AF8A08F0A02CA5F700270E383B06, '1.00', '0.00', '0.00', '0.00', '2.90', '0.00000000', '0.00', '0.00', '0.00000000', '0.00', '0.00', '0.00000000', 0x11E7E1D6570F9A40AC8A00E04C6F7E24, '0', '0');
INSERT INTO `inventario_productos` VALUES (0x11E874696E08F4859BD600270E383B06, '1527707400', 0x11E8676EAD11B2E6BDE500270E383B06, 0x11E87469D2A6D6D59BD600270E383B06, 0x11E7AC1ACC1DCFE0A15E00270E383B06, 0x11E7A91C8DE28C038A4800E04C6F7E24, 'ME5C01', 'ENVASES PLASTICOS DE 5 CUÑETES', 'ENVASES PLASTICOS DE 5 CUÑETES', 0x11E7AF8A08F0A02CA5F700270E383B06, 0x11E7AF8A08F0A02CA5F700270E383B06, '1.00', '0.00', '0.00', '0.00', '3.00', '0.00000000', '0.00', '0.00', '0.00000000', '0.00', '0.00', '0.00000000', 0x11E7E1D6570F9A40AC8A00E04C6F7E24, '0', '0');
INSERT INTO `inventario_productos` VALUES (0x11E874696E153C989BD600270E383B06, '1527707452', 0x11E8676EAD11B2E6BDE500270E383B06, 0x11E87469D2AA51549BD600270E383B06, 0x11E7AC1ACC1DCFE0A15E00270E383B06, 0x11E7A91C8DE28C038A4800E04C6F7E24, 'MEG01', 'ENVASES PLASTICOS DE GALON', 'ENVASES PLASTICOS DE GALON', 0x11E7AF8A08F0A02CA5F700270E383B06, 0x11E7AF8A08F0A02CA5F700270E383B06, '1.00', '0.00', '0.00', '0.00', '0.80', '0.00000000', '0.00', '0.00', '0.00000000', '0.00', '0.00', '0.00000000', 0x11E7E1D6570F9A40AC8A00E04C6F7E24, '0', '0');
INSERT INTO `inventario_productos` VALUES (0x11E874696E2DFAFF9BD600270E383B06, '1527707559', 0x11E8676EAD11B2E6BDE500270E383B06, 0x11E87469D2ACD3059BD600270E383B06, 0x11E7AC1ACC1DCFE0A15E00270E383B06, 0x11E7A91C8DE28C038A4800E04C6F7E24, 'MEM1/401', 'ENVASES METALICOS DE 1/4 GALON', 'ENVASES METALICOS DE 1/4 GALON', 0x11E7AF8A08F0A02CA5F700270E383B06, 0x11E7AF8A08F0A02CA5F700270E383B06, '1.00', '0.00', '0.00', '0.00', '2.50', '0.00000000', '0.00', '0.00', '0.00000000', '0.00', '0.00', '0.00000000', 0x11E7E1D6570F9A40AC8A00E04C6F7E24, '0', '0');
INSERT INTO `inventario_productos` VALUES (0x11E874696E52DE899BD600270E383B06, '1527707615', 0x11E8676EAD11B2E6BDE500270E383B06, 0x11E87469D2AF63959BD600270E383B06, 0x11E7AC1ACC1DCFE0A15E00270E383B06, 0x11E7A91C8DE28C038A4800E04C6F7E24, 'MEMG01', 'ENVASES METALICOS DE GALON', 'ENVASES METALICOS DE GALON', 0x11E7AF8A08F0A02CA5F700270E383B06, 0x11E7AF8A08F0A02CA5F700270E383B06, '1.00', '0.00', '0.00', '0.00', '3.20', '0.00000000', '0.00', '0.00', '0.00000000', '0.00', '0.00', '0.00000000', 0x11E7E1D6570F9A40AC8A00E04C6F7E24, '0', '0');
INSERT INTO `inventario_productos` VALUES (0x11E874696E5645DC9BD600270E383B06, '1527707737', 0x11E8676EAD11B2E6BDE500270E383B06, 0x11E87469D2B1E8EE9BD600270E383B06, 0x11E7AC1ACC1DCFE0A15E00270E383B06, 0x11E7A91C8DE28C038A4800E04C6F7E24, 'MEP1/401', 'ENVASES PLASTICOS DE 1/4 GALON', 'ENVASES PLASTICOS DE 1/4 GALON', 0x11E7AF8A08F0A02CA5F700270E383B06, 0x11E7AF8A08F0A02CA5F700270E383B06, '1.00', '0.00', '0.00', '0.00', '2.20', '0.00000000', '0.00', '0.00', '0.00000000', '0.00', '0.00', '0.00000000', 0x11E7E1D6570F9A40AC8A00E04C6F7E24, '0', '0');
INSERT INTO `inventario_productos` VALUES (0x11E874696E5938019BD600270E383B06, '1527769600', 0x11E8676EAD11B2E6BDE500270E383B06, 0x11E87469D2B479689BD600270E383B06, 0x11E7AC1ACC1DCFE0A15E00270E383B06, 0x11E7A91C8DE28C038A4800E04C6F7E24, 'MEV90CC01', 'ENVASES PLASTICOS DE 60CC', 'ENVASES PLASTICOS DE 60CC', 0x11E7AF8A08F0A02CA5F700270E383B06, 0x11E7AF8A08F0A02CA5F700270E383B06, '1.00', '0.00', '0.00', '0.00', '0.04', '0.00000000', '0.00', '0.00', '0.00000000', '0.00', '0.00', '0.00000000', 0x11E7E1D6570F9A40AC8A00E04C6F7E24, '0', '0');
INSERT INTO `inventario_productos` VALUES (0x11E874696E6077E29BD600270E383B06, '1527769700', 0x11E8676EAD11B2E6BDE500270E383B06, 0x11E87469D2B6FF669BD600270E383B06, 0x11E7AC1ACC1DCFE0A15E00270E383B06, 0x11E7A91C8DE28C038A4800E04C6F7E24, 'MEP100CC01', 'ENVASES PLASTICOS DE 90CC', 'ENVASES PLASTICOS DE 90CC', 0x11E7AF8A08F0A02CA5F700270E383B06, 0x11E7AF8A08F0A02CA5F700270E383B06, '1.00', '0.00', '0.00', '0.00', '0.09', '0.00000000', '0.00', '0.00', '0.00000000', '0.00', '0.00', '0.00000000', 0x11E7E1D6570F9A40AC8A00E04C6F7E24, '0', '0');
INSERT INTO `inventario_productos` VALUES (0x11E874696E65F0019BD600270E383B06, '1527769893', 0x11E8676EAD11B2E6BDE500270E383B06, 0x11E87469D2B990939BD600270E383B06, 0x11E7AC1ACC1DCFE0A15E00270E383B06, 0x11E7A91C8DE28C038A4800E04C6F7E24, 'MEP150CC01', 'ENVASES PLASTICOS DE 150CC', 'ENVASES PLASTICOS DE 150CC', 0x11E7AF8A08F0A02CA5F700270E383B06, 0x11E7AF8A08F0A02CA5F700270E383B06, '1.00', '0.00', '0.00', '0.00', '0.06', '0.00000000', '0.00', '0.00', '0.00000000', '0.00', '0.00', '0.00000000', 0x11E7E1D6570F9A40AC8A00E04C6F7E24, '0', '0');
INSERT INTO `inventario_productos` VALUES (0x11E874696E6C32DD9BD600270E383B06, '1527774484', 0x11E8676EAD11B2E6BDE500270E383B06, 0x11E87469D2BC17159BD600270E383B06, 0x11E7AC1ACC1DCFE0A15E00270E383B06, 0x11E7A91C8DE28C038A4800E04C6F7E24, 'MPECVBC401', 'Etiqueta Caucho Verona Tipo B / Cuñete', 'Etiqueta Caucho Verona Tipo B / Cuñete', 0x11E7A90D43325DA68A4800E04C6F7E24, 0x11E7A90D43325DA68A4800E04C6F7E24, '1.00', '0.00', '0.00', '0.00', '0.05', '0.00000000', '0.00', '0.00', '0.00000000', '0.00', '0.00', '0.00000000', 0x11E7E1D6570F9A40AC8A00E04C6F7E24, '0', '0');
INSERT INTO `inventario_productos` VALUES (0x11E874696E7152BB9BD600270E383B06, '1527774545', 0x11E8676EAD11B2E6BDE500270E383B06, 0x11E87469D2BEA7C29BD600270E383B06, 0x11E7AC1ACC1DCFE0A15E00270E383B06, 0x11E7A91C8DE28C038A4800E04C6F7E24, 'MPESVG01', 'Etiqueta Satinado Verona / Galon', 'Etiqueta Satinado Verona / Galon', 0x11E7A90D43325DA68A4800E04C6F7E24, 0x11E7A90D43325DA68A4800E04C6F7E24, '1.00', '0.00', '0.00', '0.00', '0.05', '0.00000000', '0.00', '0.00', '0.00000000', '0.00', '0.00', '0.00000000', 0x11E7E1D6570F9A40AC8A00E04C6F7E24, '0', '0');
INSERT INTO `inventario_productos` VALUES (0x11E874696E74BFC99BD600270E383B06, '1527774649', 0x11E8676EAD11B2E6BDE500270E383B06, 0x11E87469D2C133F39BD600270E383B06, 0x11E7AC1ACC1DCFE0A15E00270E383B06, 0x11E7A91C8DE28C038A4800E04C6F7E24, 'MPEGCV01', 'Etiqueta Grafiado / Cuñete', 'Etiqueta Grafiado / Cuñete', 0x11E7A90D43325DA68A4800E04C6F7E24, 0x11E7A90D43325DA68A4800E04C6F7E24, '1.00', '0.00', '0.00', '0.00', '0.05', '0.00000000', '0.00', '0.00', '0.00000000', '0.00', '0.00', '0.00000000', 0x11E7E1D6570F9A40AC8A00E04C6F7E24, '0', '0');
INSERT INTO `inventario_productos` VALUES (0x11E874696E77AB5B9BD600270E383B06, '1527774709', 0x11E8676EAD11B2E6BDE500270E383B06, 0x11E87469D2C3B9579BD600270E383B06, 0x11E7AC1ACC1DCFE0A15E00270E383B06, 0x11E7A91C8DE28C038A4800E04C6F7E24, 'MPEACI01', 'Etiqueta Arados Caucho Interior / Galon', 'Etiqueta Arados Caucho Interior / Galon', 0x11E7AF8A08F0A02CA5F700270E383B06, 0x11E7AF8A08F0A02CA5F700270E383B06, '1.00', '0.00', '0.00', '0.00', '0.06', '0.00000000', '0.00', '0.00', '0.00000000', '0.00', '0.00', '0.00000000', 0x11E7E1D6570F9A40AC8A00E04C6F7E24, '0', '0');
INSERT INTO `inventario_productos` VALUES (0x11E874696E7B1BC59BD600270E383B06, '1527774821', 0x11E8676EAD11B2E6BDE500270E383B06, 0x11E87469D2C6440F9BD600270E383B06, 0x11E7AC1ACC1DCFE0A15E00270E383B06, 0x11E7A91C8DE28C038A4800E04C6F7E24, 'MPEACIC01', 'Etiqueta Arados Caucho Interior / Cuñete', 'Etiqueta Arados Caucho Interior / Cuñete', 0x11E7AF8A08F0A02CA5F700270E383B06, 0x11E7AF8A08F0A02CA5F700270E383B06, '1.00', '0.00', '0.00', '0.00', '0.08', '0.00000000', '0.00', '0.00', '0.00000000', '0.00', '0.00', '0.00000000', 0x11E7E1D6570F9A40AC8A00E04C6F7E24, '0', '0');
INSERT INTO `inventario_productos` VALUES (0x11E874696E7E05A49BD600270E383B06, '1527776188', 0x11E8676EAD11B2E6BDE500270E383B06, 0x11E87469D2C8D41B9BD600270E383B06, 0x11E7AC1ACC1DCFE0A15E00270E383B06, 0x11E7A91C8DE28C038A4800E04C6F7E24, 'MPEEA1/401', 'Etiqueta Esmalte Arados / 1/4 Galon', 'Etiqueta Esmalte Arados / 1/4 Galon', 0x11E7A90D43325DA68A4800E04C6F7E24, 0x11E7A90D43325DA68A4800E04C6F7E24, '1.00', '0.00', '0.00', '0.00', '0.05', '0.00000000', '0.00', '0.00', '0.00000000', '0.00', '0.00', '0.00000000', 0x11E7E1D6570F9A40AC8A00E04C6F7E24, '0', '0');
INSERT INTO `inventario_productos` VALUES (0x11E874696E8176B29BD600270E383B06, '1527776606', 0x11E8676EAD11B2E6BDE500270E383B06, 0x11E87469D2CB58549BD600270E383B06, 0x11E7AC1ACC1DCFE0A15E00270E383B06, 0x11E7A91C8DE28C038A4800E04C6F7E24, 'MPEEAG01', 'Etiqueta Esmalte Arados / Galon', 'Etiqueta Esmalte Arados / Galon', 0x11E7A90D43325DA68A4800E04C6F7E24, 0x11E7A90D43325DA68A4800E04C6F7E24, '1.00', '0.00', '0.00', '0.00', '0.05', '0.00000000', '0.00', '0.00', '0.00000000', '0.00', '0.00', '0.00000000', 0x11E7E1D6570F9A40AC8A00E04C6F7E24, '0', '0');
INSERT INTO `inventario_productos` VALUES (0x11E874696E84669D9BD600270E383B06, '1527777402', 0x11E8676EAD11B2E6BDE500270E383B06, 0x11E87469D2CDE6D99BD600270E383B06, 0x11E7AC1ACC1DCFE0A15E00270E383B06, 0x11E7A91C8DE28C038A4800E04C6F7E24, 'MPCVAG01', 'Etiqueta Caucho Verona Tipo A / Galon', 'Etiqueta Caucho Verona Tipo A / Galon', 0x11E7A90D43325DA68A4800E04C6F7E24, 0x11E7A90D43325DA68A4800E04C6F7E24, '1.00', '0.00', '0.00', '0.00', '0.05', '0.00000000', '0.00', '0.00', '0.00000000', '0.00', '0.00', '0.00000000', 0x11E7E1D6570F9A40AC8A00E04C6F7E24, '0', '0');
INSERT INTO `inventario_productos` VALUES (0x11E874696E87D5C19BD600270E383B06, '1527777761', 0x11E8676EAD11B2E6BDE500270E383B06, 0x11E87469D2D272D29BD600270E383B06, 0x11E7AC1ACC1DCFE0A15E00270E383B06, 0x11E7A91C8DE28C038A4800E04C6F7E24, 'MPEADA1/401', 'Etiqueta Arados Fondo Anticorrosivo / 1/4 Galon', 'Etiqueta Arados Fondo Anticorrosivo / 1/4 Galon', 0x11E7AF8A08F0A02CA5F700270E383B06, 0x11E7AF8A08F0A02CA5F700270E383B06, '1.00', '0.00', '0.00', '0.00', '0.05', '0.00000000', '0.00', '0.00', '0.00000000', '0.00', '0.00', '0.00000000', 0x11E7E1D6570F9A40AC8A00E04C6F7E24, '0', '0');
INSERT INTO `inventario_productos` VALUES (0x11E874696E8ABEDF9BD600270E383B06, '1527778041', 0x11E8676EAD11B2E6BDE500270E383B06, 0x11E87469D2D44B599BD600270E383B06, 0x11E7AC1ACC1DCFE0A15E00270E383B06, 0x11E7A91C8DE28C038A4800E04C6F7E24, 'MPEAFAG01', 'Etiqueta Arados Fondo Anticorrosivo / Galon', 'Etiqueta Arados Fondo Anticorrosivo / Galon', 0x11E7AF8A08F0A02CA5F700270E383B06, 0x11E7AF8A08F0A02CA5F700270E383B06, '1.00', '0.00', '0.00', '0.00', '0.05', '0.00000000', '0.00', '0.00', '0.00000000', '0.00', '0.00', '0.00000000', 0x11E7E1D6570F9A40AC8A00E04C6F7E24, '0', '0');
INSERT INTO `inventario_productos` VALUES (0x11E874696E8E327F9BD600270E383B06, '1527778350', 0x11E8676EAD11B2E6BDE500270E383B06, 0x11E87469D2D6CD8D9BD600270E383B06, 0x11E7AC1ACC1DCFE0A15E00270E383B06, 0x11E7A91C8DE28C038A4800E04C6F7E24, 'MPEFAC01', 'Etiqueta Fondo Antialcalino / Cuñete', 'Etiqueta Fondo Antialcalino / Cuñete', 0x11E7A90D43325DA68A4800E04C6F7E24, 0x11E7A90D43325DA68A4800E04C6F7E24, '1.00', '0.00', '0.00', '0.00', '0.05', '0.00000000', '0.00', '0.00', '0.00000000', '0.00', '0.00', '0.00000000', 0x11E7E1D6570F9A40AC8A00E04C6F7E24, '0', '0');
INSERT INTO `inventario_productos` VALUES (0x11E874696E93B3F29BD600270E383B06, '1527778570', 0x11E8676EAD11B2E6BDE500270E383B06, 0x11E87469D2D95B2C9BD600270E383B06, 0x11E7AC1ACC1DCFE0A15E00270E383B06, 0x11E7A91C8DE28C038A4800E04C6F7E24, 'MPETC01', 'Etiqueta Trafico / Cuñete', 'Etiqueta Trafico / Cuñete', 0x11E7A90D43325DA68A4800E04C6F7E24, 0x11E7A90D43325DA68A4800E04C6F7E24, '1.00', '0.00', '0.00', '0.00', '0.05', '0.00000000', '0.00', '0.00', '0.00000000', '0.00', '0.00', '0.00000000', 0x11E7E1D6570F9A40AC8A00E04C6F7E24, '0', '0');
INSERT INTO `inventario_productos` VALUES (0x11E874696E9A0ED19BD600270E383B06, '1527778699', 0x11E8676EAD11B2E6BDE500270E383B06, 0x11E87469D2DBE1AA9BD600270E383B06, 0x11E7AC1ACC1DCFE0A15E00270E383B06, 0x11E7A91C8DE28C038A4800E04C6F7E24, 'MPESV1/401', 'Etiqueta Esmalte Verona / 1/4 Galon', 'Etiqueta Esmalte Verona / 1/4 Galon', 0x11E7A90D43325DA68A4800E04C6F7E24, 0x11E7A90D43325DA68A4800E04C6F7E24, '1.00', '0.00', '0.00', '0.00', '0.05', '0.00000000', '0.00', '0.00', '0.00000000', '0.00', '0.00', '0.00000000', 0x11E7E1D6570F9A40AC8A00E04C6F7E24, '0', '0');
INSERT INTO `inventario_productos` VALUES (0x11E874696E9DD3199BD600270E383B06, '1527778756', 0x11E8676EAD11B2E6BDE500270E383B06, 0x11E87469D2DE725E9BD600270E383B06, 0x11E7AC1ACC1DCFE0A15E00270E383B06, 0x11E7A91C8DE28C038A4800E04C6F7E24, 'MPEEVG01', 'Etiqueta Esmalte Verona / Galon', 'Etiqueta Esmalte Verona / Galon', 0x11E7A90D43325DA68A4800E04C6F7E24, 0x11E7A90D43325DA68A4800E04C6F7E24, '1.00', '0.00', '0.00', '0.00', '0.05', '0.00000000', '0.00', '0.00', '0.00000000', '0.00', '0.00', '0.00000000', 0x11E7E1D6570F9A40AC8A00E04C6F7E24, '0', '0');
INSERT INTO `inventario_productos` VALUES (0x11E874696EA145399BD600270E383B06, '1527778817', 0x11E8676EAD11B2E6BDE500270E383B06, 0x11E87469D2E7C5A09BD600270E383B06, 0x11E7AC1ACC1DCFE0A15E00270E383B06, 0x11E7A91C8DE28C038A4800E04C6F7E24, 'MPETG01', 'Etiqueta Texturizado / Galon', 'Etiqueta Texturizado / Galon', 0x11E7A90D43325DA68A4800E04C6F7E24, 0x11E7A90D43325DA68A4800E04C6F7E24, '1.00', '0.00', '0.00', '0.00', '0.05', '0.00000000', '0.00', '0.00', '0.00000000', '0.00', '0.00', '0.00000000', 0x11E7E1D6570F9A40AC8A00E04C6F7E24, '0', '0');
INSERT INTO `inventario_productos` VALUES (0x11E874696EA42E539BD600270E383B06, '1527778910', 0x11E8676EAD11B2E6BDE500270E383B06, 0x11E87469D2FADBE99BD600270E383B06, 0x11E7AC1ACC1DCFE0A15E00270E383B06, 0x11E7A91C8DE28C038A4800E04C6F7E24, 'MPETC01', 'Etiqueta Texturizado / Cuñete', 'Etiqueta Texturizado / Cuñete', 0x11E7A90D43325DA68A4800E04C6F7E24, 0x11E7A90D43325DA68A4800E04C6F7E24, '1.00', '0.00', '0.00', '0.00', '0.05', '0.00000000', '0.00', '0.00', '0.00000000', '0.00', '0.00', '0.00000000', 0x11E7E1D6570F9A40AC8A00E04C6F7E24, '0', '0');
INSERT INTO `inventario_productos` VALUES (0x11E874696EC049499BD600270E383B06, '1527778958', 0x11E8676EAD11B2E6BDE500270E383B06, 0x11E87469D2FF80069BD600270E383B06, 0x11E7AC1ACC1DCFE0A15E00270E383B06, 0x11E7A91C8DE28C038A4800E04C6F7E24, 'MPEPPG01', 'Etiqueta Pasta Profesional / Galon', 'Etiqueta Pasta Profesional / Galon', 0x11E7A90D43325DA68A4800E04C6F7E24, 0x11E7A90D43325DA68A4800E04C6F7E24, '1.00', '0.00', '0.00', '0.00', '0.05', '0.00000000', '0.00', '0.00', '0.00000000', '0.00', '0.00', '0.00000000', 0x11E7E1D6570F9A40AC8A00E04C6F7E24, '0', '0');
INSERT INTO `inventario_productos` VALUES (0x11E874696EC3AF2B9BD600270E383B06, '1527779008', 0x11E8676EAD11B2E6BDE500270E383B06, 0x11E87469D3020FF29BD600270E383B06, 0x11E7AC1ACC1DCFE0A15E00270E383B06, 0x11E7A91C8DE28C038A4800E04C6F7E24, 'MPPPC01', 'Etiqueta Pasta Profesional / Cuñete', 'Etiqueta Pasta Profesional / Cuñete', 0x11E7A90D43325DA68A4800E04C6F7E24, 0x11E7A90D43325DA68A4800E04C6F7E24, '1.00', '0.00', '0.00', '0.00', '0.05', '0.00000000', '0.00', '0.00', '0.00000000', '0.00', '0.00', '0.00000000', 0x11E7E1D6570F9A40AC8A00E04C6F7E24, '0', '0');
INSERT INTO `inventario_productos` VALUES (0x11E874696ECAA7CA9BD600270E383B06, '1527779053', 0x11E8676EAD11B2E6BDE500270E383B06, 0x11E87469D304932A9BD600270E383B06, 0x11E7AC1ACC1DCFE0A15E00270E383B06, 0x11E7A91C8DE28C038A4800E04C6F7E24, 'MPEPA1/4G01', 'Etiqueta Pintura Aluminizada / 1/4 Galon', 'Etiqueta Pintura Aluminizada / 1/4 Galon', 0x11E7A90D43325DA68A4800E04C6F7E24, 0x11E7A90D43325DA68A4800E04C6F7E24, '1.00', '0.00', '0.00', '0.00', '0.05', '0.00000000', '0.00', '0.00', '0.00000000', '0.00', '0.00', '0.00000000', 0x11E7E1D6570F9A40AC8A00E04C6F7E24, '0', '0');
INSERT INTO `inventario_productos` VALUES (0x11E874696ED71C3F9BD600270E383B06, '1527779094', 0x11E8676EAD11B2E6BDE500270E383B06, 0x11E87469D307708E9BD600270E383B06, 0x11E7AC1ACC1DCFE0A15E00270E383B06, 0x11E7A91C8DE28C038A4800E04C6F7E24, 'MPEPAG01', 'Etiqueta Pintura Aluminizada / Galon', 'Etiqueta Pintura Aluminizada / Galon', 0x11E7A90D43325DA68A4800E04C6F7E24, 0x11E7A90D43325DA68A4800E04C6F7E24, '1.00', '0.00', '0.00', '0.00', '0.05', '0.00000000', '0.00', '0.00', '0.00000000', '0.00', '0.00', '0.00000000', 0x11E7E1D6570F9A40AC8A00E04C6F7E24, '0', '0');
INSERT INTO `inventario_productos` VALUES (0x11E874696EDA918F9BD600270E383B06, '1527779134', 0x11E8676EAD11B2E6BDE500270E383B06, 0x11E87469D30E67D99BD600270E383B06, 0x11E7AC1ACC1DCFE0A15E00270E383B06, 0x11E7A91C8DE28C038A4800E04C6F7E24, 'MPEMPG01', 'Etiqueta Mulato Paints / Galon', 'Etiqueta Mulato Paints / Galon', 0x11E7A90D43325DA68A4800E04C6F7E24, 0x11E7A90D43325DA68A4800E04C6F7E24, '1.00', '0.00', '0.00', '0.00', '0.05', '0.00000000', '0.00', '0.00', '0.00000000', '0.00', '0.00', '0.00000000', 0x11E7E1D6570F9A40AC8A00E04C6F7E24, '0', '0');
INSERT INTO `inventario_productos` VALUES (0x11E874696EE0F0C99BD600270E383B06, '1527779176', 0x11E8676EAD11B2E6BDE500270E383B06, 0x11E87469D318FB069BD600270E383B06, 0x11E7AC1ACC1DCFE0A15E00270E383B06, 0x11E7A91C8DE28C038A4800E04C6F7E24, 'MPEFMG01', 'Etiqueta Fondo Marino / Galon', 'Etiqueta Fondo Marino / Galon', 0x11E7A90D43325DA68A4800E04C6F7E24, 0x11E7A90D43325DA68A4800E04C6F7E24, '1.00', '0.00', '0.00', '0.00', '0.05', '0.00000000', '0.00', '0.00', '0.00000000', '0.00', '0.00', '0.00000000', 0x11E7E1D6570F9A40AC8A00E04C6F7E24, '0', '0');
INSERT INTO `inventario_productos` VALUES (0x11E874696EE3BF9E9BD600270E383B06, '1527779227', 0x11E8676EAD11B2E6BDE500270E383B06, 0x11E87469D321258C9BD600270E383B06, 0x11E7AC1ACC1DCFE0A15E00270E383B06, 0x11E7A91C8DE28C038A4800E04C6F7E24, 'MPEIVG01', 'Etiqueta Impermiabilizante Verona /  Galon', 'Etiqueta Impermiabilizante Verona /  Galon', 0x11E7A90D43325DA68A4800E04C6F7E24, 0x11E7A90D43325DA68A4800E04C6F7E24, '1.00', '0.00', '0.00', '0.00', '0.05', '0.00000000', '0.00', '0.00', '0.00000000', '0.00', '0.00', '0.00000000', 0x11E7E1D6570F9A40AC8A00E04C6F7E24, '0', '0');
INSERT INTO `inventario_productos` VALUES (0x11E874696EEB22069BD600270E383B06, '1527779269', 0x11E8676EAD11B2E6BDE500270E383B06, 0x11E87469D325B4739BD600270E383B06, 0x11E7AC1ACC1DCFE0A15E00270E383B06, 0x11E7A91C8DE28C038A4800E04C6F7E24, 'MPEIVC01', 'Etiqueta Impermiabilizante Verona /  Cuñete', 'Etiqueta Impermiabilizante Verona /  Cuñete', 0x11E7A90D43325DA68A4800E04C6F7E24, 0x11E7A90D43325DA68A4800E04C6F7E24, '1.00', '0.00', '0.00', '0.00', '0.05', '0.00000000', '0.00', '0.00', '0.00000000', '0.00', '0.00', '0.00000000', 0x11E7E1D6570F9A40AC8A00E04C6F7E24, '0', '0');
INSERT INTO `inventario_productos` VALUES (0x11E874696EF1B8B19BD600270E383B06, '1527779316', 0x11E8676EAD11B2E6BDE500270E383B06, 0x11E87469D32ACCD99BD600270E383B06, 0x11E7AC1ACC1DCFE0A15E00270E383B06, 0x11E7A91C8DE28C038A4800E04C6F7E24, 'MPEFAV1/401', 'Etiqueta Fondo Anticorrosivo Verona / 1/4 Galon', 'Etiqueta Fondo Anticorrosivo Verona / 1/4 Galon', 0x11E7A90D43325DA68A4800E04C6F7E24, 0x11E7A90D43325DA68A4800E04C6F7E24, '1.00', '0.00', '0.00', '0.00', '0.05', '0.00000000', '0.00', '0.00', '0.00000000', '0.00', '0.00', '0.00000000', 0x11E7E1D6570F9A40AC8A00E04C6F7E24, '0', '0');
INSERT INTO `inventario_productos` VALUES (0x11E874696EF54D259BD600270E383B06, '1527779361', 0x11E8676EAD11B2E6BDE500270E383B06, 0x11E87469D33127E79BD600270E383B06, 0x11E7AC1ACC1DCFE0A15E00270E383B06, 0x11E7A91C8DE28C038A4800E04C6F7E24, 'MPEFAVG01', 'Etiqueta Fondo Anticorrosivo Verona /  Galon', 'Etiqueta Fondo Anticorrosivo Verona /  Galon', 0x11E7A90D43325DA68A4800E04C6F7E24, 0x11E7A90D43325DA68A4800E04C6F7E24, '1.00', '0.00', '0.00', '0.00', '0.05', '0.00000000', '0.00', '0.00', '0.00000000', '0.00', '0.00', '0.00000000', 0x11E7E1D6570F9A40AC8A00E04C6F7E24, '0', '0');
INSERT INTO `inventario_productos` VALUES (0x11E874696EF81A059BD600270E383B06, '1527779455', 0x11E8676EAD11B2E6BDE500270E383B06, 0x11E87469D333A6F49BD600270E383B06, 0x11E7AC1ACC1DCFE0A15E00270E383B06, 0x11E7A91C8DE28C038A4800E04C6F7E24, 'MPEBV1/401', 'Etiqueta Barniz Verona / 1/4 Galon', 'Etiqueta Barniz Verona / 1/4 Galon', 0x11E7A90D43325DA68A4800E04C6F7E24, 0x11E7AF8A08F0A02CA5F700270E383B06, '1.00', '0.00', '0.00', '0.00', '0.05', '0.00000000', '0.00', '0.00', '0.00000000', '0.00', '0.00', '0.00000000', 0x11E7E1D6570F9A40AC8A00E04C6F7E24, '0', '0');
INSERT INTO `inventario_productos` VALUES (0x11E874696EFB97CD9BD600270E383B06, '1527779504', 0x11E8676EAD11B2E6BDE500270E383B06, 0x11E87469D3362A8F9BD600270E383B06, 0x11E7AC1ACC1DCFE0A15E00270E383B06, 0x11E7A91C8DE28C038A4800E04C6F7E24, 'MPEBVG01', 'Etiqueta Barniz Verona /  Galon', 'Etiqueta Barniz Verona /  Galon', 0x11E7A90D43325DA68A4800E04C6F7E24, 0x11E7AF8A08F0A02CA5F700270E383B06, '1.00', '0.00', '0.00', '0.00', '0.05', '0.00000000', '0.00', '0.00', '0.00000000', '0.00', '0.00', '0.00000000', 0x11E7E1D6570F9A40AC8A00E04C6F7E24, '0', '0');
INSERT INTO `inventario_productos` VALUES (0x11E874696EFE63819BD600270E383B06, '1527779552', 0x11E8676EAD11B2E6BDE500270E383B06, 0x11E87469D338BD4E9BD600270E383B06, 0x11E7AC1ACC1DCFE0A15E00270E383B06, 0x11E7A91C8DE28C038A4800E04C6F7E24, 'MPECG01', 'Etiqueta Canchas / Galon', 'Etiqueta Canchas / Galon', 0x11E7A90D43325DA68A4800E04C6F7E24, 0x11E7A90D43325DA68A4800E04C6F7E24, '1.00', '0.00', '0.00', '0.00', '0.05', '0.00000000', '0.00', '0.00', '0.00000000', '0.00', '0.00', '0.00000000', 0x11E7E1D6570F9A40AC8A00E04C6F7E24, '0', '0');
INSERT INTO `inventario_productos` VALUES (0x11E874696F0390CD9BD600270E383B06, '1527779599', 0x11E8676EAD11B2E6BDE500270E383B06, 0x11E87469D33B42C19BD600270E383B06, 0x11E7AC1ACC1DCFE0A15E00270E383B06, 0x11E7A91C8DE28C038A4800E04C6F7E24, 'MPECC01', 'Etiqueta Canchas / Cuñete', 'Etiqueta Canchas / Cuñete', 0x11E7A90D43325DA68A4800E04C6F7E24, 0x11E7AF8A08F0A02CA5F700270E383B06, '1.00', '0.00', '0.00', '0.00', '0.05', '0.00000000', '0.00', '0.00', '0.00000000', '0.00', '0.00', '0.00000000', 0x11E7E1D6570F9A40AC8A00E04C6F7E24, '0', '0');
INSERT INTO `inventario_productos` VALUES (0x11E874696F07120E9BD600270E383B06, '1527779642', 0x11E8676EAD11B2E6BDE500270E383B06, 0x11E87469D33DD0AC9BD600270E383B06, 0x11E7AC1ACC1DCFE0A15E00270E383B06, 0x11E7A91C8DE28C038A4800E04C6F7E24, 'MPECABG01', 'Etiqueta Caucho Arados Tipo B / Galon', 'Etiqueta Caucho Arados Tipo B / Galon', 0x11E7A90D43325DA68A4800E04C6F7E24, 0x11E7A90D43325DA68A4800E04C6F7E24, '1.00', '0.00', '0.00', '0.00', '0.05', '0.00000000', '0.00', '0.00', '0.00000000', '0.00', '0.00', '0.00000000', 0x11E7E1D6570F9A40AC8A00E04C6F7E24, '0', '0');
INSERT INTO `inventario_productos` VALUES (0x11E874696F09EEA59BD600270E383B06, '1527779868', 0x11E8676EAD11B2E6BDE500270E383B06, 0x11E87469D34056B59BD600270E383B06, 0x11E7AC1ACC1DCFE0A15E00270E383B06, 0x11E7A91C8DE28C038A4800E04C6F7E24, 'MPECABC01', 'Etiqueta Caucho Arados Tipo B / Cuñete', 'Etiqueta Caucho Arados Tipo B / Cuñete', 0x11E7A90D43325DA68A4800E04C6F7E24, 0x11E7A90D43325DA68A4800E04C6F7E24, '1.00', '0.00', '0.00', '0.00', '0.05', '0.00000000', '0.00', '0.00', '0.00000000', '0.00', '0.00', '0.00000000', 0x11E7E1D6570F9A40AC8A00E04C6F7E24, '0', '0');
INSERT INTO `inventario_productos` VALUES (0x11E874696F1188589BD600270E383B06, '1527779913', 0x11E8676EAD11B2E6BDE500270E383B06, 0x11E87469D342EE5F9BD600270E383B06, 0x11E7AC1ACC1DCFE0A15E00270E383B06, 0x11E7A91C8DE28C038A4800E04C6F7E24, 'MPEACIG01', 'Etiqueta Atman Caucho Interior /Galon', 'Etiqueta Atman Caucho Interior /Galon', 0x11E7A90D43325DA68A4800E04C6F7E24, 0x11E7AF8A08F0A02CA5F700270E383B06, '1.00', '0.00', '0.00', '0.00', '0.05', '0.00000000', '0.00', '0.00', '0.00000000', '0.00', '0.00', '0.00000000', 0x11E7E1D6570F9A40AC8A00E04C6F7E24, '0', '0');
INSERT INTO `inventario_productos` VALUES (0x11E874696F193B6B9BD600270E383B06, '1527779964', 0x11E8676EAD11B2E6BDE500270E383B06, 0x11E87469D34BD7B49BD600270E383B06, 0x11E7AC1ACC1DCFE0A15E00270E383B06, 0x11E7A91C8DE28C038A4800E04C6F7E24, 'MPEACIC01', 'Etiqueta Atman Caucho Interior /Cuñete', 'Etiqueta Atman Caucho Interior /Cuñete', 0x11E7A90D43325DA68A4800E04C6F7E24, 0x11E7AF8A08F0A02CA5F700270E383B06, '1.00', '0.00', '0.00', '0.00', '0.05', '0.00000000', '0.00', '0.00', '0.00000000', '0.00', '0.00', '0.00000000', 0x11E7E1D6570F9A40AC8A00E04C6F7E24, '0', '0');
INSERT INTO `inventario_productos` VALUES (0x11E874696F1F794E9BD600270E383B06, '1527780032', 0x11E8676EAD11B2E6BDE500270E383B06, 0x11E87469D35231179BD600270E383B06, 0x11E7AC1ACC1DCFE0A15E00270E383B06, 0x11E7A91C8DE28C038A4800E04C6F7E24, 'MPAGP01', 'Asa para galones plasticos', 'Asa para galones plasticos', 0x11E7AF8A08F0A02CA5F700270E383B06, 0x11E7AF8A08F0A02CA5F700270E383B06, '1.00', '0.00', '0.00', '0.00', '0.00', '0.00000000', '0.00', '0.00', '0.00000000', '0.00', '0.00', '0.00000000', 0x11E7E1D6570F9A40AC8A00E04C6F7E24, '0', '0');
INSERT INTO `inventario_productos` VALUES (0x11E874696F2463A59BD600270E383B06, '1527780168', 0x11E8676EAD11B2E6BDE500270E383B06, 0x11E87469D354B0E59BD600270E383B06, 0x11E7AC1ACC1DCFE0A15E00270E383B06, 0x11E7A91C8DE28C038A4800E04C6F7E24, 'MPRPE01', 'Rollos de Plastico Embalaje', 'Rollos de Plastico Embalaje', 0x11E7AF8A08F0A02CA5F700270E383B06, 0x11E7AF8A08F0A02CA5F700270E383B06, '1.00', '0.00', '0.00', '0.00', '0.00', '0.00000000', '0.00', '0.00', '0.00000000', '0.00', '0.00', '0.00000000', 0x11E7E1D6570F9A40AC8A00E04C6F7E24, '0', '0');

-- ----------------------------
-- Table structure for sistema_cotizaciones
-- ----------------------------
DROP TABLE IF EXISTS `sistema_cotizaciones`;
CREATE TABLE `sistema_cotizaciones` (
  `id` binary(16) NOT NULL,
  `order_id` int(11) DEFAULT NULL,
  `fecha_registro` datetime DEFAULT NULL,
  `fecha` datetime DEFAULT NULL,
  `valor` double DEFAULT '0',
  PRIMARY KEY (`id`),
  UNIQUE KEY `id` (`id`),
  KEY `timestamp` (`order_id`)
) ENGINE=InnoDB DEFAULT CHARSET=latin1;

-- ----------------------------
-- Records of sistema_cotizaciones
-- ----------------------------
INSERT INTO `sistema_cotizaciones` VALUES (0x11E7AA9F0643F0C8847D00E04C6F7E24, '1507298563', '2017-10-06 10:02:43', '2017-10-06 18:02:39', '15000');
INSERT INTO `sistema_cotizaciones` VALUES (0x11E7AA9F4A2D76A7847D00E04C6F7E24, '1507298677', '2017-10-06 10:04:37', '2017-10-06 18:04:29', '17300');
INSERT INTO `sistema_cotizaciones` VALUES (0x11E7EAE6E359D19B897200E04C6F7E24, '1514366303', '2017-12-27 05:18:23', '2017-12-27 09:18:16', '112000');
INSERT INTO `sistema_cotizaciones` VALUES (0x11E852996925B890A72800270E383B06, '1525767948', '2018-05-08 04:25:48', '2018-05-08 08:25:42', '1000000');
INSERT INTO `sistema_cotizaciones` VALUES (0x11E86741F35F4244BDE500270E383B06, '1528039358', '2018-06-03 11:22:38', '2018-06-03 15:22:34', '2000000');

-- ----------------------------
-- Table structure for sistema_empresas
-- ----------------------------
DROP TABLE IF EXISTS `sistema_empresas`;
CREATE TABLE `sistema_empresas` (
  `id` binary(16) NOT NULL,
  `order_id` int(11) DEFAULT '0',
  `nombre` varchar(100) DEFAULT NULL,
  `rif` varchar(20) DEFAULT NULL,
  `direccion` varchar(255) DEFAULT NULL,
  `telefono` varchar(24) DEFAULT NULL,
  `es_inactivo` tinyint(1) DEFAULT '0',
  PRIMARY KEY (`id`)
) ENGINE=InnoDB DEFAULT CHARSET=latin1;

-- ----------------------------
-- Records of sistema_empresas
-- ----------------------------
INSERT INTO `sistema_empresas` VALUES (0x11E8671BDA538048BDE500270E383B06, '1528022995', 'VERONA IMPORT', 'J123456789', 'xx', '', '0');
INSERT INTO `sistema_empresas` VALUES (0x11E8676EAD11B2E6BDE500270E383B06, '1528058568', 'VERONA FABRICA', 'J975621315', 'GALPON', '', '0');
INSERT INTO `sistema_empresas` VALUES (0x11E8676EB799755BBDE500270E383B06, '1528058585', 'VERONA DISTRIBUIDORA', 'J7426151621', 'EEEE', '', '0');

-- ----------------------------
-- Table structure for sistema_impuestos
-- ----------------------------
DROP TABLE IF EXISTS `sistema_impuestos`;
CREATE TABLE `sistema_impuestos` (
  `id` binary(16) NOT NULL,
  `order_id` int(11) DEFAULT NULL,
  `id_tipo` binary(16) DEFAULT '0000000000000000',
  `codigo` varchar(10) DEFAULT NULL,
  `nombre` varchar(100) DEFAULT NULL,
  `valor_display` varchar(100) DEFAULT NULL,
  `valor` double(6,0) DEFAULT NULL,
  PRIMARY KEY (`id`),
  UNIQUE KEY `id` (`id`),
  KEY `timestamp` (`order_id`)
) ENGINE=InnoDB DEFAULT CHARSET=latin1;

-- ----------------------------
-- Records of sistema_impuestos
-- ----------------------------
INSERT INTO `sistema_impuestos` VALUES (0x11E7A8257F863F079B0700270E383B06, '1507026476', 0x11E7A7016E303D9D9B0700270E383B06, '000', 'EXENTO', '0%', '0');
INSERT INTO `sistema_impuestos` VALUES (0x11E7A87A5A7F5C5A9B0700270E383B06, '1507062921', 0x11E7A7016E303D9D9B0700270E383B06, '0000', 'tasa loca', '8%', '8');
INSERT INTO `sistema_impuestos` VALUES (0x11E7E1D6570F9A40AC8A00E04C6F7E24, '1513369585', 0x11E7A7016E303D9D9B0700270E383B06, '34', 'IVA', '12', '12');

-- ----------------------------
-- Table structure for sistema_listas
-- ----------------------------
DROP TABLE IF EXISTS `sistema_listas`;
CREATE TABLE `sistema_listas` (
  `id` binary(16) NOT NULL,
  `order_id` int(11) DEFAULT NULL,
  `campo` varchar(100) DEFAULT NULL,
  `nombre` varchar(100) DEFAULT NULL,
  `descrip` varchar(255) DEFAULT NULL,
  `id_padre` binary(16) DEFAULT '0\0\0\0\0\0\0\0\0\0\0\0\0\0\0\0',
  PRIMARY KEY (`id`),
  UNIQUE KEY `id` (`id`),
  KEY `timestamp` (`order_id`)
) ENGINE=InnoDB DEFAULT CHARSET=latin1;

-- ----------------------------
-- Records of sistema_listas
-- ----------------------------
INSERT INTO `sistema_listas` VALUES (0x11E7A6A4C7519DF09B0700270E383B06, '1506861238', 'sistema_unidades', 'Comercial', '0', 0x00000000000000000000000000000000);
INSERT INTO `sistema_listas` VALUES (0x11E7A6A5DC61415C9B0700270E383B06, '1506861703', 'bancos', 'Banesco', '', 0x00000000000000000000000000000000);
INSERT INTO `sistema_listas` VALUES (0x11E7A7016E303D9D9B0700270E383B06, '1506901032', 'impuestos', 'IVA', '', 0x00000000000000000000000000000000);
INSERT INTO `sistema_listas` VALUES (0x11E7A701C32410239B0700270E383B06, '1506901175', 'bancos', 'Mercantil', '', 0x00000000000000000000000000000000);
INSERT INTO `sistema_listas` VALUES (0x11E7A70D15F52A249B0700270E383B06, '1506906038', 'bancos', 'BBVA Provincial', null, 0x00000000000000000000000000000000);
INSERT INTO `sistema_listas` VALUES (0x11E7A71308397A0D9B0700270E383B06, '1506908592', 'bancos', 'Venezuela', '', 0x00000000000000000000000000000000);
INSERT INTO `sistema_listas` VALUES (0x11E7A87DDEF65E619B0700270E383B06, '1507064432', 'tipo_operacion', 'inventario', '', 0x00000000000000000000000000000000);
INSERT INTO `sistema_listas` VALUES (0x11E7A91B2A5A51708A4800E04C6F7E24, '1507131630', 'bancos', 'Caroni', null, 0x00000000000000000000000000000000);
INSERT INTO `sistema_listas` VALUES (0x11E7AC1ACC1DCFE0A15E00270E383B06, '1507461676', 'tipo_producto', 'Simple', '', 0x00000000000000000000000000000000);
INSERT INTO `sistema_listas` VALUES (0x11E7AC1AEC9B3C87A15E00270E383B06, '1507461730', 'tipo_producto', 'Manofacturado', '', 0x00000000000000000000000000000000);
INSERT INTO `sistema_listas` VALUES (0x11E7AC1AFED8C1D6A15E00270E383B06, '1507461761', 'tipo_producto', 'Compuesto', '', 0x00000000000000000000000000000000);
INSERT INTO `sistema_listas` VALUES (0x11E7AC1BDB6D6C05A15E00270E383B06, '1507462131', 'tipo_producto', 'Preparado', '', 0x00000000000000000000000000000000);
INSERT INTO `sistema_listas` VALUES (0x11E7AF898A29EC16A5F700270E383B06, '1507839092', 'sistema_unidades', 'Volumen', null, 0x00000000000000000000000000000000);
INSERT INTO `sistema_listas` VALUES (0x11E7AF89BE381EADA5F700270E383B06, '1507839179', 'sistema_unidades', 'Longitud', null, 0x00000000000000000000000000000000);
INSERT INTO `sistema_listas` VALUES (0x11E7AF89C533F696A5F700270E383B06, '1507839191', 'sistema_unidades', 'Peso/Masa', null, 0x00000000000000000000000000000000);
INSERT INTO `sistema_listas` VALUES (0x11E7C32315B604FF9B7800E04C6F7E24, '1509994111', 'tipo_operacion', 'compras', null, null);
INSERT INTO `sistema_listas` VALUES (0x11E7C39A0EACD9A08F1A00E04C6F7E24, '1510045194', 'tipo_operacion', 'ventas', null, null);
INSERT INTO `sistema_listas` VALUES (0x11E855F966D38F6EA72800270E383B06, '1526139029', 'tipo_cuenta_bancaria', 'Corriente', null, 0x00000000000000000000000000000000);
INSERT INTO `sistema_listas` VALUES (0x11E855F9829440ADA72800270E383B06, '1526139076', 'tipo_cuenta_bancaria', 'Ahorro', null, 0x00000000000000000000000000000000);
INSERT INTO `sistema_listas` VALUES (0x11E8561E545031B6A72800270E383B06, '1526154889', 'tipo_instrumento_pago', 'Efectivo', null, 0x00000000000000000000000000000000);
INSERT INTO `sistema_listas` VALUES (0x11E8561E6E975F3BA72800270E383B06, '1526154933', 'tipo_instrumento_pago', 'Cuenta', null, 0x00000000000000000000000000000000);
INSERT INTO `sistema_listas` VALUES (0x11E8561E74396814A72800270E383B06, '1526154943', 'tipo_instrumento_pago', 'Cheque', null, 0x00000000000000000000000000000000);
INSERT INTO `sistema_listas` VALUES (0x11E87237BA4216B0A3C700270E383B06, '1529244430', 'tipo_empleado', 'Chofer', null, null);
INSERT INTO `sistema_listas` VALUES (0x11E8733CF530C0F39BD600270E383B06, '1529356628', 'tipo_empleado', 'Vendedor', null, null);

-- ----------------------------
-- Table structure for sistema_menu
-- ----------------------------
DROP TABLE IF EXISTS `sistema_menu`;
CREATE TABLE `sistema_menu` (
  `id` binary(16) NOT NULL,
  `order_id` int(11) DEFAULT NULL,
  `id_seccion` tinyint(1) DEFAULT NULL,
  `id_padre` binary(16) NOT NULL DEFAULT '0000000000000000',
  `id_tipo` tinyint(1) DEFAULT NULL,
  `nombre` varchar(100) DEFAULT NULL,
  `descrip` varchar(255) DEFAULT NULL,
  `trigger` varchar(100) DEFAULT NULL,
  `orden_pos` tinyint(1) DEFAULT NULL,
  `icono` varchar(100) DEFAULT NULL,
  `tooltip` varchar(255) DEFAULT NULL,
  PRIMARY KEY (`id`),
  UNIQUE KEY `id` (`id`),
  KEY `timestamp` (`order_id`)
) ENGINE=InnoDB DEFAULT CHARSET=latin1;

-- ----------------------------
-- Records of sistema_menu
-- ----------------------------
INSERT INTO `sistema_menu` VALUES (0x11E7A44200A787428A4800E04C6F7E24, '1506598664', '2', 0x00000000000000000000000000000000, '3', 'Menu', '', 'config.listas-menu-lista', '0', '', '');
INSERT INTO `sistema_menu` VALUES (0x11E7A51F8CBA85598A4800E04C6F7E24, '1506693793', '1', 0x00000000000000000000000000000000, '1', 'Listas', null, null, '2', null, null);
INSERT INTO `sistema_menu` VALUES (0x11E7A70EE7C4AE249B0700270E383B06, '1506906819', '1', 0x01000000000000000000000000000000, '1', 'Nuevo item', '', null, '0', '0', '');
INSERT INTO `sistema_menu` VALUES (0x11E7A7131C59B43E9B0700270E383B06, '1506908626', '1', 0x00000000000000000000000000000000, '1', 'Ventas', '', null, '5', '0', '');
INSERT INTO `sistema_menu` VALUES (0x11E7A768D3F519758A4800E04C6F7E24, '1506945118', '1', 0x11E7A51F8CBA85598A4800E04C6F7E24, '3', 'Usuarios', '', 'menu.listas-usuarios-lista', '0', '0', '');
INSERT INTO `sistema_menu` VALUES (0x11E7A78A256FE0EF8A4800E04C6F7E24, '1506959428', '1', 0x11E7A51F8CBA85598A4800E04C6F7E24, '3', 'Listas', '', 'menu.listas-listas-lista', '0', '0', '');
INSERT INTO `sistema_menu` VALUES (0x11E7A8598792B7439B0700270E383B06, '1507048823', '1', 0x11E7A51F8CBA85598A4800E04C6F7E24, '3', 'Impuestos', '', 'menu.listas-impuestos-lista', '0', '0', '');
INSERT INTO `sistema_menu` VALUES (0x11E7A87B1C58062D9B0700270E383B06, '1507063246', '2', 0x00000000000000000000000000000000, '3', 'Operaciones', '', 'config.listas-operaciones-lista', '0', '0', '');
INSERT INTO `sistema_menu` VALUES (0x11E7A9015A806FF88A4800E04C6F7E24, '1507120555', '1', 0x00000000000000000000000000000000, '1', 'Inventario', '', '', '2', '0', '');
INSERT INTO `sistema_menu` VALUES (0x11E7A9017CA2C1648A4800E04C6F7E24, '1507120613', '1', 0x11E7A9015A806FF88A4800E04C6F7E24, '3', 'Operaciones', '', 'menu.inventario-operaciones-lista', '5', '0', '');
INSERT INTO `sistema_menu` VALUES (0x11E7A9133D4BE6968A4800E04C6F7E24, '1507128226', '1', 0x11E7A9015A806FF88A4800E04C6F7E24, '3', 'Categorias', '', 'menu.inventario-categorias-lista', '1', '0', '');
INSERT INTO `sistema_menu` VALUES (0x11E7A929626A044B8A4800E04C6F7E24, '1507137737', '1', 0x11E7A9015A806FF88A4800E04C6F7E24, '3', 'Almacenes', '', 'menu.inventario-almacenes-lista', '0', '0', '');
INSERT INTO `sistema_menu` VALUES (0x11E7A961DC7E09FE9B0700270E383B06, '1507162353', '1', 0x11E7A9015A806FF88A4800E04C6F7E24, '3', 'Productos', '', 'menu.inventario-productos-lista', '1', '0', '');
INSERT INTO `sistema_menu` VALUES (0x11E7AA9C23373F23847D00E04C6F7E24, '1507297324', '1', 0x11E7A51F8CBA85598A4800E04C6F7E24, '3', 'Cotizaciones', '', 'menu.listas-cotizaciones-lista', '3', '0', '');
INSERT INTO `sistema_menu` VALUES (0x11E7C3132FBCE9399B7800E04C6F7E24, '1509987283', '1', 0x00000000000000000000000000000000, '1', 'Compras', '', '', '0', '0', '');
INSERT INTO `sistema_menu` VALUES (0x11E7C3133A674ECB9B7800E04C6F7E24, '1509987300', '1', 0x11E7C3132FBCE9399B7800E04C6F7E24, '3', 'Proveedores', '', 'menu.compras-proveedores-lista', '0', '0', '');
INSERT INTO `sistema_menu` VALUES (0x11E7C31C26B1D3599B7800E04C6F7E24, '1509991133', '1', 0x11E7C3132FBCE9399B7800E04C6F7E24, '3', 'Operaciones', '', 'menu.compras-operaciones-lista', '0', '0', '');
INSERT INTO `sistema_menu` VALUES (0x11E7C366B77BB7DA8F1A00E04C6F7E24, '1510023159', '1', 0x11E7A7131C59B43E9B0700270E383B06, '3', 'Clientes', '', 'menu.ventas-clientes-lista', '0', '0', '');
INSERT INTO `sistema_menu` VALUES (0x11E7C39686D7E2188F1A00E04C6F7E24, '1510043677', '1', 0x11E7A7131C59B43E9B0700270E383B06, '3', 'Operaciones', '', 'menu.ventas-operaciones-lista', '0', '0', '');
INSERT INTO `sistema_menu` VALUES (0x11E7D5B0D64CB023BB1B00E04C6F7E24, '1512034058', '1', 0x11E7A51F8CBA85598A4800E04C6F7E24, '3', 'Unidades', '', 'menu.listas-unidades-lista', '4', '0', '');
INSERT INTO `sistema_menu` VALUES (0x11E7D5B1395309EFBB1B00E04C6F7E24, '1512034224', '1', 0x00000000000000000000000000000000, '1', 'Reportes', '', '', '5', '0', '');
INSERT INTO `sistema_menu` VALUES (0x11E7D5B1C23436FFBB1B00E04C6F7E24, '1512034454', '1', 0x11E7D5B1395309EFBB1B00E04C6F7E24, '3', 'Inventario', '', 'menu.reportes-inventario-lista', '0', '0', '');
INSERT INTO `sistema_menu` VALUES (0x11E7D82F9A1C21B4BB1B00E04C6F7E24, '1512308360', '1', 0x11E7A961DC7E09FE9B0700270E383B06, '4', 'Formulas', '', 'inventario-productos-btnFormulas', '0', '0', '');
INSERT INTO `sistema_menu` VALUES (0x11E8561CE6F379FAA72800270E383B06, '1526154276', '1', 0x00000000000000000000000000000000, '1', 'Caja', '', '', '0', '0', '');
INSERT INTO `sistema_menu` VALUES (0x11E8561CFAFF308AA72800270E383B06, '1526154310', '1', 0x11E8561CE6F379FAA72800270E383B06, '3', 'Instrumentos de pago', '', 'menu.caja-instrumentos-list', '0', '0', '');
INSERT INTO `sistema_menu` VALUES (0x11E8671A41583A69BDE500270E383B06, '1528022309', '1', 0x11E7A51F8CBA85598A4800E04C6F7E24, '1', 'Empresas', '', 'menu.listas-empresas-lista', '0', '0', '');
INSERT INTO `sistema_menu` VALUES (0x11E86831FF02AFEFBDE500270E383B06, '1528142457', '1', 0x11E7A51F8CBA85598A4800E04C6F7E24, '3', 'Productos', '', 'menu.listas-productos-lista', '0', '0', '');
INSERT INTO `sistema_menu` VALUES (0x11E86EE98E915CB8878100270E383B06, '1528881003', '1', 0x11E8561CE6F379FAA72800270E383B06, '1', 'Cuentas Bancarias', '', 'menu.caja-bancos-lista', '0', '0', '');
INSERT INTO `sistema_menu` VALUES (0x11E872481426088AA3C700270E383B06, '1529251453', '1', 0x00000000000000000000000000000000, '1', 'Empresa', '', '', '0', '0', '');
INSERT INTO `sistema_menu` VALUES (0x11E8724824D7E824A3C700270E383B06, '1529251481', '1', 0x11E872481426088AA3C700270E383B06, '3', 'Personal', '', 'menu.empresa-empleados-lista', '0', '0', '');
INSERT INTO `sistema_menu` VALUES (0x11E8724835FCF9F8A3C700270E383B06, '1529251510', '1', 0x11E872481426088AA3C700270E383B06, '3', 'Vehículos', '', 'menu.empresa-vehiculos-lista', '0', '0', '');

-- ----------------------------
-- Table structure for sistema_operaciones
-- ----------------------------
DROP TABLE IF EXISTS `sistema_operaciones`;
CREATE TABLE `sistema_operaciones` (
  `id` binary(16) NOT NULL,
  `order_id` int(11) DEFAULT NULL,
  `id_tipo` binary(16) DEFAULT '0000000000000000',
  `nombre` varchar(100) DEFAULT NULL,
  `nombre_display` varchar(100) DEFAULT NULL,
  `descrip` varchar(255) DEFAULT NULL,
  `signo_inventario` varchar(1) DEFAULT NULL,
  `signo_caja` varchar(1) DEFAULT NULL,
  `es_fiscal` tinyint(1) DEFAULT '0',
  `es_autorizado` tinyint(1) DEFAULT '0',
  `es_visible` tinyint(1) DEFAULT '0',
  `es_derivado` tinyint(1) DEFAULT '0',
  `es_transporte` tinyint(1) DEFAULT '0',
  PRIMARY KEY (`id`),
  UNIQUE KEY `id` (`id`),
  KEY `timestamp` (`order_id`)
) ENGINE=InnoDB DEFAULT CHARSET=latin1;

-- ----------------------------
-- Records of sistema_operaciones
-- ----------------------------
INSERT INTO `sistema_operaciones` VALUES (0x11E7A87DFE539BFA9B0700270E383B06, '1507064484', 0x11E7A87DDEF65E619B0700270E383B06, 'Cargo', 'Cargo', 'cargo', '+', 'N', '0', '1', '1', '0', '0');
INSERT INTO `sistema_operaciones` VALUES (0x11E7B978A7D32697BB3C00E04C6F7E24, '1508931352', 0x11E7A87DDEF65E619B0700270E383B06, 'Descargo', 'Descargo', 'Descargo', '-', 'N', '0', '0', '1', '0', '0');
INSERT INTO `sistema_operaciones` VALUES (0x11E7C0C14C50CD20922D00E04C6F7E24, '1509732159', 0x11E7A87DDEF65E619B0700270E383B06, 'Traslados', 'Traslados', 'Traslados', 'M', 'N', '0', '0', '0', '0', '0');
INSERT INTO `sistema_operaciones` VALUES (0x11E7C25EDE4B02BB877D00E04C6F7E24, '1509909821', 0x11E7A87DDEF65E619B0700270E383B06, 'Orden de Producción', 'Orden de Producción', 'Orden de Producción', 'N', 'N', '0', '0', '0', '0', '0');
INSERT INTO `sistema_operaciones` VALUES (0x11E7C32321A13B749B7800E04C6F7E24, '1509994131', 0x11E7C32315B604FF9B7800E04C6F7E24, 'Orden de Compra', 'Orden de Compra', 'Orden de Compra', 'N', 'N', '0', '0', '0', '0', '0');
INSERT INTO `sistema_operaciones` VALUES (0x11E7C35C8B1444918F1A00E04C6F7E24, '1510018789', 0x11E7C32315B604FF9B7800E04C6F7E24, 'Recepción de Compras', 'Recepción de Compras', 'Recepción de Compras', '+', 'N', '0', '0', '0', '0', '0');
INSERT INTO `sistema_operaciones` VALUES (0x11E7C39A21EA52F58F1A00E04C6F7E24, '1510045226', 0x11E7C39A0EACD9A08F1A00E04C6F7E24, 'Presupuesto', 'Presupuesto', 'Presupuesto', 'N', 'N', '0', '0', '0', '0', '0');
INSERT INTO `sistema_operaciones` VALUES (0x11E7C39A3423F2A88F1A00E04C6F7E24, '1510045256', 0x11E7C39A0EACD9A08F1A00E04C6F7E24, 'Nota de Entrega', 'Nota de Entrega', 'Nota de Entrega', '-', '+', '0', '0', '0', '0', '0');
INSERT INTO `sistema_operaciones` VALUES (0x11E7C39A40E0A2B78F1A00E04C6F7E24, '1510045278', 0x11E7C39A0EACD9A08F1A00E04C6F7E24, 'Factura', 'Factura', 'Factura', '-', '+', '0', '0', '0', '0', '0');
INSERT INTO `sistema_operaciones` VALUES (0x11E871624941FB5D9F9A00270E383B06, '1529152758', 0x11E7C39A0EACD9A08F1A00E04C6F7E24, 'Nota de Crédito', 'Nota de Crédito', 'Nota de Crédito', '+', '-', '1', '0', '0', '1', '0');
INSERT INTO `sistema_operaciones` VALUES (0x11E8716C516B9EDF9F9A00270E383B06, '1529157067', 0x11E7C39A0EACD9A08F1A00E04C6F7E24, 'Guia Despacho', 'Guia Despacho', 'Guia Despacho', 'N', 'N', '0', '0', '0', '1', '1');

-- ----------------------------
-- Table structure for sistema_productos
-- ----------------------------
DROP TABLE IF EXISTS `sistema_productos`;
CREATE TABLE `sistema_productos` (
  `id` binary(16) NOT NULL,
  `order_id` int(11) DEFAULT '0',
  `codigo` varchar(30) DEFAULT NULL,
  `nombre` varchar(200) DEFAULT NULL,
  `empresas` varchar(255) DEFAULT NULL,
  `id_unidad_compra` binary(16) DEFAULT '0\0\0\0\0\0\0\0\0\0\0\0\0\0\0\0',
  `id_unidad_venta` binary(16) DEFAULT '0\0\0\0\0\0\0\0\0\0\0\0\0\0\0\0',
  `cantidad_unidad_compra` double(10,2) DEFAULT '0.00',
  PRIMARY KEY (`id`)
) ENGINE=InnoDB DEFAULT CHARSET=latin1;

-- ----------------------------
-- Records of sistema_productos
-- ----------------------------
INSERT INTO `sistema_productos` VALUES (0x11E87469CC1D2D679BD600270E383B06, '1529490325', 'ANT32100101', 'ANTMAN CAUCHO BLANCO', '[\"11E8676EAD11B2E6BDE500270E383B06\"]', 0x11E7AF8DDC5D706EA5F700270E383B06, 0x11E7AF8DDC5D706EA5F700270E383B06, '1.00');
INSERT INTO `sistema_productos` VALUES (0x11E87469CC236FC69BD600270E383B06, '1529490325', 'ARA23100250', 'ARADOS CAUCHO TIPO B GRIS CEMENTO', '[\"11E8676EAD11B2E6BDE500270E383B06\"]', 0x11E7AF8DF65CB995A5F700270E383B06, 0x11E7AF8DF65CB995A5F700270E383B06, '1.00');
INSERT INTO `sistema_productos` VALUES (0x11E87469CC289BDB9BD600270E383B06, '1529490325', 'ARA23100240', 'ARADOS CAUCHO TIPO B GRIS CEMENTO', '[\"11E8676EAD11B2E6BDE500270E383B06\"]', 0x11E7AF8DE9F3C53BA5F700270E383B06, 0x11E7AF8DE9F3C53BA5F700270E383B06, '1.00');
INSERT INTO `sistema_productos` VALUES (0x11E87469CC310B319BD600270E383B06, '1529490325', 'VER13100101', 'VERONA CAUCHO EXTERIOR BLANCO', '[\"11E8676EAD11B2E6BDE500270E383B06\"]', 0x11E7AF8DDC5D706EA5F700270E383B06, 0x11E7AF8DDC5D706EA5F700270E383B06, '1.00');
INSERT INTO `sistema_productos` VALUES (0x11E87469CC33D6BD9BD600270E383B06, '1529490326', 'VER13100201', 'VERONA CAUCHO EXTERIOR GRIS CEMENTO', '[\"11E8676EAD11B2E6BDE500270E383B06\"]', 0x11E7AF8DDC5D706EA5F700270E383B06, 0x11E7AF8DDC5D706EA5F700270E383B06, '1.00');
INSERT INTO `sistema_productos` VALUES (0x11E87469CC391ADD9BD600270E383B06, '1529490326', 'VER13100301', 'VERONA CAUCHO EXTERIOR GRIS CLARO', '[\"11E8676EAD11B2E6BDE500270E383B06\"]', 0x11E7AF8DDC5D706EA5F700270E383B06, 0x11E7AF8DDC5D706EA5F700270E383B06, '1.00');
INSERT INTO `sistema_productos` VALUES (0x11E87469CC3F82909BD600270E383B06, '1529490326', 'VER13100401', 'VERONA CAUCHO EXTERIOR BLANCO OSTRA', '[\"11E8676EAD11B2E6BDE500270E383B06\"]', 0x11E7AF8DDC5D706EA5F700270E383B06, 0x11E7AF8DDC5D706EA5F700270E383B06, '1.00');
INSERT INTO `sistema_productos` VALUES (0x11E87469CC4488339BD600270E383B06, '1529490326', 'VER13100501', 'VERONA CAUCHO EXTERIOR MARFIL', '[\"11E8676EAD11B2E6BDE500270E383B06\"]', 0x11E7AF8DDC5D706EA5F700270E383B06, 0x11E7AF8DDC5D706EA5F700270E383B06, '1.00');
INSERT INTO `sistema_productos` VALUES (0x11E87469CC49B03D9BD600270E383B06, '1529490326', 'VER13100601', 'VERONA CAUCHO EXTERIOR BEIGE', '[\"11E8676EAD11B2E6BDE500270E383B06\"]', 0x11E7AF8DDC5D706EA5F700270E383B06, 0x11E7AF8DDC5D706EA5F700270E383B06, '1.00');
INSERT INTO `sistema_productos` VALUES (0x11E87469CC4D43D69BD600270E383B06, '1529490326', 'ARA33102301', 'ARADOS CAUCHO TIPO C LILA', '[\"11E8676EAD11B2E6BDE500270E383B06\"]', 0x11E7AF8DDC5D706EA5F700270E383B06, 0x11E7AF8DDC5D706EA5F700270E383B06, '1.00');
INSERT INTO `sistema_productos` VALUES (0x11E87469CC500BFB9BD600270E383B06, '1529490326', 'ANT32100150', 'ANTMAN CAUCHO BLANCO', '[\"11E8676EAD11B2E6BDE500270E383B06\"]', 0x11E7AF8DF65CB995A5F700270E383B06, 0x11E7AF8DF65CB995A5F700270E383B06, '1.00');
INSERT INTO `sistema_productos` VALUES (0x11E87469CC57DC579BD600270E383B06, '1529490326', 'ANT32100201', 'ANTMAN CAUCHO GRIS CEMENTO', '[\"11E8676EAD11B2E6BDE500270E383B06\"]', 0x11E7AF8DDC5D706EA5F700270E383B06, 0x11E7AF8DDC5D706EA5F700270E383B06, '1.00');
INSERT INTO `sistema_productos` VALUES (0x11E87469CC5CC3E59BD600270E383B06, '1529490326', 'ANT32100240', 'ANTMAN CAUCHO GRIS CEMENTO', '[\"11E8676EAD11B2E6BDE500270E383B06\"]', 0x11E7AF8DE9F3C53BA5F700270E383B06, 0x11E7AF8DE9F3C53BA5F700270E383B06, '1.00');
INSERT INTO `sistema_productos` VALUES (0x11E87469CC630B159BD600270E383B06, '1529490326', 'ANT32100250', 'ANTMAN CAUCHO GRIS CEMENTO', '[\"11E8676EAD11B2E6BDE500270E383B06\"]', 0x11E7AF8DF65CB995A5F700270E383B06, 0x11E7AF8DF65CB995A5F700270E383B06, '1.00');
INSERT INTO `sistema_productos` VALUES (0x11E87469CC6836A69BD600270E383B06, '1529490326', 'ANT32100301', 'ANTMAN CAUCHO GRIS CLARO', '[\"11E8676EAD11B2E6BDE500270E383B06\"]', 0x11E7AF8DDC5D706EA5F700270E383B06, 0x11E7AF8DDC5D706EA5F700270E383B06, '1.00');
INSERT INTO `sistema_productos` VALUES (0x11E87469CC6BC8759BD600270E383B06, '1529490326', 'ANT32100340', 'ANTMAN CAUCHO GRIS CLARO', '[\"11E8676EAD11B2E6BDE500270E383B06\"]', 0x11E7AF8DE9F3C53BA5F700270E383B06, 0x11E7AF8DE9F3C53BA5F700270E383B06, '1.00');
INSERT INTO `sistema_productos` VALUES (0x11E87469CC6EA32D9BD600270E383B06, '1529490326', 'ANT32100350', 'ANTMAN CAUCHO GRIS CLARO', '[\"11E8676EAD11B2E6BDE500270E383B06\"]', 0x11E7AF8DF65CB995A5F700270E383B06, 0x11E7AF8DF65CB995A5F700270E383B06, '1.00');
INSERT INTO `sistema_productos` VALUES (0x11E87469CC7229C69BD600270E383B06, '1529490326', 'ANT32100401', 'ANTMAN CAUCHO BLANCO OSTRA', '[\"11E8676EAD11B2E6BDE500270E383B06\"]', 0x11E7AF8DDC5D706EA5F700270E383B06, 0x11E7AF8DDC5D706EA5F700270E383B06, '1.00');
INSERT INTO `sistema_productos` VALUES (0x11E87469CC82E0E19BD600270E383B06, '1529490326', 'ANT32100440', 'ANTMAN CAUCHO BLANCO OSTRA', '[\"11E8676EAD11B2E6BDE500270E383B06\"]', 0x11E7AF8DE9F3C53BA5F700270E383B06, 0x11E7AF8DE9F3C53BA5F700270E383B06, '1.00');
INSERT INTO `sistema_productos` VALUES (0x11E87469CC867CBB9BD600270E383B06, '1529490326', 'ANT32100450', 'ANTMAN CAUCHO BLANCO OSTRA', '[\"11E8676EAD11B2E6BDE500270E383B06\"]', 0x11E7AF8DF65CB995A5F700270E383B06, 0x11E7AF8DF65CB995A5F700270E383B06, '1.00');
INSERT INTO `sistema_productos` VALUES (0x11E87469CC8949A29BD600270E383B06, '1529490326', 'ANT32100501', 'ANTMAN CAUCHO MARFIL', '[\"11E8676EAD11B2E6BDE500270E383B06\"]', 0x11E7AF8DDC5D706EA5F700270E383B06, 0x11E7AF8DDC5D706EA5F700270E383B06, '1.00');
INSERT INTO `sistema_productos` VALUES (0x11E87469CC8CDAEE9BD600270E383B06, '1529490326', 'ANT32100540', 'ANTMAN CAUCHO MARFIL', '[\"11E8676EAD11B2E6BDE500270E383B06\"]', 0x11E7AF8DE9F3C53BA5F700270E383B06, 0x11E7AF8DE9F3C53BA5F700270E383B06, '1.00');
INSERT INTO `sistema_productos` VALUES (0x11E87469CC8F9E139BD600270E383B06, '1529490326', 'ANT32100550', 'ANTMAN CAUCHO MARFIL', '[\"11E8676EAD11B2E6BDE500270E383B06\"]', 0x11E7AF8DF65CB995A5F700270E383B06, 0x11E7AF8DF65CB995A5F700270E383B06, '1.00');
INSERT INTO `sistema_productos` VALUES (0x11E87469CC9338809BD600270E383B06, '1529490326', 'ANT32100601', 'ANTMAN CAUCHO BEIGE', '[\"11E8676EAD11B2E6BDE500270E383B06\"]', 0x11E7AF8DDC5D706EA5F700270E383B06, 0x11E7AF8DDC5D706EA5F700270E383B06, '1.00');
INSERT INTO `sistema_productos` VALUES (0x11E87469CC96044E9BD600270E383B06, '1529490326', 'ANT32100640', 'ANTMAN CAUCHO BEIGE', '[\"11E8676EAD11B2E6BDE500270E383B06\"]', 0x11E7AF8DE9F3C53BA5F700270E383B06, 0x11E7AF8DE9F3C53BA5F700270E383B06, '1.00');
INSERT INTO `sistema_productos` VALUES (0x11E87469CC9990509BD600270E383B06, '1529490326', 'ANT32100650', 'ANTMAN CAUCHO BEIGE', '[\"11E8676EAD11B2E6BDE500270E383B06\"]', 0x11E7AF8DF65CB995A5F700270E383B06, 0x11E7AF8DF65CB995A5F700270E383B06, '1.00');
INSERT INTO `sistema_productos` VALUES (0x11E87469CCA02FA49BD600270E383B06, '1529490326', 'ANT32100701', 'ANTMAN CAUCHO MOSTAZA CLARO', '[\"11E8676EAD11B2E6BDE500270E383B06\"]', 0x11E7AF8DDC5D706EA5F700270E383B06, 0x11E7AF8DDC5D706EA5F700270E383B06, '1.00');
INSERT INTO `sistema_productos` VALUES (0x11E87469CCA3BF239BD600270E383B06, '1529490326', 'ANT32100740', 'ANTMAN CAUCHO MOSTAZA CLARO', '[\"11E8676EAD11B2E6BDE500270E383B06\"]', 0x11E7AF8DE9F3C53BA5F700270E383B06, 0x11E7AF8DE9F3C53BA5F700270E383B06, '1.00');
INSERT INTO `sistema_productos` VALUES (0x11E87469CCAA5AC79BD600270E383B06, '1529490326', 'ANT32100750', 'ANTMAN CAUCHO MOSTAZA CLARO', '[\"11E8676EAD11B2E6BDE500270E383B06\"]', 0x11E7AF8DF65CB995A5F700270E383B06, 0x11E7AF8DF65CB995A5F700270E383B06, '1.00');
INSERT INTO `sistema_productos` VALUES (0x11E87469CCAF6B5C9BD600270E383B06, '1529490326', 'ANT32100801', 'ANTMAN CAUCHO MOSTAZA OSCURO', '[\"11E8676EAD11B2E6BDE500270E383B06\"]', 0x11E7AF8DDC5D706EA5F700270E383B06, 0x11E7AF8DDC5D706EA5F700270E383B06, '1.00');
INSERT INTO `sistema_productos` VALUES (0x11E87469CCB482AB9BD600270E383B06, '1529490326', 'ANT32100840', 'ANTMAN CAUCHO MOSTAZA OSCURO', '[\"11E8676EAD11B2E6BDE500270E383B06\"]', 0x11E7AF8DE9F3C53BA5F700270E383B06, 0x11E7AF8DE9F3C53BA5F700270E383B06, '1.00');
INSERT INTO `sistema_productos` VALUES (0x11E87469CCB817239BD600270E383B06, '1529490326', 'ANT32100840', 'ANTMAN CAUCHO MOSTAZA OSCURO', '[\"11E8676EAD11B2E6BDE500270E383B06\"]', 0x11E7AF8DF65CB995A5F700270E383B06, 0x11E7AF8DF65CB995A5F700270E383B06, '1.00');
INSERT INTO `sistema_productos` VALUES (0x11E87469CCBAE13D9BD600270E383B06, '1529490327', 'ANT32100901', 'ANTMAN CAUCHO LADRILLO', '[\"11E8676EAD11B2E6BDE500270E383B06\"]', 0x11E7AF8DDC5D706EA5F700270E383B06, 0x11E7AF8DDC5D706EA5F700270E383B06, '1.00');
INSERT INTO `sistema_productos` VALUES (0x11E87469CCBE70709BD600270E383B06, '1529490327', 'ANT32100940', 'ANTMAN CAUCHO LADRILLO', '[\"11E8676EAD11B2E6BDE500270E383B06\"]', 0x11E7AF8DE9F3C53BA5F700270E383B06, 0x11E7AF8DE9F3C53BA5F700270E383B06, '1.00');
INSERT INTO `sistema_productos` VALUES (0x11E87469CCC142D09BD600270E383B06, '1529490327', 'ANT32100950', 'ANTMAN CAUCHO LADRILLO', '[\"11E8676EAD11B2E6BDE500270E383B06\"]', 0x11E7AF8DF65CB995A5F700270E383B06, 0x11E7AF8DF65CB995A5F700270E383B06, '1.00');
INSERT INTO `sistema_productos` VALUES (0x11E87469CCC71CEE9BD600270E383B06, '1529490327', 'ANT32101001', 'ANTMAN CAUCHO SAHARA', '[\"11E8676EAD11B2E6BDE500270E383B06\"]', 0x11E7AF8DDC5D706EA5F700270E383B06, 0x11E7AF8DDC5D706EA5F700270E383B06, '1.00');
INSERT INTO `sistema_productos` VALUES (0x11E87469CCCB7D939BD600270E383B06, '1529490327', 'ANT32101040', 'ANTMAN CAUCHO SAHARA', '[\"11E8676EAD11B2E6BDE500270E383B06\"]', 0x11E7AF8DE9F3C53BA5F700270E383B06, 0x11E7AF8DE9F3C53BA5F700270E383B06, '1.00');
INSERT INTO `sistema_productos` VALUES (0x11E87469CCD479919BD600270E383B06, '1529490327', 'ANT32101050', 'ANTMAN CAUCHO SAHARA', '[\"11E8676EAD11B2E6BDE500270E383B06\"]', 0x11E7AF8DF65CB995A5F700270E383B06, 0x11E7AF8DF65CB995A5F700270E383B06, '1.00');
INSERT INTO `sistema_productos` VALUES (0x11E87469CCDE1D739BD600270E383B06, '1529490327', 'ARA33100101', 'ARADOS CAUCHO TIPO C BLANCO', '[\"11E8676EAD11B2E6BDE500270E383B06\"]', 0x11E7AF8DDC5D706EA5F700270E383B06, 0x11E7AF8DDC5D706EA5F700270E383B06, '1.00');
INSERT INTO `sistema_productos` VALUES (0x11E87469CCE234E69BD600270E383B06, '1529490327', 'ARA33100140', 'ARADOS CAUCHO TIPO C BLANCO', '[\"11E8676EAD11B2E6BDE500270E383B06\"]', 0x11E7AF8DE9F3C53BA5F700270E383B06, 0x11E7AF8DE9F3C53BA5F700270E383B06, '1.00');
INSERT INTO `sistema_productos` VALUES (0x11E87469CCE5D8739BD600270E383B06, '1529490327', 'ARA33100150', 'ARADOS CAUCHO TIPO C BLANCO', '[\"11E8676EAD11B2E6BDE500270E383B06\"]', 0x11E7AF8DF65CB995A5F700270E383B06, 0x11E7AF8DF65CB995A5F700270E383B06, '1.00');
INSERT INTO `sistema_productos` VALUES (0x11E87469CCE88EDB9BD600270E383B06, '1529490327', 'ARA33100201', 'ARADOS CAUCHO TIPO C GRIS CEMENTO', '[\"11E8676EAD11B2E6BDE500270E383B06\"]', 0x11E7AF8DDC5D706EA5F700270E383B06, 0x11E7AF8DDC5D706EA5F700270E383B06, '1.00');
INSERT INTO `sistema_productos` VALUES (0x11E87469CCEC36CB9BD600270E383B06, '1529490327', 'ARA33100240', 'ARADOS CAUCHO TIPO C GRIS CEMENTO', '[\"11E8676EAD11B2E6BDE500270E383B06\"]', 0x11E7AF8DE9F3C53BA5F700270E383B06, 0x11E7AF8DE9F3C53BA5F700270E383B06, '1.00');
INSERT INTO `sistema_productos` VALUES (0x11E87469CCF1796E9BD600270E383B06, '1529490327', 'ARA33100250', 'ARADOS CAUCHO TIPO C GRIS CEMENTO', '[\"11E8676EAD11B2E6BDE500270E383B06\"]', 0x11E7AF8DF65CB995A5F700270E383B06, 0x11E7AF8DF65CB995A5F700270E383B06, '1.00');
INSERT INTO `sistema_productos` VALUES (0x11E87469CCF7EB669BD600270E383B06, '1529490327', 'ARA33100301', 'ARADOS CAUCHO TIPO C GRIS CLARO', '[\"11E8676EAD11B2E6BDE500270E383B06\"]', 0x11E7AF8DDC5D706EA5F700270E383B06, 0x11E7AF8DDC5D706EA5F700270E383B06, '1.00');
INSERT INTO `sistema_productos` VALUES (0x11E87469CCFE31259BD600270E383B06, '1529490327', 'ARA33100340', 'ARADOS CAUCHO TIPO C GRIS CLARO', '[\"11E8676EAD11B2E6BDE500270E383B06\"]', 0x11E7AF8DE9F3C53BA5F700270E383B06, 0x11E7AF8DE9F3C53BA5F700270E383B06, '1.00');
INSERT INTO `sistema_productos` VALUES (0x11E87469CD04A9C59BD600270E383B06, '1529490327', 'ARA33100350', 'ARADOS CAUCHO TIPO C GRIS CLARO', '[\"11E8676EAD11B2E6BDE500270E383B06\"]', 0x11E7AF8DF65CB995A5F700270E383B06, 0x11E7AF8DF65CB995A5F700270E383B06, '1.00');
INSERT INTO `sistema_productos` VALUES (0x11E87469CD103A2E9BD600270E383B06, '1529490327', 'ARA33100401', 'ARADOS CAUCHO TIPO C BLANCO OSTRA', '[\"11E8676EAD11B2E6BDE500270E383B06\"]', 0x11E7AF8DDC5D706EA5F700270E383B06, 0x11E7AF8DDC5D706EA5F700270E383B06, '1.00');
INSERT INTO `sistema_productos` VALUES (0x11E87469CD1C2BBA9BD600270E383B06, '1529490327', 'ARA33100440', 'ARADOS CAUCHO TIPO C BLANCO OSTRA', '[\"11E8676EAD11B2E6BDE500270E383B06\"]', 0x11E7AF8DE9F3C53BA5F700270E383B06, 0x11E7AF8DE9F3C53BA5F700270E383B06, '1.00');
INSERT INTO `sistema_productos` VALUES (0x11E87469CD25C9199BD600270E383B06, '1529490327', 'ARA33100450', 'ARADOS CAUCHO TIPO C BLANCO OSTRA', '[\"11E8676EAD11B2E6BDE500270E383B06\"]', 0x11E7AF8DF65CB995A5F700270E383B06, 0x11E7AF8DF65CB995A5F700270E383B06, '1.00');
INSERT INTO `sistema_productos` VALUES (0x11E87469CD29826C9BD600270E383B06, '1529490327', 'ARA33100501', 'ARADOS CAUCHO TIPO C MARFIL', '[\"11E8676EAD11B2E6BDE500270E383B06\"]', 0x11E7AF8DDC5D706EA5F700270E383B06, 0x11E7AF8DDC5D706EA5F700270E383B06, '1.00');
INSERT INTO `sistema_productos` VALUES (0x11E87469CD2F82BD9BD600270E383B06, '1529490327', 'ARA33100540', 'ARADOS CAUCHO TIPO C MARFIL', '[\"11E8676EAD11B2E6BDE500270E383B06\"]', 0x11E7AF8DE9F3C53BA5F700270E383B06, 0x11E7AF8DE9F3C53BA5F700270E383B06, '1.00');
INSERT INTO `sistema_productos` VALUES (0x11E87469CD33B1BE9BD600270E383B06, '1529490327', 'ARA33100550', 'ARADOS CAUCHO TIPO C MARFIL', '[\"11E8676EAD11B2E6BDE500270E383B06\"]', 0x11E7AF8DF65CB995A5F700270E383B06, 0x11E7AF8DF65CB995A5F700270E383B06, '1.00');
INSERT INTO `sistema_productos` VALUES (0x11E87469CD39F9E69BD600270E383B06, '1529490327', 'ARA33100601', 'ARADOS CAUCHO TIPO C BEIGE', '[\"11E8676EAD11B2E6BDE500270E383B06\"]', 0x11E7AF8DDC5D706EA5F700270E383B06, 0x11E7AF8DDC5D706EA5F700270E383B06, '1.00');
INSERT INTO `sistema_productos` VALUES (0x11E87469CD3DA0C19BD600270E383B06, '1529490327', 'ARA33100640', 'ARADOS CAUCHO TIPO C BEIGE', '[\"11E8676EAD11B2E6BDE500270E383B06\"]', 0x11E7AF8DE9F3C53BA5F700270E383B06, 0x11E7AF8DE9F3C53BA5F700270E383B06, '1.00');
INSERT INTO `sistema_productos` VALUES (0x11E87469CD404E8F9BD600270E383B06, '1529490327', 'ARA33100650', 'ARADOS CAUCHO TIPO C BEIGE', '[\"11E8676EAD11B2E6BDE500270E383B06\"]', 0x11E7AF8DF65CB995A5F700270E383B06, 0x11E7AF8DF65CB995A5F700270E383B06, '1.00');
INSERT INTO `sistema_productos` VALUES (0x11E87469CD4592399BD600270E383B06, '1529490327', 'ARA33100701', 'ARADOS CAUCHO TIPO C MOSTAZA CLARO', '[\"11E8676EAD11B2E6BDE500270E383B06\"]', 0x11E7AF8DDC5D706EA5F700270E383B06, 0x11E7AF8DDC5D706EA5F700270E383B06, '1.00');
INSERT INTO `sistema_productos` VALUES (0x11E87469CD4A78319BD600270E383B06, '1529490327', 'ARA33100740', 'ARADOS CAUCHO TIPO C MOSTAZA CLARO', '[\"11E8676EAD11B2E6BDE500270E383B06\"]', 0x11E7AF8DE9F3C53BA5F700270E383B06, 0x11E7AF8DE9F3C53BA5F700270E383B06, '1.00');
INSERT INTO `sistema_productos` VALUES (0x11E87469CD4E1BCE9BD600270E383B06, '1529490327', 'ARA33100750', 'ARADOS CAUCHO TIPO C MOSTAZA CLARO', '[\"11E8676EAD11B2E6BDE500270E383B06\"]', 0x11E7AF8DF65CB995A5F700270E383B06, 0x11E7AF8DF65CB995A5F700270E383B06, '1.00');
INSERT INTO `sistema_productos` VALUES (0x11E87469CD50CFE59BD600270E383B06, '1529490328', 'ARA33100801', 'ARADOS CAUCHO TIPO C MOSTAZA OSCURO', '[\"11E8676EAD11B2E6BDE500270E383B06\"]', 0x11E7AF8DDC5D706EA5F700270E383B06, 0x11E7AF8DDC5D706EA5F700270E383B06, '1.00');
INSERT INTO `sistema_productos` VALUES (0x11E87469CD5471B89BD600270E383B06, '1529490328', 'ARA33100840', 'ARADOS CAUCHO TIPO C MOSTAZA OSCURO', '[\"11E8676EAD11B2E6BDE500270E383B06\"]', 0x11E7AF8DE9F3C53BA5F700270E383B06, 0x11E7AF8DE9F3C53BA5F700270E383B06, '1.00');
INSERT INTO `sistema_productos` VALUES (0x11E87469CD5729529BD600270E383B06, '1529490328', 'ARA33100850', 'ARADOS CAUCHO TIPO C MOSTAZA OSCURO', '[\"11E8676EAD11B2E6BDE500270E383B06\"]', 0x11E7AF8DF65CB995A5F700270E383B06, 0x11E7AF8DF65CB995A5F700270E383B06, '1.00');
INSERT INTO `sistema_productos` VALUES (0x11E87469CD5ACBAC9BD600270E383B06, '1529490328', 'ARA33100901', 'ARADOS CAUCHO TIPO C LADRILLO', '[\"11E8676EAD11B2E6BDE500270E383B06\"]', 0x11E7AF8DDC5D706EA5F700270E383B06, 0x11E7AF8DDC5D706EA5F700270E383B06, '1.00');
INSERT INTO `sistema_productos` VALUES (0x11E87469CD5D88359BD600270E383B06, '1529490328', 'ARA33100940', 'ARADOS CAUCHO TIPO C LADRILLO', '[\"11E8676EAD11B2E6BDE500270E383B06\"]', 0x11E7AF8DE9F3C53BA5F700270E383B06, 0x11E7AF8DE9F3C53BA5F700270E383B06, '1.00');
INSERT INTO `sistema_productos` VALUES (0x11E87469CD612C469BD600270E383B06, '1529490328', 'ARA33100950', 'ARADOS CAUCHO TIPO C LADRILLO', '[\"11E8676EAD11B2E6BDE500270E383B06\"]', 0x11E7AF8DF65CB995A5F700270E383B06, 0x11E7AF8DF65CB995A5F700270E383B06, '1.00');
INSERT INTO `sistema_productos` VALUES (0x11E87469CD63E1C79BD600270E383B06, '1529490328', 'ARA33101101', 'ARADOS CAUCHO TIPO C CHOCOLATE', '[\"11E8676EAD11B2E6BDE500270E383B06\"]', 0x11E7AF8DDC5D706EA5F700270E383B06, 0x11E7AF8DDC5D706EA5F700270E383B06, '1.00');
INSERT INTO `sistema_productos` VALUES (0x11E87469CD67855F9BD600270E383B06, '1529490328', 'ARA33101140', 'ARADOS CAUCHO TIPO C CHOCOLATE', '[\"11E8676EAD11B2E6BDE500270E383B06\"]', 0x11E7AF8DE9F3C53BA5F700270E383B06, 0x11E7AF8DE9F3C53BA5F700270E383B06, '1.00');
INSERT INTO `sistema_productos` VALUES (0x11E87469CD6A3DE49BD600270E383B06, '1529490328', 'ARA33101150', 'ARADOS CAUCHO TIPO C CHOCOLATE', '[\"11E8676EAD11B2E6BDE500270E383B06\"]', 0x11E7AF8DF65CB995A5F700270E383B06, 0x11E7AF8DF65CB995A5F700270E383B06, '1.00');
INSERT INTO `sistema_productos` VALUES (0x11E87469CD6DDD1A9BD600270E383B06, '1529490328', 'ARA33101201', 'ARADOS CAUCHO TIPO C CANELA', '[\"11E8676EAD11B2E6BDE500270E383B06\"]', 0x11E7AF8DDC5D706EA5F700270E383B06, 0x11E7AF8DDC5D706EA5F700270E383B06, '1.00');
INSERT INTO `sistema_productos` VALUES (0x11E87469CD709BEF9BD600270E383B06, '1529490328', 'ARA33101240', 'ARADOS CAUCHO TIPO C CANELA', '[\"11E8676EAD11B2E6BDE500270E383B06\"]', 0x11E7AF8DE9F3C53BA5F700270E383B06, 0x11E7AF8DE9F3C53BA5F700270E383B06, '1.00');
INSERT INTO `sistema_productos` VALUES (0x11E87469CD743FD09BD600270E383B06, '1529490328', 'ARA33101250', 'ARADOS CAUCHO TIPO C CANELA', '[\"11E8676EAD11B2E6BDE500270E383B06\"]', 0x11E7AF8DF65CB995A5F700270E383B06, 0x11E7AF8DF65CB995A5F700270E383B06, '1.00');
INSERT INTO `sistema_productos` VALUES (0x11E87469CD76F7649BD600270E383B06, '1529490328', 'ARA33101301', 'ARADOS CAUCHO TIPO C FUCSIA', '[\"11E8676EAD11B2E6BDE500270E383B06\"]', 0x11E7AF8DDC5D706EA5F700270E383B06, 0x11E7AF8DDC5D706EA5F700270E383B06, '1.00');
INSERT INTO `sistema_productos` VALUES (0x11E87469CD7A9AAC9BD600270E383B06, '1529490328', 'ARA33101340', 'ARADOS CAUCHO TIPO C FUCSIA', '[\"11E8676EAD11B2E6BDE500270E383B06\"]', 0x11E7AF8DE9F3C53BA5F700270E383B06, 0x11E7AF8DE9F3C53BA5F700270E383B06, '1.00');
INSERT INTO `sistema_productos` VALUES (0x11E87469CD7D53089BD600270E383B06, '1529490328', 'ARA33101350', 'ARADOS CAUCHO TIPO C FUCSIA', '[\"11E8676EAD11B2E6BDE500270E383B06\"]', 0x11E7AF8DF65CB995A5F700270E383B06, 0x11E7AF8DF65CB995A5F700270E383B06, '1.00');
INSERT INTO `sistema_productos` VALUES (0x11E87469CD80F6B39BD600270E383B06, '1529490328', 'ARA33101401', 'ARADOS CAUCHO TIPO C ROSA CLARO', '[\"11E8676EAD11B2E6BDE500270E383B06\"]', 0x11E7AF8DDC5D706EA5F700270E383B06, 0x11E7AF8DDC5D706EA5F700270E383B06, '1.00');
INSERT INTO `sistema_productos` VALUES (0x11E87469CD957ED09BD600270E383B06, '1529490328', 'ARA33101440', 'ARADOS CAUCHO TIPO C ROSA CLARO', '[\"11E8676EAD11B2E6BDE500270E383B06\"]', 0x11E7AF8DE9F3C53BA5F700270E383B06, 0x11E7AF8DE9F3C53BA5F700270E383B06, '1.00');
INSERT INTO `sistema_productos` VALUES (0x11E87469CD9998519BD600270E383B06, '1529490328', 'ARA33101450', 'ARADOS CAUCHO TIPO C ROSA CLARO', '[\"11E8676EAD11B2E6BDE500270E383B06\"]', 0x11E7AF8DF65CB995A5F700270E383B06, 0x11E7AF8DF65CB995A5F700270E383B06, '1.00');
INSERT INTO `sistema_productos` VALUES (0x11E87469CD9D34199BD600270E383B06, '1529490328', 'ARA33101501', 'ARADOS CAUCHO TIPO C ROSA BEBE', '[\"11E8676EAD11B2E6BDE500270E383B06\"]', 0x11E7AF8DDC5D706EA5F700270E383B06, 0x11E7AF8DDC5D706EA5F700270E383B06, '1.00');
INSERT INTO `sistema_productos` VALUES (0x11E87469CDA2637F9BD600270E383B06, '1529490328', 'ARA33101540', 'ARADOS CAUCHO TIPO C ROSA BEBE', '[\"11E8676EAD11B2E6BDE500270E383B06\"]', 0x11E7AF8DE9F3C53BA5F700270E383B06, 0x11E7AF8DE9F3C53BA5F700270E383B06, '1.00');
INSERT INTO `sistema_productos` VALUES (0x11E87469CDAA06879BD600270E383B06, '1529490328', 'ARA33101550', 'ARADOS CAUCHO TIPO C ROSA BEBE', '[\"11E8676EAD11B2E6BDE500270E383B06\"]', 0x11E7AF8DF65CB995A5F700270E383B06, 0x11E7AF8DF65CB995A5F700270E383B06, '1.00');
INSERT INTO `sistema_productos` VALUES (0x11E87469CDB6C6AE9BD600270E383B06, '1529490328', 'ARA33101601', 'ARADOS CAUCHO TIPO C SALMON', '[\"11E8676EAD11B2E6BDE500270E383B06\"]', 0x11E7AF8DDC5D706EA5F700270E383B06, 0x11E7AF8DDC5D706EA5F700270E383B06, '1.00');
INSERT INTO `sistema_productos` VALUES (0x11E87469CDBF63F69BD600270E383B06, '1529490328', 'ARA33101640', 'ARADOS CAUCHO TIPO C SALMON', '[\"11E8676EAD11B2E6BDE500270E383B06\"]', 0x11E7AF8DE9F3C53BA5F700270E383B06, 0x11E7AF8DE9F3C53BA5F700270E383B06, '1.00');
INSERT INTO `sistema_productos` VALUES (0x11E87469CDC316039BD600270E383B06, '1529490328', 'ARA33101650', 'ARADOS CAUCHO TIPO C SALMON', '[\"11E8676EAD11B2E6BDE500270E383B06\"]', 0x11E7AF8DF65CB995A5F700270E383B06, 0x11E7AF8DF65CB995A5F700270E383B06, '1.00');
INSERT INTO `sistema_productos` VALUES (0x11E87469CDC5BC1A9BD600270E383B06, '1529490328', 'ARA33101701', 'ARADOS CAUCHO TIPO C ALBARICOQUE', '[\"11E8676EAD11B2E6BDE500270E383B06\"]', 0x11E7AF8DDC5D706EA5F700270E383B06, 0x11E7AF8DDC5D706EA5F700270E383B06, '1.00');
INSERT INTO `sistema_productos` VALUES (0x11E87469CDC96ED09BD600270E383B06, '1529490328', 'ARA33101740', 'ARADOS CAUCHO TIPO C ALBARICOQUE', '[\"11E8676EAD11B2E6BDE500270E383B06\"]', 0x11E7AF8DE9F3C53BA5F700270E383B06, 0x11E7AF8DE9F3C53BA5F700270E383B06, '1.00');
INSERT INTO `sistema_productos` VALUES (0x11E87469CDCC15EE9BD600270E383B06, '1529490328', 'ARA33101750', 'ARADOS CAUCHO TIPO C ALBARICOQUE', '[\"11E8676EAD11B2E6BDE500270E383B06\"]', 0x11E7AF8DF65CB995A5F700270E383B06, 0x11E7AF8DF65CB995A5F700270E383B06, '1.00');
INSERT INTO `sistema_productos` VALUES (0x11E87469CDCFD47B9BD600270E383B06, '1529490328', 'ARA33101801', 'ARADOS CAUCHO TIPO C AZUL BEBE', '[\"11E8676EAD11B2E6BDE500270E383B06\"]', 0x11E7AF8DDC5D706EA5F700270E383B06, 0x11E7AF8DDC5D706EA5F700270E383B06, '1.00');
INSERT INTO `sistema_productos` VALUES (0x11E87469CDD26F0B9BD600270E383B06, '1529490328', 'ARA33101840', 'ARADOS CAUCHO TIPO C AZUL BEBE', '[\"11E8676EAD11B2E6BDE500270E383B06\"]', 0x11E7AF8DE9F3C53BA5F700270E383B06, 0x11E7AF8DE9F3C53BA5F700270E383B06, '1.00');
INSERT INTO `sistema_productos` VALUES (0x11E87469CDD62A3D9BD600270E383B06, '1529490328', 'ARA33101850', 'ARADOS CAUCHO TIPO C AZUL BEBE', '[\"11E8676EAD11B2E6BDE500270E383B06\"]', 0x11E7AF8DF65CB995A5F700270E383B06, 0x11E7AF8DF65CB995A5F700270E383B06, '1.00');
INSERT INTO `sistema_productos` VALUES (0x11E87469CDD8D2BB9BD600270E383B06, '1529490328', 'ARA33101901', 'ARADOS CAUCHO TIPO C AZUL CELESTE', '[\"11E8676EAD11B2E6BDE500270E383B06\"]', 0x11E7AF8DDC5D706EA5F700270E383B06, 0x11E7AF8DDC5D706EA5F700270E383B06, '1.00');
INSERT INTO `sistema_productos` VALUES (0x11E87469CDDC86919BD600270E383B06, '1529490328', 'ARA33101940', 'ARADOS CAUCHO TIPO C AZUL CELESTE', '[\"11E8676EAD11B2E6BDE500270E383B06\"]', 0x11E7AF8DE9F3C53BA5F700270E383B06, 0x11E7AF8DE9F3C53BA5F700270E383B06, '1.00');
INSERT INTO `sistema_productos` VALUES (0x11E87469CDDF27AC9BD600270E383B06, '1529490328', 'ARA33101950', 'ARADOS CAUCHO TIPO C AZUL CELESTE', '[\"11E8676EAD11B2E6BDE500270E383B06\"]', 0x11E7AF8DF65CB995A5F700270E383B06, 0x11E7AF8DF65CB995A5F700270E383B06, '1.00');
INSERT INTO `sistema_productos` VALUES (0x11E87469CDE2DEE19BD600270E383B06, '1529490328', 'ARA33102001', 'ARADOS CAUCHO TIPO C VERDE MOHO (OLIVO)', '[\"11E8676EAD11B2E6BDE500270E383B06\"]', 0x11E7AF8DDC5D706EA5F700270E383B06, 0x11E7AF8DDC5D706EA5F700270E383B06, '1.00');
INSERT INTO `sistema_productos` VALUES (0x11E87469CDE584129BD600270E383B06, '1529490328', 'ARA33102040', 'ARADOS CAUCHO TIPO C VERDE MOHO (OLIVO)', '[\"11E8676EAD11B2E6BDE500270E383B06\"]', 0x11E7AF8DE9F3C53BA5F700270E383B06, 0x11E7AF8DE9F3C53BA5F700270E383B06, '1.00');
INSERT INTO `sistema_productos` VALUES (0x11E87469CDE93DF79BD600270E383B06, '1529490328', 'ARA33102050', 'ARADOS CAUCHO TIPO C VERDE MOHO (OLIVO)', '[\"11E8676EAD11B2E6BDE500270E383B06\"]', 0x11E7AF8DF65CB995A5F700270E383B06, 0x11E7AF8DF65CB995A5F700270E383B06, '1.00');
INSERT INTO `sistema_productos` VALUES (0x11E87469CDEBE6AC9BD600270E383B06, '1529490328', 'ARA33102101', 'ARADOS CAUCHO TIPO C VERDE CASCADA', '[\"11E8676EAD11B2E6BDE500270E383B06\"]', 0x11E7AF8DDC5D706EA5F700270E383B06, 0x11E7AF8DDC5D706EA5F700270E383B06, '1.00');
INSERT INTO `sistema_productos` VALUES (0x11E87469CDEF9D1F9BD600270E383B06, '1529490328', 'ARA33102140', 'ARADOS CAUCHO TIPO C VERDE CASCADA', '[\"11E8676EAD11B2E6BDE500270E383B06\"]', 0x11E7AF8DE9F3C53BA5F700270E383B06, 0x11E7AF8DE9F3C53BA5F700270E383B06, '1.00');
INSERT INTO `sistema_productos` VALUES (0x11E87469CDF23EED9BD600270E383B06, '1529490329', 'ARA33102150', 'ARADOS CAUCHO TIPO C VERDE CASCADA', '[\"11E8676EAD11B2E6BDE500270E383B06\"]', 0x11E7AF8DF65CB995A5F700270E383B06, 0x11E7AF8DF65CB995A5F700270E383B06, '1.00');
INSERT INTO `sistema_productos` VALUES (0x11E87469CDF5FDB19BD600270E383B06, '1529490329', 'ARA33102201', 'ARADOS CAUCHO TIPO C VERDE BEBE', '[\"11E8676EAD11B2E6BDE500270E383B06\"]', 0x11E7AF8DDC5D706EA5F700270E383B06, 0x11E7AF8DDC5D706EA5F700270E383B06, '1.00');
INSERT INTO `sistema_productos` VALUES (0x11E87469CDF899CC9BD600270E383B06, '1529490329', 'ARA33102240', 'ARADOS CAUCHO TIPO C VERDE BEBE', '[\"11E8676EAD11B2E6BDE500270E383B06\"]', 0x11E7AF8DE9F3C53BA5F700270E383B06, 0x11E7AF8DE9F3C53BA5F700270E383B06, '1.00');
INSERT INTO `sistema_productos` VALUES (0x11E87469CDFF0CBD9BD600270E383B06, '1529490329', 'ARA33102250', 'ARADOS CAUCHO TIPO C VERDE BEBE', '[\"11E8676EAD11B2E6BDE500270E383B06\"]', 0x11E7AF8DF65CB995A5F700270E383B06, 0x11E7AF8DF65CB995A5F700270E383B06, '1.00');
INSERT INTO `sistema_productos` VALUES (0x11E87469CE055E4C9BD600270E383B06, '1529490329', 'ARA23100150', 'ARADOS CAUCHO TIPO B BLANCO', '[\"11E8676EAD11B2E6BDE500270E383B06\"]', 0x11E7AF8DF65CB995A5F700270E383B06, 0x11E7AF8DF65CB995A5F700270E383B06, '1.00');
INSERT INTO `sistema_productos` VALUES (0x11E87469CE090EAD9BD600270E383B06, '1529490329', 'ARA23100301', 'ARADOS CAUCHO TIPO B GRIS CLARO', '[\"11E8676EAD11B2E6BDE500270E383B06\"]', 0x11E7AF8DDC5D706EA5F700270E383B06, 0x11E7AF8DDC5D706EA5F700270E383B06, '1.00');
INSERT INTO `sistema_productos` VALUES (0x11E87469CE10BEE89BD600270E383B06, '1529490329', 'ARA23100340', 'ARADOS CAUCHO TIPO B GRIS CLARO', '[\"11E8676EAD11B2E6BDE500270E383B06\"]', 0x11E7AF8DE9F3C53BA5F700270E383B06, 0x11E7AF8DE9F3C53BA5F700270E383B06, '1.00');
INSERT INTO `sistema_productos` VALUES (0x11E87469CE14AD669BD600270E383B06, '1529490329', 'ARA23100350', 'ARADOS CAUCHO TIPO B GRIS CLARO', '[\"11E8676EAD11B2E6BDE500270E383B06\"]', 0x11E7AF8DF65CB995A5F700270E383B06, 0x11E7AF8DF65CB995A5F700270E383B06, '1.00');
INSERT INTO `sistema_productos` VALUES (0x11E87469CE184D7B9BD600270E383B06, '1529490329', 'ARA23100401', 'ARADOS CAUCHO TIPO B BLANCO OSTRA', '[\"11E8676EAD11B2E6BDE500270E383B06\"]', 0x11E7AF8DDC5D706EA5F700270E383B06, 0x11E7AF8DDC5D706EA5F700270E383B06, '1.00');
INSERT INTO `sistema_productos` VALUES (0x11E87469CE1B0AEA9BD600270E383B06, '1529490329', 'ARA23100440', 'ARADOS CAUCHO TIPO B BLANCO OSTRA', '[\"11E8676EAD11B2E6BDE500270E383B06\"]', 0x11E7AF8DE9F3C53BA5F700270E383B06, 0x11E7AF8DE9F3C53BA5F700270E383B06, '1.00');
INSERT INTO `sistema_productos` VALUES (0x11E87469CE1EA5029BD600270E383B06, '1529490329', 'ARA23100450', 'ARADOS CAUCHO TIPO B BLANCO OSTRA', '[\"11E8676EAD11B2E6BDE500270E383B06\"]', 0x11E7AF8DF65CB995A5F700270E383B06, 0x11E7AF8DF65CB995A5F700270E383B06, '1.00');
INSERT INTO `sistema_productos` VALUES (0x11E87469CE21664C9BD600270E383B06, '1529490329', 'ARA23100501', 'ARADOS CAUCHO TIPO B MARFIL', '[\"11E8676EAD11B2E6BDE500270E383B06\"]', 0x11E7AF8DDC5D706EA5F700270E383B06, 0x11E7AF8DDC5D706EA5F700270E383B06, '1.00');
INSERT INTO `sistema_productos` VALUES (0x11E87469CE2502119BD600270E383B06, '1529490329', 'ARA23100540', 'ARADOS CAUCHO TIPO B MARFIL', '[\"11E8676EAD11B2E6BDE500270E383B06\"]', 0x11E7AF8DE9F3C53BA5F700270E383B06, 0x11E7AF8DE9F3C53BA5F700270E383B06, '1.00');
INSERT INTO `sistema_productos` VALUES (0x11E87469CE27BF669BD600270E383B06, '1529490329', 'ARA23100550', 'ARADOS CAUCHO TIPO B MARFIL', '[\"11E8676EAD11B2E6BDE500270E383B06\"]', 0x11E7AF8DF65CB995A5F700270E383B06, 0x11E7AF8DF65CB995A5F700270E383B06, '1.00');
INSERT INTO `sistema_productos` VALUES (0x11E87469CE2B60619BD600270E383B06, '1529490329', 'CRN001', 'CARBONATO CALCIO Nigta 1', '[\"11E8676EAD11B2E6BDE500270E383B06\"]', 0x11E7AF8A08F0A02CA5F700270E383B06, 0x11E7AF8A08F0A02CA5F700270E383B06, '1.00');
INSERT INTO `sistema_productos` VALUES (0x11E87469CE2E1F839BD600270E383B06, '1529490329', 'MTI001', 'DIOXIDO TITANIO CINKARNA 823', '[\"11E8676EAD11B2E6BDE500270E383B06\"]', 0x11E7AF8A08F0A02CA5F700270E383B06, 0x11E7AF8A08F0A02CA5F700270E383B06, '1.00');
INSERT INTO `sistema_productos` VALUES (0x11E87469CE31BAE89BD600270E383B06, '1529490329', 'MAG001', 'AGUA', '[\"11E8676EAD11B2E6BDE500270E383B06\"]', 0x11E7AF8A08F0A02CA5F700270E383B06, 0x11E7AF8A165DB218A5F700270E383B06, '1.00');
INSERT INTO `sistema_productos` VALUES (0x11E87469CE3476A09BD600270E383B06, '1529490329', 'MCRL001', 'CARBONATO CALCIO LARA', '[\"11E8676EAD11B2E6BDE500270E383B06\"]', 0x11E7AF8A08F0A02CA5F700270E383B06, 0x11E7AF8A08F0A02CA5F700270E383B06, '1.00');
INSERT INTO `sistema_productos` VALUES (0x11E87469CE3815A69BD600270E383B06, '1529490329', 'ARA23100601', 'ARADOS CAUCHO TIPO B BEIGE', '[\"11E8676EAD11B2E6BDE500270E383B06\"]', 0x11E7AF8DDC5D706EA5F700270E383B06, 0x11E7AF8DDC5D706EA5F700270E383B06, '1.00');
INSERT INTO `sistema_productos` VALUES (0x11E87469CE3AD58E9BD600270E383B06, '1529490329', 'ARA23100640', 'ARADOS CAUCHO TIPO B BEIGE', '[\"11E8676EAD11B2E6BDE500270E383B06\"]', 0x11E7AF8DE9F3C53BA5F700270E383B06, 0x11E7AF8DE9F3C53BA5F700270E383B06, '1.00');
INSERT INTO `sistema_productos` VALUES (0x11E87469CE3E73C39BD600270E383B06, '1529490329', 'ARA23100650', 'ARADOS CAUCHO TIPO B BEIGE', '[\"11E8676EAD11B2E6BDE500270E383B06\"]', 0x11E7AF8DF65CB995A5F700270E383B06, 0x11E7AF8DF65CB995A5F700270E383B06, '1.00');
INSERT INTO `sistema_productos` VALUES (0x11E87469CE4550939BD600270E383B06, '1529490329', 'ARA23100701', 'ARADOS CAUCHO TIPO B MOSTAZA CLARO', '[\"11E8676EAD11B2E6BDE500270E383B06\"]', 0x11E7AF8DDC5D706EA5F700270E383B06, 0x11E7AF8DDC5D706EA5F700270E383B06, '1.00');
INSERT INTO `sistema_productos` VALUES (0x11E87469CE4F199D9BD600270E383B06, '1529490329', 'ARA23100740', 'ARADOS CAUCHO TIPO B MOSTAZA CLARO', '[\"11E8676EAD11B2E6BDE500270E383B06\"]', 0x11E7AF8DE9F3C53BA5F700270E383B06, 0x11E7AF8DE9F3C53BA5F700270E383B06, '1.00');
INSERT INTO `sistema_productos` VALUES (0x11E87469CE52C9CB9BD600270E383B06, '1529490329', 'ARA23100801', 'ARADOS CAUCHO TIPO B MOSTAZA OSCURO', '[\"11E8676EAD11B2E6BDE500270E383B06\"]', 0x11E7AF8DDC5D706EA5F700270E383B06, 0x11E7AF8DDC5D706EA5F700270E383B06, '1.00');
INSERT INTO `sistema_productos` VALUES (0x11E87469CE5573579BD600270E383B06, '1529490329', 'ARA23100750', 'ARADOS CAUCHO TIPO B MOSTAZA CLARO', '[\"11E8676EAD11B2E6BDE500270E383B06\"]', 0x11E7AF8DF65CB995A5F700270E383B06, 0x11E7AF8DF65CB995A5F700270E383B06, '1.00');
INSERT INTO `sistema_productos` VALUES (0x11E87469CE5925689BD600270E383B06, '1529490329', 'ARA23100840', 'ARADOS CAUCHO TIPO B MOSTAZA OSCURO', '[\"11E8676EAD11B2E6BDE500270E383B06\"]', 0x11E7AF8DE9F3C53BA5F700270E383B06, 0x11E7AF8DE9F3C53BA5F700270E383B06, '1.00');
INSERT INTO `sistema_productos` VALUES (0x11E87469CE5BCD369BD600270E383B06, '1529490329', 'ARA23100850', 'ARADOS CAUCHO TIPO B MOSTAZA OSCURO', '[\"11E8676EAD11B2E6BDE500270E383B06\"]', 0x11E7AF8DF65CB995A5F700270E383B06, 0x11E7AF8DF65CB995A5F700270E383B06, '1.00');
INSERT INTO `sistema_productos` VALUES (0x11E87469CE5F82F39BD600270E383B06, '1529490329', 'ARA23100901', 'ARADOS CAUCHO TIPO B LADRILLO', '[\"11E8676EAD11B2E6BDE500270E383B06\"]', 0x11E7AF8DDC5D706EA5F700270E383B06, 0x11E7AF8DDC5D706EA5F700270E383B06, '1.00');
INSERT INTO `sistema_productos` VALUES (0x11E87469CE622BB29BD600270E383B06, '1529490329', 'ARA23100940', 'ARADOS CAUCHO TIPO B LADRILLO', '[\"11E8676EAD11B2E6BDE500270E383B06\"]', 0x11E7AF8DE9F3C53BA5F700270E383B06, 0x11E7AF8DE9F3C53BA5F700270E383B06, '1.00');
INSERT INTO `sistema_productos` VALUES (0x11E87469CE65DF529BD600270E383B06, '1529490329', 'ARA23100950', 'ARADOS CAUCHO TIPO B LADRILLO', '[\"11E8676EAD11B2E6BDE500270E383B06\"]', 0x11E7AF8DF65CB995A5F700270E383B06, 0x11E7AF8DF65CB995A5F700270E383B06, '1.00');
INSERT INTO `sistema_productos` VALUES (0x11E87469CE688ED79BD600270E383B06, '1529490329', 'ARA23102401', 'ARADOS CAUCHO TIPO B VINO', '[\"11E8676EAD11B2E6BDE500270E383B06\"]', 0x11E7AF8DDC5D706EA5F700270E383B06, 0x11E7AF8DDC5D706EA5F700270E383B06, '1.00');
INSERT INTO `sistema_productos` VALUES (0x11E87469CE6C4DC79BD600270E383B06, '1529490330', 'ARA23102440', 'ARADOS CAUCHO TIPO B VINO', '[\"11E8676EAD11B2E6BDE500270E383B06\"]', 0x11E7AF8DE9F3C53BA5F700270E383B06, 0x11E7AF8DE9F3C53BA5F700270E383B06, '1.00');
INSERT INTO `sistema_productos` VALUES (0x11E87469CE71A7419BD600270E383B06, '1529490330', 'ARA23102450', 'ARADOS CAUCHO TIPO B VINO', '[\"11E8676EAD11B2E6BDE500270E383B06\"]', 0x11E7AF8DF65CB995A5F700270E383B06, 0x11E7AF8DF65CB995A5F700270E383B06, '1.00');
INSERT INTO `sistema_productos` VALUES (0x11E87469CE7558919BD600270E383B06, '1529490330', 'ARA23101301', 'ARADOS CAUCHO TIPO B FUCSIA', '[\"11E8676EAD11B2E6BDE500270E383B06\"]', 0x11E7AF8DDC5D706EA5F700270E383B06, 0x11E7AF8DDC5D706EA5F700270E383B06, '1.00');
INSERT INTO `sistema_productos` VALUES (0x11E87469CE7905939BD600270E383B06, '1529490330', 'ARA23101340', 'ARADOS CAUCHO TIPO B FUCSIA', '[\"11E8676EAD11B2E6BDE500270E383B06\"]', 0x11E7AF8DE9F3C53BA5F700270E383B06, 0x11E7AF8DE9F3C53BA5F700270E383B06, '1.00');
INSERT INTO `sistema_productos` VALUES (0x11E87469CE7BAF949BD600270E383B06, '1529490330', 'ARA23101350', 'ARADOS CAUCHO TIPO B FUCSIA', '[\"11E8676EAD11B2E6BDE500270E383B06\"]', 0x11E7AF8DF65CB995A5F700270E383B06, 0x11E7AF8DF65CB995A5F700270E383B06, '1.00');
INSERT INTO `sistema_productos` VALUES (0x11E87469CE7F4F3F9BD600270E383B06, '1529490330', 'ARA23102501', 'ARADOS CAUCHO TIPO B VERDE MANZANA', '[\"11E8676EAD11B2E6BDE500270E383B06\"]', 0x11E7AF8DDC5D706EA5F700270E383B06, 0x11E7AF8DDC5D706EA5F700270E383B06, '1.00');
INSERT INTO `sistema_productos` VALUES (0x11E87469CE820BF79BD600270E383B06, '1529490330', 'ARA23102540', 'ARADOS CAUCHO TIPO B VERDE MANZANA', '[\"11E8676EAD11B2E6BDE500270E383B06\"]', 0x11E7AF8DE9F3C53BA5F700270E383B06, 0x11E7AF8DE9F3C53BA5F700270E383B06, '1.00');
INSERT INTO `sistema_productos` VALUES (0x11E87469CE85A8639BD600270E383B06, '1529490330', 'ARA23102550', 'ARADOS CAUCHO TIPO B VERDE MANZANA', '[\"11E8676EAD11B2E6BDE500270E383B06\"]', 0x11E7AF8DF65CB995A5F700270E383B06, 0x11E7AF8DF65CB995A5F700270E383B06, '1.00');
INSERT INTO `sistema_productos` VALUES (0x11E87469CE886BC39BD600270E383B06, '1529490330', 'ARA23101401', 'ARADOS CAUCHO TIPO B ROSA CLARO', '[\"11E8676EAD11B2E6BDE500270E383B06\"]', 0x11E7AF8DDC5D706EA5F700270E383B06, 0x11E7AF8DDC5D706EA5F700270E383B06, '1.00');
INSERT INTO `sistema_productos` VALUES (0x11E87469CE8C051E9BD600270E383B06, '1529490330', 'ARA23101440', 'ARADOS CAUCHO TIPO B ROSA CLARO', '[\"11E8676EAD11B2E6BDE500270E383B06\"]', 0x11E7AF8DE9F3C53BA5F700270E383B06, 0x11E7AF8DE9F3C53BA5F700270E383B06, '1.00');
INSERT INTO `sistema_productos` VALUES (0x11E87469CE917DEC9BD600270E383B06, '1529490330', 'ARA23101450', 'ARADOS CAUCHO TIPO B ROSA CLARO', '[\"11E8676EAD11B2E6BDE500270E383B06\"]', 0x11E7AF8DF65CB995A5F700270E383B06, 0x11E7AF8DF65CB995A5F700270E383B06, '1.00');
INSERT INTO `sistema_productos` VALUES (0x11E87469CE965FF79BD600270E383B06, '1529490330', 'ARA23101501', 'ARADOS CAUCHO TIPO B ROSA BEBE', '[\"11E8676EAD11B2E6BDE500270E383B06\"]', 0x11E7AF8DDC5D706EA5F700270E383B06, 0x11E7AF8DDC5D706EA5F700270E383B06, '1.00');
INSERT INTO `sistema_productos` VALUES (0x11E87469CE9CD0B89BD600270E383B06, '1529490330', 'ARA23101540', 'ARADOS CAUCHO TIPO B ROSA BEBE', '[\"11E8676EAD11B2E6BDE500270E383B06\"]', 0x11E7AF8DE9F3C53BA5F700270E383B06, 0x11E7AF8DE9F3C53BA5F700270E383B06, '1.00');
INSERT INTO `sistema_productos` VALUES (0x11E87469CEA319439BD600270E383B06, '1529490330', 'ARA23101550', 'ARADOS CAUCHO TIPO B ROSA BEBE', '[\"11E8676EAD11B2E6BDE500270E383B06\"]', 0x11E7AF8DF65CB995A5F700270E383B06, 0x11E7AF8DF65CB995A5F700270E383B06, '1.00');
INSERT INTO `sistema_productos` VALUES (0x11E87469CEA84A889BD600270E383B06, '1529490330', 'ARA23101601', 'ARADOS CAUCHO TIPO B SALMON', '[\"11E8676EAD11B2E6BDE500270E383B06\"]', 0x11E7AF8DDC5D706EA5F700270E383B06, 0x11E7AF8DDC5D706EA5F700270E383B06, '1.00');
INSERT INTO `sistema_productos` VALUES (0x11E87469CEABE44C9BD600270E383B06, '1529490330', 'ARA23101640', 'ARADOS CAUCHO TIPO B SALMON', '[\"11E8676EAD11B2E6BDE500270E383B06\"]', 0x11E7AF8DE9F3C53BA5F700270E383B06, 0x11E7AF8DE9F3C53BA5F700270E383B06, '1.00');
INSERT INTO `sistema_productos` VALUES (0x11E87469CEB26FAB9BD600270E383B06, '1529490330', 'ARA23101650', 'ARADOS CAUCHO TIPO B SALMON', '[\"11E8676EAD11B2E6BDE500270E383B06\"]', 0x11E7AF8DF65CB995A5F700270E383B06, 0x11E7AF8DF65CB995A5F700270E383B06, '1.00');
INSERT INTO `sistema_productos` VALUES (0x11E87469CEB76CBC9BD600270E383B06, '1529490330', 'ARA23101701', 'ARADOS CAUCHO TIPO B ALBARICOQUE', '[\"11E8676EAD11B2E6BDE500270E383B06\"]', 0x11E7AF8DDC5D706EA5F700270E383B06, 0x11E7AF8DDC5D706EA5F700270E383B06, '1.00');
INSERT INTO `sistema_productos` VALUES (0x11E87469CEBDE5AD9BD600270E383B06, '1529490330', 'ARA23101740', 'ARADOS CAUCHO TIPO B ALBARICOQUE', '[\"11E8676EAD11B2E6BDE500270E383B06\"]', 0x11E7AF8DE9F3C53BA5F700270E383B06, 0x11E7AF8DE9F3C53BA5F700270E383B06, '1.00');
INSERT INTO `sistema_productos` VALUES (0x11E87469CEC422189BD600270E383B06, '1529490330', 'ARA23101750', 'ARADOS CAUCHO TIPO B ALBARICOQUE', '[\"11E8676EAD11B2E6BDE500270E383B06\"]', 0x11E7AF8DF65CB995A5F700270E383B06, 0x11E7AF8DF65CB995A5F700270E383B06, '1.00');
INSERT INTO `sistema_productos` VALUES (0x11E87469CEC94DA29BD600270E383B06, '1529490330', 'ARA23101801', 'ARADOS CAUCHO TIPO B AZUL BEBE', '[\"11E8676EAD11B2E6BDE500270E383B06\"]', 0x11E7AF8DDC5D706EA5F700270E383B06, 0x11E7AF8DDC5D706EA5F700270E383B06, '1.00');
INSERT INTO `sistema_productos` VALUES (0x11E87469CECE301A9BD600270E383B06, '1529490330', 'ARA23101840', 'ARADOS CAUCHO TIPO B AZUL BEBE', '[\"11E8676EAD11B2E6BDE500270E383B06\"]', 0x11E7AF8DE9F3C53BA5F700270E383B06, 0x11E7AF8DE9F3C53BA5F700270E383B06, '1.00');
INSERT INTO `sistema_productos` VALUES (0x11E87469CED0EAEB9BD600270E383B06, '1529490330', 'ARA23101850', 'ARADOS CAUCHO TIPO B AZUL BEBE', '[\"11E8676EAD11B2E6BDE500270E383B06\"]', 0x11E7AF8DF65CB995A5F700270E383B06, 0x11E7AF8DF65CB995A5F700270E383B06, '1.00');
INSERT INTO `sistema_productos` VALUES (0x11E87469CED482849BD600270E383B06, '1529490330', 'ARA23101001', 'ARADOS CAUCHO TIPO B SAHARA', '[\"11E8676EAD11B2E6BDE500270E383B06\"]', 0x11E7AF8DDC5D706EA5F700270E383B06, 0x11E7AF8DDC5D706EA5F700270E383B06, '1.00');
INSERT INTO `sistema_productos` VALUES (0x11E87469CED740649BD600270E383B06, '1529490330', 'ARA23101040', 'ARADOS CAUCHO TIPO B SAHARA', '[\"11E8676EAD11B2E6BDE500270E383B06\"]', 0x11E7AF8DE9F3C53BA5F700270E383B06, 0x11E7AF8DE9F3C53BA5F700270E383B06, '1.00');
INSERT INTO `sistema_productos` VALUES (0x11E87469CEDB67279BD600270E383B06, '1529490330', 'ARA23101050', 'ARADOS CAUCHO TIPO B SAHARA', '[\"11E8676EAD11B2E6BDE500270E383B06\"]', 0x11E7AF8DF65CB995A5F700270E383B06, 0x11E7AF8DF65CB995A5F700270E383B06, '1.00');
INSERT INTO `sistema_productos` VALUES (0x11E87469CEE8DA469BD600270E383B06, '1529490330', 'ARA23101901', 'ARADOS CAUCHO TIPO B AZUL CELESTE', '[\"11E8676EAD11B2E6BDE500270E383B06\"]', 0x11E7AF8DDC5D706EA5F700270E383B06, 0x11E7AF8DDC5D706EA5F700270E383B06, '1.00');
INSERT INTO `sistema_productos` VALUES (0x11E87469CEF46FF89BD600270E383B06, '1529490330', 'ARA23101940', 'ARADOS CAUCHO TIPO B AZUL CELESTE', '[\"11E8676EAD11B2E6BDE500270E383B06\"]', 0x11E7AF8DE9F3C53BA5F700270E383B06, 0x11E7AF8DE9F3C53BA5F700270E383B06, '1.00');
INSERT INTO `sistema_productos` VALUES (0x11E87469CF0597879BD600270E383B06, '1529490330', 'ARA23101950', 'ARADOS CAUCHO TIPO B AZUL CELESTE', '[\"11E8676EAD11B2E6BDE500270E383B06\"]', 0x11E7AF8DF65CB995A5F700270E383B06, 0x11E7AF8DF65CB995A5F700270E383B06, '1.00');
INSERT INTO `sistema_productos` VALUES (0x11E87469CF0A1AC99BD600270E383B06, '1529490330', 'ARA23102001', 'ARADOS CAUCHO TIPO B VERDE MOHO (OLIVO)', '[\"11E8676EAD11B2E6BDE500270E383B06\"]', 0x11E7AF8DDC5D706EA5F700270E383B06, 0x11E7AF8DDC5D706EA5F700270E383B06, '1.00');
INSERT INTO `sistema_productos` VALUES (0x11E87469CF0F1BAB9BD600270E383B06, '1529490330', 'ARA23102040', 'ARADOS CAUCHO TIPO B VERDE MOHO (OLIVO)', '[\"11E8676EAD11B2E6BDE500270E383B06\"]', 0x11E7AF8DE9F3C53BA5F700270E383B06, 0x11E7AF8DE9F3C53BA5F700270E383B06, '1.00');
INSERT INTO `sistema_productos` VALUES (0x11E87469CF12E4949BD600270E383B06, '1529490330', 'ARA23102050', 'ARADOS CAUCHO TIPO B VERDE MOHO (OLIVO)', '[\"11E8676EAD11B2E6BDE500270E383B06\"]', 0x11E7AF8DF65CB995A5F700270E383B06, 0x11E7AF8DF65CB995A5F700270E383B06, '1.00');
INSERT INTO `sistema_productos` VALUES (0x11E87469CF15713D9BD600270E383B06, '1529490330', 'ARA23102101', 'ARADOS CAUCHO TIPO B VERDE CASCADA', '[\"11E8676EAD11B2E6BDE500270E383B06\"]', 0x11E7AF8DDC5D706EA5F700270E383B06, 0x11E7AF8DDC5D706EA5F700270E383B06, '1.00');
INSERT INTO `sistema_productos` VALUES (0x11E87469CF193DDD9BD600270E383B06, '1529490330', 'ARA23102140', 'ARADOS CAUCHO TIPO B VERDE CASCADA', '[\"11E8676EAD11B2E6BDE500270E383B06\"]', 0x11E7AF8DE9F3C53BA5F700270E383B06, 0x11E7AF8DE9F3C53BA5F700270E383B06, '1.00');
INSERT INTO `sistema_productos` VALUES (0x11E87469CF1BD66D9BD600270E383B06, '1529490330', 'ARA23102150', 'ARADOS CAUCHO TIPO B VERDE CASCADA', '[\"11E8676EAD11B2E6BDE500270E383B06\"]', 0x11E7AF8DF65CB995A5F700270E383B06, 0x11E7AF8DF65CB995A5F700270E383B06, '1.00');
INSERT INTO `sistema_productos` VALUES (0x11E87469CF224C4F9BD600270E383B06, '1529490330', 'ARA23102201', 'ARADOS CAUCHO TIPO B VERDE BEBE', '[\"11E8676EAD11B2E6BDE500270E383B06\"]', 0x11E7AF8DDC5D706EA5F700270E383B06, 0x11E7AF8DDC5D706EA5F700270E383B06, '1.00');
INSERT INTO `sistema_productos` VALUES (0x11E87469CF25E23C9BD600270E383B06, '1529490330', 'ARA23102240', 'ARADOS CAUCHO TIPO B VERDE BEBE', '[\"11E8676EAD11B2E6BDE500270E383B06\"]', 0x11E7AF8DE9F3C53BA5F700270E383B06, 0x11E7AF8DE9F3C53BA5F700270E383B06, '1.00');
INSERT INTO `sistema_productos` VALUES (0x11E87469CF2891D69BD600270E383B06, '1529490330', 'ARA23102250', 'ARADOS CAUCHO TIPO B VERDE BEBE', '[\"11E8676EAD11B2E6BDE500270E383B06\"]', 0x11E7AF8DF65CB995A5F700270E383B06, 0x11E7AF8DF65CB995A5F700270E383B06, '1.00');
INSERT INTO `sistema_productos` VALUES (0x11E87469CF2C3FF29BD600270E383B06, '1529490330', 'ARA23102301', 'ARADOS CAUCHO TIPO B LILA', '[\"11E8676EAD11B2E6BDE500270E383B06\"]', 0x11E7AF8DDC5D706EA5F700270E383B06, 0x11E7AF8DDC5D706EA5F700270E383B06, '1.00');
INSERT INTO `sistema_productos` VALUES (0x11E87469CF2EEDB29BD600270E383B06, '1529490330', 'ARA231023', 'ARADOS CAUCHO TIPO B LILA', '[\"11E8676EAD11B2E6BDE500270E383B06\"]', 0x11E7AF8DE9F3C53BA5F700270E383B06, 0x11E7AF8DE9F3C53BA5F700270E383B06, '1.00');
INSERT INTO `sistema_productos` VALUES (0x11E87469CF3157929BD600270E383B06, '1529490330', 'ARA23102350', 'ARADOS CAUCHO TIPO B LILA', '[\"11E8676EAD11B2E6BDE500270E383B06\"]', 0x11E7AF8DF65CB995A5F700270E383B06, 0x11E7AF8DF65CB995A5F700270E383B06, '1.00');
INSERT INTO `sistema_productos` VALUES (0x11E87469CF3405059BD600270E383B06, '1529490330', 'ARA23101101', 'ARADOS CAUCHO TIPO B CHOCOLATE', '[\"11E8676EAD11B2E6BDE500270E383B06\"]', 0x11E7AF8DDC5D706EA5F700270E383B06, 0x11E7AF8DDC5D706EA5F700270E383B06, '1.00');
INSERT INTO `sistema_productos` VALUES (0x11E87469CF366F669BD600270E383B06, '1529490330', 'ARA23101140', 'ARADOS CAUCHO TIPO B CHOCOLATE', '[\"11E8676EAD11B2E6BDE500270E383B06\"]', 0x11E7AF8DE9F3C53BA5F700270E383B06, 0x11E7AF8DE9F3C53BA5F700270E383B06, '1.00');
INSERT INTO `sistema_productos` VALUES (0x11E87469CF391E2C9BD600270E383B06, '1529490331', 'ARA23101150', 'ARADOS CAUCHO TIPO B CHOCOLATE', '[\"11E8676EAD11B2E6BDE500270E383B06\"]', 0x11E7AF8DF65CB995A5F700270E383B06, 0x11E7AF8DF65CB995A5F700270E383B06, '1.00');
INSERT INTO `sistema_productos` VALUES (0x11E87469CF3B96A69BD600270E383B06, '1529490331', 'ARA23101201', 'ARADOS CAUCHO TIPO B CHOCOLATE', '[\"11E8676EAD11B2E6BDE500270E383B06\"]', 0x11E7AF8DDC5D706EA5F700270E383B06, 0x11E7AF8DDC5D706EA5F700270E383B06, '1.00');
INSERT INTO `sistema_productos` VALUES (0x11E87469CF40EBF29BD600270E383B06, '1529490331', 'ARA23101240', 'ARADOS CAUCHO TIPO B CANELA', '[\"11E8676EAD11B2E6BDE500270E383B06\"]', 0x11E7AF8DE9F3C53BA5F700270E383B06, 0x11E7AF8DE9F3C53BA5F700270E383B06, '1.00');
INSERT INTO `sistema_productos` VALUES (0x11E87469CF4478039BD600270E383B06, '1529490331', 'ARA23101250', 'ARADOS CAUCHO TIPO B CANELA', '[\"11E8676EAD11B2E6BDE500270E383B06\"]', 0x11E7AF8DF65CB995A5F700270E383B06, 0x11E7AF8DF65CB995A5F700270E383B06, '1.00');
INSERT INTO `sistema_productos` VALUES (0x11E87469CF483CDD9BD600270E383B06, '1529490331', 'ARA23101201', 'ARADOS CAUCHO TIPO B CANELA', '[\"11E8676EAD11B2E6BDE500270E383B06\"]', 0x11E7AF8DDC5D706EA5F700270E383B06, 0x11E7AF8DDC5D706EA5F700270E383B06, '1.00');
INSERT INTO `sistema_productos` VALUES (0x11E87469CF4AD5C59BD600270E383B06, '1529490331', 'VER13100140', 'VERONA CAUCHO EXTERIOR BLANCO', '[\"11E8676EAD11B2E6BDE500270E383B06\"]', 0x11E7AF8DE9F3C53BA5F700270E383B06, 0x11E7AF8DE9F3C53BA5F700270E383B06, '1.00');
INSERT INTO `sistema_productos` VALUES (0x11E87469CF4E99B59BD600270E383B06, '1529490331', 'VER13100640', 'VERONA CAUCHO EXTERIOR BEIGE', '[\"11E8676EAD11B2E6BDE500270E383B06\"]', 0x11E7AF8DE9F3C53BA5F700270E383B06, 0x11E7AF8DE9F3C53BA5F700270E383B06, '1.00');
INSERT INTO `sistema_productos` VALUES (0x11E87469CF5130A49BD600270E383B06, '1529490331', 'VER13100440', 'VERONA CAUCHO EXTERIOR BLANCO OSTRA', '[\"11E8676EAD11B2E6BDE500270E383B06\"]', 0x11E7AF8DE9F3C53BA5F700270E383B06, 0x11E7AF8DE9F3C53BA5F700270E383B06, '1.00');
INSERT INTO `sistema_productos` VALUES (0x11E87469CF54F7059BD600270E383B06, '1529490331', 'VER13100240', 'VERONA CAUCHO EXTERIOR GRIS CEMENTO', '[\"11E8676EAD11B2E6BDE500270E383B06\"]', 0x11E7AF8DE9F3C53BA5F700270E383B06, 0x11E7AF8DE9F3C53BA5F700270E383B06, '1.00');
INSERT INTO `sistema_productos` VALUES (0x11E87469CF578B489BD600270E383B06, '1529490331', 'VER13100340', 'VERONA CAUCHO EXTERIOR GRIS CLARO', '[\"11E8676EAD11B2E6BDE500270E383B06\"]', 0x11E7AF8DE9F3C53BA5F700270E383B06, 0x11E7AF8DE9F3C53BA5F700270E383B06, '1.00');
INSERT INTO `sistema_productos` VALUES (0x11E87469CF61D7559BD600270E383B06, '1529490331', 'VER13100540', 'VERONA CAUCHO EXTERIOR MARFIL', '[\"11E8676EAD11B2E6BDE500270E383B06\"]', 0x11E7AF8DE9F3C53BA5F700270E383B06, 0x11E7AF8DE9F3C53BA5F700270E383B06, '1.00');
INSERT INTO `sistema_productos` VALUES (0x11E87469CF7759269BD600270E383B06, '1529490331', 'VER131026', 'VERONA CAUCHO EXTERIOR BEIGE OSCURO', '[\"11E8676EAD11B2E6BDE500270E383B06\"]', 0x11E7AF8DDC5D706EA5F700270E383B06, 0x11E7AF8DDC5D706EA5F700270E383B06, '1.00');
INSERT INTO `sistema_productos` VALUES (0x11E87469CF7DA5949BD600270E383B06, '1529490331', 'VER13102640', 'VERONA CAUCHO EXTERIOR BEIGE OSCURO', '[\"11E8676EAD11B2E6BDE500270E383B06\"]', 0x11E7AF8DE9F3C53BA5F700270E383B06, 0x11E7AF8DE9F3C53BA5F700270E383B06, '1.00');
INSERT INTO `sistema_productos` VALUES (0x11E87469CF892EF99BD600270E383B06, '1529490331', 'VER13100701', 'VERONA CAUCHO EXTERIOR MOSTAZA CLARO', '[\"11E8676EAD11B2E6BDE500270E383B06\"]', 0x11E7AF8DDC5D706EA5F700270E383B06, 0x11E7AF8DDC5D706EA5F700270E383B06, '1.00');
INSERT INTO `sistema_productos` VALUES (0x11E87469CF948B219BD600270E383B06, '1529490331', 'VER13100740', 'VERONA CAUCHO EXTERIOR MOSTAZA CLARO', '[\"11E8676EAD11B2E6BDE500270E383B06\"]', 0x11E7AF8DE9F3C53BA5F700270E383B06, 0x11E7AF8DE9F3C53BA5F700270E383B06, '1.00');
INSERT INTO `sistema_productos` VALUES (0x11E87469CF9736B89BD600270E383B06, '1529490331', 'VER13100801', 'VERONA CAUCHO EXTERIOR MOSTAZA OSCURO', '[\"11E8676EAD11B2E6BDE500270E383B06\"]', 0x11E7AF8DDC5D706EA5F700270E383B06, 0x11E7AF8DDC5D706EA5F700270E383B06, '1.00');
INSERT INTO `sistema_productos` VALUES (0x11E87469CF999D279BD600270E383B06, '1529490331', 'VER13100840', 'VERONA CAUCHO EXTERIOR MOSTAZA OSCURO', '[\"11E8676EAD11B2E6BDE500270E383B06\"]', 0x11E7AF8DE9F3C53BA5F700270E383B06, 0x11E7AF8DE9F3C53BA5F700270E383B06, '1.00');
INSERT INTO `sistema_productos` VALUES (0x11E87469CF9C56309BD600270E383B06, '1529490331', 'VER13100901', 'VERONA CAUCHO EXTERIOR LADRILLO', '[\"11E8676EAD11B2E6BDE500270E383B06\"]', 0x11E7AF8DDC5D706EA5F700270E383B06, 0x11E7AF8DDC5D706EA5F700270E383B06, '1.00');
INSERT INTO `sistema_productos` VALUES (0x11E87469CF9EBEA39BD600270E383B06, '1529490331', 'VER13100940', 'VERONA CAUCHO EXTERIOR LADRILLO', '[\"11E8676EAD11B2E6BDE500270E383B06\"]', 0x11E7AF8DE9F3C53BA5F700270E383B06, 0x11E7AF8DE9F3C53BA5F700270E383B06, '1.00');
INSERT INTO `sistema_productos` VALUES (0x11E87469CFA165509BD600270E383B06, '1529490331', 'VER13102401', 'VERONA CAUCHO EXTERIOR VINO', '[\"11E8676EAD11B2E6BDE500270E383B06\"]', 0x11E7AF8DDC5D706EA5F700270E383B06, 0x11E7AF8DDC5D706EA5F700270E383B06, '1.00');
INSERT INTO `sistema_productos` VALUES (0x11E87469CFA5AEDC9BD600270E383B06, '1529490331', 'VER13102440', 'VERONA CAUCHO EXTERIOR VINO', '[\"11E8676EAD11B2E6BDE500270E383B06\"]', 0x11E7AF8DE9F3C53BA5F700270E383B06, 0x11E7AF8DE9F3C53BA5F700270E383B06, '1.00');
INSERT INTO `sistema_productos` VALUES (0x11E87469CFAA5B0B9BD600270E383B06, '1529490331', 'VER131027', 'VERONA CAUCHO EXTERIOR FUCSIA OSCURO', '[\"11E8676EAD11B2E6BDE500270E383B06\"]', 0x11E7AF8DDC5D706EA5F700270E383B06, 0x11E7AF8DDC5D706EA5F700270E383B06, '1.00');
INSERT INTO `sistema_productos` VALUES (0x11E87469CFB09ABB9BD600270E383B06, '1529490331', 'VER13102740', 'VERONA CAUCHO EXTERIOR FUCSIA OSCURO', '[\"11E8676EAD11B2E6BDE500270E383B06\"]', 0x11E7AF8DE9F3C53BA5F700270E383B06, 0x11E7AF8DE9F3C53BA5F700270E383B06, '1.00');
INSERT INTO `sistema_productos` VALUES (0x11E87469CFB5BFD49BD600270E383B06, '1529490331', 'VER13102801', 'VERONA CAUCHO EXTERIOR ROJO CEREZA', '[\"11E8676EAD11B2E6BDE500270E383B06\"]', 0x11E7AF8DDC5D706EA5F700270E383B06, 0x11E7AF8DDC5D706EA5F700270E383B06, '1.00');
INSERT INTO `sistema_productos` VALUES (0x11E87469CFB826439BD600270E383B06, '1529490331', 'VER13102840', 'VERONA CAUCHO EXTERIOR ROJO CEREZA', '[\"11E8676EAD11B2E6BDE500270E383B06\"]', 0x11E7AF8DE9F3C53BA5F700270E383B06, 0x11E7AF8DE9F3C53BA5F700270E383B06, '1.00');
INSERT INTO `sistema_productos` VALUES (0x11E87469CFBAD5699BD600270E383B06, '1529490331', 'VER13102901', 'VERONA CAUCHO EXTERIOR FUCSIA CLARO', '[\"11E8676EAD11B2E6BDE500270E383B06\"]', 0x11E7AF8DDC5D706EA5F700270E383B06, 0x11E7AF8DDC5D706EA5F700270E383B06, '1.00');
INSERT INTO `sistema_productos` VALUES (0x11E87469CFBD3A589BD600270E383B06, '1529490331', 'VER13102940', 'VERONA CAUCHO EXTERIOR FUCSIA CLARO', '[\"11E8676EAD11B2E6BDE500270E383B06\"]', 0x11E7AF8DE9F3C53BA5F700270E383B06, 0x11E7AF8DE9F3C53BA5F700270E383B06, '1.00');
INSERT INTO `sistema_productos` VALUES (0x11E87469CFBFEB6B9BD600270E383B06, '1529490331', 'VER13101401', 'VERONA CAUCHO EXTERIOR ROSA CLARO', '[\"11E8676EAD11B2E6BDE500270E383B06\"]', 0x11E7AF8DDC5D706EA5F700270E383B06, 0x11E7AF8DDC5D706EA5F700270E383B06, '1.00');
INSERT INTO `sistema_productos` VALUES (0x11E87469CFC252809BD600270E383B06, '1529490331', 'VER13101440', 'VERONA CAUCHO EXTERIOR ROSA CLARO', '[\"11E8676EAD11B2E6BDE500270E383B06\"]', 0x11E7AF8DE9F3C53BA5F700270E383B06, 0x11E7AF8DE9F3C53BA5F700270E383B06, '1.00');
INSERT INTO `sistema_productos` VALUES (0x11E87469CFC506BB9BD600270E383B06, '1529490331', 'VER13101501', 'VERONA CAUCHO EXTERIOR ROSA BEBE', '[\"11E8676EAD11B2E6BDE500270E383B06\"]', 0x11E7AF8DDC5D706EA5F700270E383B06, 0x11E7AF8DDC5D706EA5F700270E383B06, '1.00');
INSERT INTO `sistema_productos` VALUES (0x11E87469CFC76A489BD600270E383B06, '1529490331', 'VER13101540', 'VERONA CAUCHO EXTERIOR ROSA BEBE', '[\"11E8676EAD11B2E6BDE500270E383B06\"]', 0x11E7AF8DE9F3C53BA5F700270E383B06, 0x11E7AF8DE9F3C53BA5F700270E383B06, '1.00');
INSERT INTO `sistema_productos` VALUES (0x11E87469CFCA19839BD600270E383B06, '1529490331', 'VER13101601', 'VERONA CAUCHO EXTERIOR SALMON', '[\"11E8676EAD11B2E6BDE500270E383B06\"]', 0x11E7AF8DDC5D706EA5F700270E383B06, 0x11E7AF8DDC5D706EA5F700270E383B06, '1.00');
INSERT INTO `sistema_productos` VALUES (0x11E87469CFCC7F769BD600270E383B06, '1529490331', 'VER13101640', 'VERONA CAUCHO EXTERIOR SALMON', '[\"11E8676EAD11B2E6BDE500270E383B06\"]', 0x11E7AF8DE9F3C53BA5F700270E383B06, 0x11E7AF8DE9F3C53BA5F700270E383B06, '1.00');
INSERT INTO `sistema_productos` VALUES (0x11E87469CFCF2CDE9BD600270E383B06, '1529490331', 'VER13101701', 'VERONA CAUCHO EXTERIOR ALBARICOQUE', '[\"11E8676EAD11B2E6BDE500270E383B06\"]', 0x11E7AF8DDC5D706EA5F700270E383B06, 0x11E7AF8DDC5D706EA5F700270E383B06, '1.00');
INSERT INTO `sistema_productos` VALUES (0x11E87469CFD1980C9BD600270E383B06, '1529490331', 'VER13101740', 'VERONA CAUCHO EXTERIOR ALBARICOQUE', '[\"11E8676EAD11B2E6BDE500270E383B06\"]', 0x11E7AF8DE9F3C53BA5F700270E383B06, 0x11E7AF8DE9F3C53BA5F700270E383B06, '1.00');
INSERT INTO `sistema_productos` VALUES (0x11E87469CFD443409BD600270E383B06, '1529490331', 'VER13101801', 'VERONA CAUCHO EXTERIOR AZUL BEBE', '[\"11E8676EAD11B2E6BDE500270E383B06\"]', 0x11E7AF8DDC5D706EA5F700270E383B06, 0x11E7AF8DDC5D706EA5F700270E383B06, '1.00');
INSERT INTO `sistema_productos` VALUES (0x11E87469CFD7EF639BD600270E383B06, '1529490331', 'VER13101840', 'VERONA CAUCHO EXTERIOR AZUL BEBE', '[\"11E8676EAD11B2E6BDE500270E383B06\"]', 0x11E7AF8DE9F3C53BA5F700270E383B06, 0x11E7AF8DE9F3C53BA5F700270E383B06, '1.00');
INSERT INTO `sistema_productos` VALUES (0x11E87469CFDA9FF39BD600270E383B06, '1529490331', 'VER13103001', 'VERONA CAUCHO EXTERIOR AZUL CIELO', '[\"11E8676EAD11B2E6BDE500270E383B06\"]', 0x11E7AF8DDC5D706EA5F700270E383B06, 0x11E7AF8DDC5D706EA5F700270E383B06, '1.00');
INSERT INTO `sistema_productos` VALUES (0x11E87469CFDD08339BD600270E383B06, '1529490331', 'VER13103040', 'VERONA CAUCHO EXTERIOR AZUL CIELO', '[\"11E8676EAD11B2E6BDE500270E383B06\"]', 0x11E7AF8DE9F3C53BA5F700270E383B06, 0x11E7AF8DE9F3C53BA5F700270E383B06, '1.00');
INSERT INTO `sistema_productos` VALUES (0x11E87469CFDFB6A29BD600270E383B06, '1529490331', 'VER13101901', 'VERONA CAUCHO EXTERIOR AZUL CELESTE', '[\"11E8676EAD11B2E6BDE500270E383B06\"]', 0x11E7AF8DDC5D706EA5F700270E383B06, 0x11E7AF8DDC5D706EA5F700270E383B06, '1.00');
INSERT INTO `sistema_productos` VALUES (0x11E87469CFE21AD79BD600270E383B06, '1529490331', 'VER13101940', 'VERONA CAUCHO EXTERIOR AZUL CELESTE', '[\"11E8676EAD11B2E6BDE500270E383B06\"]', 0x11E7AF8DE9F3C53BA5F700270E383B06, 0x11E7AF8DE9F3C53BA5F700270E383B06, '1.00');
INSERT INTO `sistema_productos` VALUES (0x11E87469CFE4CF5B9BD600270E383B06, '1529490331', 'VER13103101', 'VERONA CAUCHO EXTERIOR AZUL REY', '[\"11E8676EAD11B2E6BDE500270E383B06\"]', 0x11E7AF8DDC5D706EA5F700270E383B06, 0x11E7AF8DDC5D706EA5F700270E383B06, '1.00');
INSERT INTO `sistema_productos` VALUES (0x11E87469CFF7F2FC9BD600270E383B06, '1529490332', 'VER13103140', 'VERONA CAUCHO EXTERIOR AZUL REY', '[\"11E8676EAD11B2E6BDE500270E383B06\"]', 0x11E7AF8DE9F3C53BA5F700270E383B06, 0x11E7AF8DE9F3C53BA5F700270E383B06, '1.00');
INSERT INTO `sistema_productos` VALUES (0x11E87469CFFA4ED19BD600270E383B06, '1529490332', 'VER13103201', 'VERONA CAUCHO EXTERIOR VERDE AZULADO', '[\"11E8676EAD11B2E6BDE500270E383B06\"]', 0x11E7AF8DDC5D706EA5F700270E383B06, 0x11E7AF8DE9F3C53BA5F700270E383B06, '1.00');
INSERT INTO `sistema_productos` VALUES (0x11E87469CFFCF9CF9BD600270E383B06, '1529490332', 'VER13103240', 'VERONA CAUCHO EXTERIOR VERDE AZULADO', '[\"11E8676EAD11B2E6BDE500270E383B06\"]', 0x11E7AF8DE9F3C53BA5F700270E383B06, 0x11E7AF8DE9F3C53BA5F700270E383B06, '1.00');
INSERT INTO `sistema_productos` VALUES (0x11E87469D0009F519BD600270E383B06, '1529490332', 'VER13103301', 'VERONA CAUCHO EXTERIOR AMARILLO LIMON', '[\"11E8676EAD11B2E6BDE500270E383B06\"]', 0x11E7AF8DDC5D706EA5F700270E383B06, 0x11E7AF8DDC5D706EA5F700270E383B06, '1.00');
INSERT INTO `sistema_productos` VALUES (0x11E87469D00356F39BD600270E383B06, '1529490332', 'VER13103340', 'VERONA CAUCHO EXTERIOR AMARILLO LIMON', '[\"11E8676EAD11B2E6BDE500270E383B06\"]', 0x11E7AF8DE9F3C53BA5F700270E383B06, 0x11E7AF8DE9F3C53BA5F700270E383B06, '1.00');
INSERT INTO `sistema_productos` VALUES (0x11E87469D007086E9BD600270E383B06, '1529490332', 'VER13103401', 'VERONA CAUCHO EXTERIOR VERDE GRAMA-HOJA', '[\"11E8676EAD11B2E6BDE500270E383B06\"]', 0x11E7AF8DDC5D706EA5F700270E383B06, 0x11E7AF8DDC5D706EA5F700270E383B06, '1.00');
INSERT INTO `sistema_productos` VALUES (0x11E87469D00C02F59BD600270E383B06, '1529490332', 'VER13103440', 'VERONA CAUCHO EXTERIOR VERDE GRAMA-HOJA', '[\"11E8676EAD11B2E6BDE500270E383B06\"]', 0x11E7AF8DE9F3C53BA5F700270E383B06, 0x11E7AF8DE9F3C53BA5F700270E383B06, '1.00');
INSERT INTO `sistema_productos` VALUES (0x11E87469D01E0E919BD600270E383B06, '1529490332', 'VER13102001', 'VERONA CAUCHO EXTERIOR VERDE MOHO (OLIVO)', '[\"11E8676EAD11B2E6BDE500270E383B06\"]', 0x11E7AF8DDC5D706EA5F700270E383B06, 0x11E7AF8DDC5D706EA5F700270E383B06, '1.00');
INSERT INTO `sistema_productos` VALUES (0x11E87469D02597119BD600270E383B06, '1529490332', 'VER13102040', 'VERONA CAUCHO EXTERIOR VERDE MOHO (OLIVO)', '[\"11E8676EAD11B2E6BDE500270E383B06\"]', 0x11E7AF8DE9F3C53BA5F700270E383B06, 0x11E7AF8DE9F3C53BA5F700270E383B06, '1.00');
INSERT INTO `sistema_productos` VALUES (0x11E87469D02951E19BD600270E383B06, '1529490332', 'VER13102501', 'VERONA CAUCHO EXTERIOR VERDE MANZANA', '[\"11E8676EAD11B2E6BDE500270E383B06\"]', 0x11E7AF8DDC5D706EA5F700270E383B06, 0x11E7AF8DDC5D706EA5F700270E383B06, '1.00');
INSERT INTO `sistema_productos` VALUES (0x11E87469D02BEF5E9BD600270E383B06, '1529490332', 'VER13102540', 'VERONA CAUCHO EXTERIOR VERDE MANZANA', '[\"11E8676EAD11B2E6BDE500270E383B06\"]', 0x11E7AF8DE9F3C53BA5F700270E383B06, 0x11E7AF8DE9F3C53BA5F700270E383B06, '1.00');
INSERT INTO `sistema_productos` VALUES (0x11E87469D02FB4819BD600270E383B06, '1529490332', 'VER13102101', 'VERONA CAUCHO EXTERIOR VERDE CASCADA', '[\"11E8676EAD11B2E6BDE500270E383B06\"]', 0x11E7AF8DDC5D706EA5F700270E383B06, 0x11E7AF8DDC5D706EA5F700270E383B06, '1.00');
INSERT INTO `sistema_productos` VALUES (0x11E87469D03239AF9BD600270E383B06, '1529490332', 'VER13102140', 'VERONA CAUCHO EXTERIOR VERDE CASCADA', '[\"11E8676EAD11B2E6BDE500270E383B06\"]', 0x11E7AF8DE9F3C53BA5F700270E383B06, 0x11E7AF8DE9F3C53BA5F700270E383B06, '1.00');
INSERT INTO `sistema_productos` VALUES (0x11E87469D037372A9BD600270E383B06, '1529490332', 'VER13102201', 'VERONA CAUCHO EXTERIOR VERDE BEBE', '[\"11E8676EAD11B2E6BDE500270E383B06\"]', 0x11E7AF8DDC5D706EA5F700270E383B06, 0x11E7AF8DDC5D706EA5F700270E383B06, '1.00');
INSERT INTO `sistema_productos` VALUES (0x11E87469D039DB7C9BD600270E383B06, '1529490332', 'VER13102240', 'VERONA CAUCHO EXTERIOR VERDE BEBE', '[\"11E8676EAD11B2E6BDE500270E383B06\"]', 0x11E7AF8DE9F3C53BA5F700270E383B06, 0x11E7AF8DE9F3C53BA5F700270E383B06, '1.00');
INSERT INTO `sistema_productos` VALUES (0x11E87469D03DAC2E9BD600270E383B06, '1529490332', 'VER13102301', 'VERONA CAUCHO EXTERIOR LILA', '[\"11E8676EAD11B2E6BDE500270E383B06\"]', 0x11E7AF8DDC5D706EA5F700270E383B06, 0x11E7AF8DDC5D706EA5F700270E383B06, '1.00');
INSERT INTO `sistema_productos` VALUES (0x11E87469D04037129BD600270E383B06, '1529490332', 'VER13102340', 'VERONA CAUCHO EXTERIOR LILA', '[\"11E8676EAD11B2E6BDE500270E383B06\"]', 0x11E7AF8DE9F3C53BA5F700270E383B06, 0x11E7AF8DE9F3C53BA5F700270E383B06, '1.00');
INSERT INTO `sistema_productos` VALUES (0x11E87469D04408E19BD600270E383B06, '1529490332', 'VER13103501', 'VERONA CAUCHO EXTERIOR LAVANDA', '[\"11E8676EAD11B2E6BDE500270E383B06\"]', 0x11E7AF8DDC5D706EA5F700270E383B06, 0x11E7AF8DDC5D706EA5F700270E383B06, '1.00');
INSERT INTO `sistema_productos` VALUES (0x11E87469D04696999BD600270E383B06, '1529490332', 'VER13103540', 'VERONA CAUCHO EXTERIOR LAVANDA', '[\"11E8676EAD11B2E6BDE500270E383B06\"]', 0x11E7AF8DE9F3C53BA5F700270E383B06, 0x11E7AF8DE9F3C53BA5F700270E383B06, '1.00');
INSERT INTO `sistema_productos` VALUES (0x11E87469D04A63179BD600270E383B06, '1529490332', 'VER13101101', 'VERONA CAUCHO EXTERIOR CHOCOLATE', '[\"11E8676EAD11B2E6BDE500270E383B06\"]', 0x11E7AF8DDC5D706EA5F700270E383B06, 0x11E7AF8DDC5D706EA5F700270E383B06, '1.00');
INSERT INTO `sistema_productos` VALUES (0x11E87469D04CEE869BD600270E383B06, '1529490332', 'VER13101140', 'VERONA CAUCHO EXTERIOR CHOCOLATE', '[\"11E8676EAD11B2E6BDE500270E383B06\"]', 0x11E7AF8DE9F3C53BA5F700270E383B06, 0x11E7AF8DE9F3C53BA5F700270E383B06, '1.00');
INSERT INTO `sistema_productos` VALUES (0x11E87469D050C04E9BD600270E383B06, '1529490332', 'VER13101201', 'VERONA CAUCHO EXTERIOR CANELA', '[\"11E8676EAD11B2E6BDE500270E383B06\"]', 0x11E7AF8DDC5D706EA5F700270E383B06, 0x11E7AF8DDC5D706EA5F700270E383B06, '1.00');
INSERT INTO `sistema_productos` VALUES (0x11E87469D0534A159BD600270E383B06, '1529490332', 'VER13101240', 'VERONA CAUCHO EXTERIOR CANELA', '[\"11E8676EAD11B2E6BDE500270E383B06\"]', 0x11E7AF8DE9F3C53BA5F700270E383B06, 0x11E7AF8DE9F3C53BA5F700270E383B06, '1.00');
INSERT INTO `sistema_productos` VALUES (0x11E87469D059CF869BD600270E383B06, '1529490332', 'MEST001', 'resina acrílicas esterena 777', '[\"11E8676EAD11B2E6BDE500270E383B06\"]', 0x11E7AF8A08F0A02CA5F700270E383B06, 0x11E7AF8A08F0A02CA5F700270E383B06, '1.00');
INSERT INTO `sistema_productos` VALUES (0x11E87469D06011189BD600270E383B06, '1529490332', 'MMK001', 'MEKO UBE', '[\"11E8676EAD11B2E6BDE500270E383B06\"]', 0x11E7AF8A08F0A02CA5F700270E383B06, 0x11E7AF8A08F0A02CA5F700270E383B06, '1.00');
INSERT INTO `sistema_productos` VALUES (0x11E87469D06A53E79BD600270E383B06, '1529490332', 'MDXT01', 'DIOXIDO DE TITANIO CINKARNA', '[\"11E8676EAD11B2E6BDE500270E383B06\"]', 0x11E7AF8A08F0A02CA5F700270E383B06, 0x11E7AF8A08F0A02CA5F700270E383B06, '1.00');
INSERT INTO `sistema_productos` VALUES (0x11E87469D06F468E9BD600270E383B06, '1529490332', 'MRH01', 'RESINA HIDROCARBURICA', '[\"11E8676EAD11B2E6BDE500270E383B06\"]', 0x11E7A90D43325DA68A4800E04C6F7E24, 0x11E7A90D43325DA68A4800E04C6F7E24, '1.00');
INSERT INTO `sistema_productos` VALUES (0x11E87469D071E71B9BD600270E383B06, '1529490332', 'MRC01', 'RESINA CORTA AL 55%', '[\"11E8676EAD11B2E6BDE500270E383B06\"]', 0x11E7AF8A08F0A02CA5F700270E383B06, 0x11E7AF8A08F0A02CA5F700270E383B06, '1.00');
INSERT INTO `sistema_productos` VALUES (0x11E87469D0745B329BD600270E383B06, '1529490332', 'VER13300101', 'VERONA CAUCHO TIPO A BLANCO', '[\"11E8676EAD11B2E6BDE500270E383B06\"]', 0x11E7AF8DDC5D706EA5F700270E383B06, 0x11E7AF8DDC5D706EA5F700270E383B06, '1.00');
INSERT INTO `sistema_productos` VALUES (0x11E87469D076F8079BD600270E383B06, '1529490332', 'VER13300140', 'VERONA CAUCHO TIPO A BLANCO', '[\"11E8676EAD11B2E6BDE500270E383B06\"]', 0x11E7AF8DE9F3C53BA5F700270E383B06, 0x11E7AF8DE9F3C53BA5F700270E383B06, '1.00');
INSERT INTO `sistema_productos` VALUES (0x11E87469D079763C9BD600270E383B06, '1529490332', 'VER13300201', 'VERONA CAUCHO TIPO A GRIS CEMENTO', '[\"11E8676EAD11B2E6BDE500270E383B06\"]', 0x11E7AF8DDC5D706EA5F700270E383B06, 0x11E7AF8DDC5D706EA5F700270E383B06, '1.00');
INSERT INTO `sistema_productos` VALUES (0x11E87469D07C12719BD600270E383B06, '1529490332', 'VER13300240', 'VERONA CAUCHO TIPO A GRIS CEMENTO', '[\"11E8676EAD11B2E6BDE500270E383B06\"]', 0x11E7AF8DE9F3C53BA5F700270E383B06, 0x11E7AF8DE9F3C53BA5F700270E383B06, '1.00');
INSERT INTO `sistema_productos` VALUES (0x11E87469D07E87889BD600270E383B06, '1529490332', 'VER13300301', 'VERONA CAUCHO TIPO A GRIS CLARO', '[\"11E8676EAD11B2E6BDE500270E383B06\"]', 0x11E7AF8DDC5D706EA5F700270E383B06, 0x11E7AF8DDC5D706EA5F700270E383B06, '1.00');
INSERT INTO `sistema_productos` VALUES (0x11E87469D0812CEC9BD600270E383B06, '1529490332', 'VER13300340', 'VERONA CAUCHO TIPO A GRIS CLARO', '[\"11E8676EAD11B2E6BDE500270E383B06\"]', 0x11E7AF8DE9F3C53BA5F700270E383B06, 0x11E7AF8DE9F3C53BA5F700270E383B06, '1.00');
INSERT INTO `sistema_productos` VALUES (0x11E87469D083A3C99BD600270E383B06, '1529490332', 'VER13300401', 'VERONA CAUCHO TIPO A BLANCO OSTRA', '[\"11E8676EAD11B2E6BDE500270E383B06\"]', 0x11E7AF8DDC5D706EA5F700270E383B06, 0x11E7AF8DDC5D706EA5F700270E383B06, '1.00');
INSERT INTO `sistema_productos` VALUES (0x11E87469D086412D9BD600270E383B06, '1529490332', 'VER13300440', 'VERONA CAUCHO TIPO A BLANCO OSTRA', '[\"11E8676EAD11B2E6BDE500270E383B06\"]', 0x11E7AF8DE9F3C53BA5F700270E383B06, 0x11E7AF8DE9F3C53BA5F700270E383B06, '1.00');
INSERT INTO `sistema_productos` VALUES (0x11E87469D088B5509BD600270E383B06, '1529490332', 'VER13300501', 'VERONA CAUCHO TIPO A MARFIL', '[\"11E8676EAD11B2E6BDE500270E383B06\"]', 0x11E7AF8DDC5D706EA5F700270E383B06, 0x11E7AF8DDC5D706EA5F700270E383B06, '1.00');
INSERT INTO `sistema_productos` VALUES (0x11E87469D08B5C549BD600270E383B06, '1529490332', 'VER13300540', 'VERONA CAUCHO TIPO A MARFIL', '[\"11E8676EAD11B2E6BDE500270E383B06\"]', 0x11E7AF8DE9F3C53BA5F700270E383B06, 0x11E7AF8DE9F3C53BA5F700270E383B06, '1.00');
INSERT INTO `sistema_productos` VALUES (0x11E87469D08DCA829BD600270E383B06, '1529490332', 'VER13300601', 'VERONA CAUCHO TIPO A BEIGE', '[\"11E8676EAD11B2E6BDE500270E383B06\"]', 0x11E7AF8DDC5D706EA5F700270E383B06, 0x11E7AF8DDC5D706EA5F700270E383B06, '1.00');
INSERT INTO `sistema_productos` VALUES (0x11E87469D0906EF49BD600270E383B06, '1529490332', 'VER13300640', 'VERONA CAUCHO TIPO A BEIGE', '[\"11E8676EAD11B2E6BDE500270E383B06\"]', 0x11E7AF8DE9F3C53BA5F700270E383B06, 0x11E7AF8DE9F3C53BA5F700270E383B06, '1.00');
INSERT INTO `sistema_productos` VALUES (0x11E87469D092E2D59BD600270E383B06, '1529490332', 'VER13302601', 'VERONA CAUCHO TIPO A BEIGE OSCURO', '[\"11E8676EAD11B2E6BDE500270E383B06\"]', 0x11E7AF8DDC5D706EA5F700270E383B06, 0x11E7AF8DDC5D706EA5F700270E383B06, '1.00');
INSERT INTO `sistema_productos` VALUES (0x11E87469D09587B59BD600270E383B06, '1529490332', 'VER13302640', 'VERONA CAUCHO TIPO A BEIGE OSCURO', '[\"11E8676EAD11B2E6BDE500270E383B06\"]', 0x11E7AF8DE9F3C53BA5F700270E383B06, 0x11E7AF8DE9F3C53BA5F700270E383B06, '1.00');
INSERT INTO `sistema_productos` VALUES (0x11E87469D097F9F99BD600270E383B06, '1529490333', 'VER13301001', 'VERONA CAUCHO TIPO A SAHARA', '[\"11E8676EAD11B2E6BDE500270E383B06\"]', 0x11E7AF8DDC5D706EA5F700270E383B06, 0x11E7AF8DDC5D706EA5F700270E383B06, '1.00');
INSERT INTO `sistema_productos` VALUES (0x11E87469D09A9C319BD600270E383B06, '1529490333', 'VER13301040', 'VERONA CAUCHO TIPO A SAHARA', '[\"11E8676EAD11B2E6BDE500270E383B06\"]', 0x11E7AF8DE9F3C53BA5F700270E383B06, 0x11E7AF8DE9F3C53BA5F700270E383B06, '1.00');
INSERT INTO `sistema_productos` VALUES (0x11E87469D09D0F7C9BD600270E383B06, '1529490333', 'VER13300701', 'VERONA CAUCHO TIPO A MOSTAZA CLARO', '[\"11E8676EAD11B2E6BDE500270E383B06\"]', 0x11E7AF8DDC5D706EA5F700270E383B06, 0x11E7AF8DDC5D706EA5F700270E383B06, '1.00');
INSERT INTO `sistema_productos` VALUES (0x11E87469D09FB89A9BD600270E383B06, '1529490333', 'VER13300740', 'VERONA CAUCHO TIPO A MOSTAZA CLARO', '[\"11E8676EAD11B2E6BDE500270E383B06\"]', 0x11E7AF8DE9F3C53BA5F700270E383B06, 0x11E7AF8DE9F3C53BA5F700270E383B06, '1.00');
INSERT INTO `sistema_productos` VALUES (0x11E87469D0A7D73A9BD600270E383B06, '1529490333', 'VER13300801', 'VERONA CAUCHO TIPO A MOSTAZA OSCURO', '[\"11E8676EAD11B2E6BDE500270E383B06\"]', 0x11E7AF8DDC5D706EA5F700270E383B06, 0x11E7AF8DDC5D706EA5F700270E383B06, '1.00');
INSERT INTO `sistema_productos` VALUES (0x11E87469D0B411B09BD600270E383B06, '1529490333', 'VER13300840', 'VERONA CAUCHO TIPO A MOSTAZA OSCURO', '[\"11E8676EAD11B2E6BDE500270E383B06\"]', 0x11E7AF8DE9F3C53BA5F700270E383B06, 0x11E7AF8DE9F3C53BA5F700270E383B06, '1.00');
INSERT INTO `sistema_productos` VALUES (0x11E87469D0B685409BD600270E383B06, '1529490333', 'VER13300901', 'VERONA CAUCHO TIPO A LADRILLO', '[\"11E8676EAD11B2E6BDE500270E383B06\"]', 0x11E7AF8DDC5D706EA5F700270E383B06, 0x11E7AF8DDC5D706EA5F700270E383B06, '1.00');
INSERT INTO `sistema_productos` VALUES (0x11E87469D0B923E39BD600270E383B06, '1529490333', 'VER13300940', 'VERONA CAUCHO TIPO A LADRILLO', '[\"11E8676EAD11B2E6BDE500270E383B06\"]', 0x11E7AF8DE9F3C53BA5F700270E383B06, 0x11E7AF8DE9F3C53BA5F700270E383B06, '1.00');
INSERT INTO `sistema_productos` VALUES (0x11E87469D0BB94F39BD600270E383B06, '1529490333', 'VER13302401', 'VERONA CAUCHO TIPO A VINO', '[\"11E8676EAD11B2E6BDE500270E383B06\"]', 0x11E7AF8DDC5D706EA5F700270E383B06, 0x11E7AF8DDC5D706EA5F700270E383B06, '1.00');
INSERT INTO `sistema_productos` VALUES (0x11E87469D0BE3DAB9BD600270E383B06, '1529490333', 'VER13302440', 'VERONA CAUCHO TIPO A VINO', '[\"11E8676EAD11B2E6BDE500270E383B06\"]', 0x11E7AF8DE9F3C53BA5F700270E383B06, 0x11E7AF8DE9F3C53BA5F700270E383B06, '1.00');
INSERT INTO `sistema_productos` VALUES (0x11E87469D0C0B1FD9BD600270E383B06, '1529490333', 'VER13302701', 'VERONA CAUCHO TIPO A FUCSIA OSCURO', '[\"11E8676EAD11B2E6BDE500270E383B06\"]', 0x11E7AF8DDC5D706EA5F700270E383B06, 0x11E7AF8DDC5D706EA5F700270E383B06, '1.00');
INSERT INTO `sistema_productos` VALUES (0x11E87469D0C3507A9BD600270E383B06, '1529490333', 'VER13302740', 'VERONA CAUCHO TIPO A FUCSIA OSCURO', '[\"11E8676EAD11B2E6BDE500270E383B06\"]', 0x11E7AF8DE9F3C53BA5F700270E383B06, 0x11E7AF8DE9F3C53BA5F700270E383B06, '1.00');
INSERT INTO `sistema_productos` VALUES (0x11E87469D0C5DE369BD600270E383B06, '1529490333', 'VER13302901', 'VERONA CAUCHO TIPO A FUCSIA CLARO', '[\"11E8676EAD11B2E6BDE500270E383B06\"]', 0x11E7AF8DDC5D706EA5F700270E383B06, 0x11E7AF8DDC5D706EA5F700270E383B06, '1.00');
INSERT INTO `sistema_productos` VALUES (0x11E87469D0C865349BD600270E383B06, '1529490333', 'VER13302940', 'VERONA CAUCHO TIPO A FUCSIA CLARO', '[\"11E8676EAD11B2E6BDE500270E383B06\"]', 0x11E7AF8DE9F3C53BA5F700270E383B06, 0x11E7AF8DE9F3C53BA5F700270E383B06, '1.00');
INSERT INTO `sistema_productos` VALUES (0x11E87469D0CADB419BD600270E383B06, '1529490333', 'VER13301401', 'VERONA CAUCHO TIPO A ROSA CLARO', '[\"11E8676EAD11B2E6BDE500270E383B06\"]', 0x11E7AF8DDC5D706EA5F700270E383B06, 0x11E7AF8DDC5D706EA5F700270E383B06, '1.00');
INSERT INTO `sistema_productos` VALUES (0x11E87469D0CD7F9D9BD600270E383B06, '1529490333', 'VER13301440', 'VERONA CAUCHO TIPO A ROSA CLARO', '[\"11E8676EAD11B2E6BDE500270E383B06\"]', 0x11E7AF8DE9F3C53BA5F700270E383B06, 0x11E7AF8DE9F3C53BA5F700270E383B06, '1.00');
INSERT INTO `sistema_productos` VALUES (0x11E87469D0CFF4B99BD600270E383B06, '1529490333', 'VER13301501', 'VERONA CAUCHO TIPO A ROSA BEBE', '[\"11E8676EAD11B2E6BDE500270E383B06\"]', 0x11E7AF8DDC5D706EA5F700270E383B06, 0x11E7AF8DDC5D706EA5F700270E383B06, '1.00');
INSERT INTO `sistema_productos` VALUES (0x11E87469D0D297369BD600270E383B06, '1529490333', 'VER13301540', 'VERONA CAUCHO TIPO A ROSA BEBE', '[\"11E8676EAD11B2E6BDE500270E383B06\"]', 0x11E7AF8DE9F3C53BA5F700270E383B06, 0x11E7AF8DE9F3C53BA5F700270E383B06, '1.00');
INSERT INTO `sistema_productos` VALUES (0x11E87469D0D505819BD600270E383B06, '1529490333', 'VER13301601', 'VERONA CAUCHO TIPO A SALMON', '[\"11E8676EAD11B2E6BDE500270E383B06\"]', 0x11E7AF8DDC5D706EA5F700270E383B06, 0x11E7AF8DDC5D706EA5F700270E383B06, '1.00');
INSERT INTO `sistema_productos` VALUES (0x11E87469D0D7A8779BD600270E383B06, '1529490333', 'VER13301640', 'VERONA CAUCHO TIPO A SALMON', '[\"11E8676EAD11B2E6BDE500270E383B06\"]', 0x11E7AF8DE9F3C53BA5F700270E383B06, 0x11E7AF8DE9F3C53BA5F700270E383B06, '1.00');
INSERT INTO `sistema_productos` VALUES (0x11E87469D0DA19849BD600270E383B06, '1529490333', 'VER13301701', 'VERONA CAUCHO TIPO A ALBARICOQUE', '[\"11E8676EAD11B2E6BDE500270E383B06\"]', 0x11E7AF8DDC5D706EA5F700270E383B06, 0x11E7AF8DDC5D706EA5F700270E383B06, '1.00');
INSERT INTO `sistema_productos` VALUES (0x11E87469D0DCC5769BD600270E383B06, '1529490333', 'VER13301740', 'VERONA CAUCHO TIPO A ALBARICOQUE', '[\"11E8676EAD11B2E6BDE500270E383B06\"]', 0x11E7AF8DE9F3C53BA5F700270E383B06, 0x11E7AF8DE9F3C53BA5F700270E383B06, '1.00');
INSERT INTO `sistema_productos` VALUES (0x11E87469D0DF3D5E9BD600270E383B06, '1529490333', 'VER13301801', 'VERONA CAUCHO TIPO A AZUL BEBE', '[\"11E8676EAD11B2E6BDE500270E383B06\"]', 0x11E7AF8DDC5D706EA5F700270E383B06, 0x11E7AF8DDC5D706EA5F700270E383B06, '1.00');
INSERT INTO `sistema_productos` VALUES (0x11E87469D0E2DEFA9BD600270E383B06, '1529490333', 'VER13301840', 'VERONA CAUCHO TIPO A AZUL BEBE', '[\"11E8676EAD11B2E6BDE500270E383B06\"]', 0x11E7AF8DE9F3C53BA5F700270E383B06, 0x11E7AF8DE9F3C53BA5F700270E383B06, '1.00');
INSERT INTO `sistema_productos` VALUES (0x11E87469D0E861B79BD600270E383B06, '1529490333', 'VER13303001', 'VERONA CAUCHO TIPO A AZUL CIELO', '[\"11E8676EAD11B2E6BDE500270E383B06\"]', 0x11E7AF8DDC5D706EA5F700270E383B06, 0x11E7AF8DDC5D706EA5F700270E383B06, '1.00');
INSERT INTO `sistema_productos` VALUES (0x11E87469D0EC06749BD600270E383B06, '1529490333', 'VER13303040', 'VERONA CAUCHO TIPO A AZUL CIELO', '[\"11E8676EAD11B2E6BDE500270E383B06\"]', 0x11E7AF8DE9F3C53BA5F700270E383B06, 0x11E7AF8DE9F3C53BA5F700270E383B06, '1.00');
INSERT INTO `sistema_productos` VALUES (0x11E87469D0EE76939BD600270E383B06, '1529490333', 'VER13301901', 'VERONA CAUCHO TIPO A AZUL CELESTE', '[\"11E8676EAD11B2E6BDE500270E383B06\"]', 0x11E7AF8DDC5D706EA5F700270E383B06, 0x11E7AF8DDC5D706EA5F700270E383B06, '1.00');
INSERT INTO `sistema_productos` VALUES (0x11E87469D0F3A9509BD600270E383B06, '1529490333', 'VER13301940', 'VERONA CAUCHO TIPO A AZUL CELESTE', '[\"11E8676EAD11B2E6BDE500270E383B06\"]', 0x11E7AF8DE9F3C53BA5F700270E383B06, 0x11E7AF8DE9F3C53BA5F700270E383B06, '1.00');
INSERT INTO `sistema_productos` VALUES (0x11E87469D0F8B0569BD600270E383B06, '1529490333', 'VER13303101', 'VERONA CAUCHO TIPO A AZUL REY', '[\"11E8676EAD11B2E6BDE500270E383B06\"]', 0x11E7AF8DDC5D706EA5F700270E383B06, 0x11E7AF8DDC5D706EA5F700270E383B06, '1.00');
INSERT INTO `sistema_productos` VALUES (0x11E87469D0FDDA3C9BD600270E383B06, '1529490333', 'VER13303140', 'VERONA CAUCHO TIPO A AZUL REY', '[\"11E8676EAD11B2E6BDE500270E383B06\"]', 0x11E7AF8DE9F3C53BA5F700270E383B06, 0x11E7AF8DE9F3C53BA5F700270E383B06, '1.00');
INSERT INTO `sistema_productos` VALUES (0x11E87469D10594EF9BD600270E383B06, '1529490333', 'VER13303201', 'VERONA CAUCHO TIPO A VERDE AZULADO', '[\"11E8676EAD11B2E6BDE500270E383B06\"]', 0x11E7AF8DDC5D706EA5F700270E383B06, 0x11E7AF8DDC5D706EA5F700270E383B06, '1.00');
INSERT INTO `sistema_productos` VALUES (0x11E87469D109418F9BD600270E383B06, '1529490333', 'VER13303240', 'VERONA CAUCHO TIPO A VERDE AZULADO', '[\"11E8676EAD11B2E6BDE500270E383B06\"]', 0x11E7AF8DDC5D706EA5F700270E383B06, 0x11E7AF8DDC5D706EA5F700270E383B06, '1.00');
INSERT INTO `sistema_productos` VALUES (0x11E87469D10BB41F9BD600270E383B06, '1529490333', 'VER13303301', 'VERONA CAUCHO TIPO A AMARILLO LIMON', '[\"11E8676EAD11B2E6BDE500270E383B06\"]', 0x11E7AF8DDC5D706EA5F700270E383B06, 0x11E7AF8DDC5D706EA5F700270E383B06, '1.00');
INSERT INTO `sistema_productos` VALUES (0x11E87469D10E5B329BD600270E383B06, '1529490333', 'VER13303340', 'VERONA CAUCHO TIPO A AMARILLO LIMON', '[\"11E8676EAD11B2E6BDE500270E383B06\"]', 0x11E7AF8DE9F3C53BA5F700270E383B06, 0x11E7AF8DE9F3C53BA5F700270E383B06, '1.00');
INSERT INTO `sistema_productos` VALUES (0x11E87469D110D11A9BD600270E383B06, '1529490333', 'VER13303401', 'VERONA CAUCHO TIPO A VERDE GRAMA-HOJA', '[\"11E8676EAD11B2E6BDE500270E383B06\"]', 0x11E7AF8DDC5D706EA5F700270E383B06, 0x11E7AF8DDC5D706EA5F700270E383B06, '1.00');
INSERT INTO `sistema_productos` VALUES (0x11E87469D11370329BD600270E383B06, '1529490333', 'VER13303440', 'VERONA CAUCHO TIPO A VERDE GRAMA-HOJA', '[\"11E8676EAD11B2E6BDE500270E383B06\"]', 0x11E7AF8DE9F3C53BA5F700270E383B06, 0x11E7AF8DE9F3C53BA5F700270E383B06, '1.00');
INSERT INTO `sistema_productos` VALUES (0x11E87469D115E1BE9BD600270E383B06, '1529490333', 'VER13303601', 'VERONA CAUCHO TIPO A OSTRA ARADO', '[\"11E8676EAD11B2E6BDE500270E383B06\"]', 0x11E7AF8DDC5D706EA5F700270E383B06, 0x11E7AF8DDC5D706EA5F700270E383B06, '1.00');
INSERT INTO `sistema_productos` VALUES (0x11E87469D11BBEEF9BD600270E383B06, '1529490333', 'VER13303640', 'VERONA CAUCHO TIPO A OSTRA ARADO', '[\"11E8676EAD11B2E6BDE500270E383B06\"]', 0x11E7AF8DE9F3C53BA5F700270E383B06, 0x11E7AF8DE9F3C53BA5F700270E383B06, '1.00');
INSERT INTO `sistema_productos` VALUES (0x11E87469D12842BC9BD600270E383B06, '1529490333', 'VER13302001', 'VERONA CAUCHO TIPO A VERDE MOHO (OLIVO)', '[\"11E8676EAD11B2E6BDE500270E383B06\"]', 0x11E7AF8DDC5D706EA5F700270E383B06, 0x11E7AF8DDC5D706EA5F700270E383B06, '1.00');
INSERT INTO `sistema_productos` VALUES (0x11E87469D136F5A49BD600270E383B06, '1529490333', 'VER13302040', 'VERONA CAUCHO TIPO A VERDE MOHO (OLIVO)', '[\"11E8676EAD11B2E6BDE500270E383B06\"]', 0x11E7AF8DE9F3C53BA5F700270E383B06, 0x11E7AF8DE9F3C53BA5F700270E383B06, '1.00');
INSERT INTO `sistema_productos` VALUES (0x11E87469D13985479BD600270E383B06, '1529490333', 'VER13302501', 'VERONA CAUCHO TIPO A VERDE MANZANA', '[\"11E8676EAD11B2E6BDE500270E383B06\"]', 0x11E7AF8DDC5D706EA5F700270E383B06, 0x11E7AF8DDC5D706EA5F700270E383B06, '1.00');
INSERT INTO `sistema_productos` VALUES (0x11E87469D13DAB159BD600270E383B06, '1529490333', 'VER13302540', 'VERONA CAUCHO TIPO A VERDE MANZANA', '[\"11E8676EAD11B2E6BDE500270E383B06\"]', 0x11E7AF8DE9F3C53BA5F700270E383B06, 0x11E7AF8DE9F3C53BA5F700270E383B06, '1.00');
INSERT INTO `sistema_productos` VALUES (0x11E87469D14CA29E9BD600270E383B06, '1529490334', 'VER13302101', 'VERONA CAUCHO TIPO A VERDE CASCADA', '[\"11E8676EAD11B2E6BDE500270E383B06\"]', 0x11E7AF8DDC5D706EA5F700270E383B06, 0x11E7AF8DDC5D706EA5F700270E383B06, '1.00');
INSERT INTO `sistema_productos` VALUES (0x11E87469D151A6B09BD600270E383B06, '1529490334', 'VER13302140', 'VERONA CAUCHO TIPO A VERDE CASCADA', '[\"11E8676EAD11B2E6BDE500270E383B06\"]', 0x11E7AF8DE9F3C53BA5F700270E383B06, 0x11E7AF8DE9F3C53BA5F700270E383B06, '1.00');
INSERT INTO `sistema_productos` VALUES (0x11E87469D1544A599BD600270E383B06, '1529490334', 'VER13302201', 'VERONA CAUCHO TIPO A VERDE BEBE', '[\"11E8676EAD11B2E6BDE500270E383B06\"]', 0x11E7AF8DDC5D706EA5F700270E383B06, 0x11E7AF8DDC5D706EA5F700270E383B06, '1.00');
INSERT INTO `sistema_productos` VALUES (0x11E87469D156C1069BD600270E383B06, '1529490334', 'VER13301840', 'VERONA CAUCHO TIPO A VERDE BEBE', '[\"11E8676EAD11B2E6BDE500270E383B06\"]', 0x11E7AF8DE9F3C53BA5F700270E383B06, 0x11E7AF8DE9F3C53BA5F700270E383B06, '1.00');
INSERT INTO `sistema_productos` VALUES (0x11E87469D159637D9BD600270E383B06, '1529490334', 'VER13302301', 'VERONA CAUCHO TIPO A LILA', '[\"11E8676EAD11B2E6BDE500270E383B06\"]', 0x11E7AF8DDC5D706EA5F700270E383B06, 0x11E7AF8DDC5D706EA5F700270E383B06, '1.00');
INSERT INTO `sistema_productos` VALUES (0x11E87469D15BD0189BD600270E383B06, '1529490334', 'VER13302340', 'VERONA CAUCHO TIPO A LILA', '[\"11E8676EAD11B2E6BDE500270E383B06\"]', 0x11E7AF8DE9F3C53BA5F700270E383B06, 0x11E7AF8DE9F3C53BA5F700270E383B06, '1.00');
INSERT INTO `sistema_productos` VALUES (0x11E87469D15E81549BD600270E383B06, '1529490334', 'VER13303501', 'VERONA CAUCHO TIPO A LAVANDA', '[\"11E8676EAD11B2E6BDE500270E383B06\"]', 0x11E7AF8DDC5D706EA5F700270E383B06, 0x11E7AF8DDC5D706EA5F700270E383B06, '1.00');
INSERT INTO `sistema_productos` VALUES (0x11E87469D160F2439BD600270E383B06, '1529490334', 'VER13303540', 'VERONA CAUCHO TIPO A LAVANDA', '[\"11E8676EAD11B2E6BDE500270E383B06\"]', 0x11E7AF8DE9F3C53BA5F700270E383B06, 0x11E7AF8DE9F3C53BA5F700270E383B06, '1.00');
INSERT INTO `sistema_productos` VALUES (0x11E87469D16442DC9BD600270E383B06, '1529490334', 'VER13301101', 'VERONA CAUCHO TIPO A CHOCOLATE', '[\"11E8676EAD11B2E6BDE500270E383B06\"]', 0x11E7AF8DDC5D706EA5F700270E383B06, 0x11E7AF8DDC5D706EA5F700270E383B06, '1.00');
INSERT INTO `sistema_productos` VALUES (0x11E87469D168B9979BD600270E383B06, '1529490334', 'VER13301140', 'VERONA CAUCHO TIPO A CHOCOLATE', '[\"11E8676EAD11B2E6BDE500270E383B06\"]', 0x11E7AF8DE9F3C53BA5F700270E383B06, 0x11E7AF8DE9F3C53BA5F700270E383B06, '1.00');
INSERT INTO `sistema_productos` VALUES (0x11E87469D16C6F2C9BD600270E383B06, '1529490334', 'VER13301201', 'VERONA CAUCHO TIPO A CANELA', '[\"11E8676EAD11B2E6BDE500270E383B06\"]', 0x11E7AF8DDC5D706EA5F700270E383B06, 0x11E7AF8DDC5D706EA5F700270E383B06, '1.00');
INSERT INTO `sistema_productos` VALUES (0x11E87469D173552A9BD600270E383B06, '1529490334', 'VER13301240', 'VERONA CAUCHO TIPO A CANELA', '[\"11E8676EAD11B2E6BDE500270E383B06\"]', 0x11E7AF8DE9F3C53BA5F700270E383B06, 0x11E7AF8DE9F3C53BA5F700270E383B06, '1.00');
INSERT INTO `sistema_productos` VALUES (0x11E87469D1769C989BD600270E383B06, '1529490334', 'MRM01', 'RESINA MEDIA AL 35%', '[\"11E8676EAD11B2E6BDE500270E383B06\"]', 0x11E7A90D43325DA68A4800E04C6F7E24, 0x11E7A90D43325DA68A4800E04C6F7E24, '1.00');
INSERT INTO `sistema_productos` VALUES (0x11E87469D179154D9BD600270E383B06, '1529490334', 'MRL01', 'RESINA LARGA DE SOYA AL 70%', '[\"11E8676EAD11B2E6BDE500270E383B06\"]', 0x11E7A90D43325DA68A4800E04C6F7E24, 0x11E7A90D43325DA68A4800E04C6F7E24, '1.00');
INSERT INTO `sistema_productos` VALUES (0x11E87469D17BA25D9BD600270E383B06, '1529490334', 'MESP01', 'CELLOCIZE QP 100', '[\"11E8676EAD11B2E6BDE500270E383B06\"]', 0x11E7AF8A08F0A02CA5F700270E383B06, 0x11E7AF8A08F0A02CA5F700270E383B06, '1.00');
INSERT INTO `sistema_productos` VALUES (0x11E87469D17E2CF49BD600270E383B06, '1529490334', 'MSP01', 'LEAD DRIER', '[\"11E8676EAD11B2E6BDE500270E383B06\"]', 0x11E7A90D43325DA68A4800E04C6F7E24, 0x11E7A90D43325DA68A4800E04C6F7E24, '1.00');
INSERT INTO `sistema_productos` VALUES (0x11E87469D180BA259BD600270E383B06, '1529490334', 'MSC01', 'OCTOATE COBALT AL 10 %', '[\"11E8676EAD11B2E6BDE500270E383B06\"]', 0x11E7A90D43325DA68A4800E04C6F7E24, 0x11E7A90D43325DA68A4800E04C6F7E24, '1.00');
INSERT INTO `sistema_productos` VALUES (0x11E87469D1833F689BD600270E383B06, '1529490334', 'MSCIO01', 'OCTOATE CALCIUM AL 10%', '[\"11E8676EAD11B2E6BDE500270E383B06\"]', 0x11E7A90D43325DA68A4800E04C6F7E24, 0x11E7A90D43325DA68A4800E04C6F7E24, '1.00');
INSERT INTO `sistema_productos` VALUES (0x11E87469D185CFD79BD600270E383B06, '1529490334', 'MD01', 'DENSIPOL', '[\"11E8676EAD11B2E6BDE500270E383B06\"]', 0x11E7AF8A08F0A02CA5F700270E383B06, 0x11E7AF8A08F0A02CA5F700270E383B06, '1.00');
INSERT INTO `sistema_productos` VALUES (0x11E87469D18AF7B59BD600270E383B06, '1529490334', 'MV01', 'VISCOGEL ED', '[\"11E8676EAD11B2E6BDE500270E383B06\"]', 0x11E7AF8A08F0A02CA5F700270E383B06, 0x11E7AF8A08F0A02CA5F700270E383B06, '1.00');
INSERT INTO `sistema_productos` VALUES (0x11E87469D18D70809BD600270E383B06, '1529490334', 'MRE01', 'RESINA ESTIRENO ACRILICA', '[\"11E8676EAD11B2E6BDE500270E383B06\"]', 0x11E7AF8A08F0A02CA5F700270E383B06, 0x11E7AF8A08F0A02CA5F700270E383B06, '1.00');
INSERT INTO `sistema_productos` VALUES (0x11E87469D18FFBEF9BD600270E383B06, '1529490334', 'MCC01', 'CARBONATO DE CALCIO NIGTA 1 625', '[\"11E8676EAD11B2E6BDE500270E383B06\"]', 0x11E7AF8A08F0A02CA5F700270E383B06, 0x11E7AF8A08F0A02CA5F700270E383B06, '1.00');
INSERT INTO `sistema_productos` VALUES (0x11E87469D19287E99BD600270E383B06, '1529490334', 'MB01', 'BIOPOL F1 L1', '[\"11E8676EAD11B2E6BDE500270E383B06\"]', 0x11E7AF8A08F0A02CA5F700270E383B06, 0x11E7AF8A165DB218A5F700270E383B06, '1.00');
INSERT INTO `sistema_productos` VALUES (0x11E87469D19510B49BD600270E383B06, '1529490334', 'MPA01', 'PASTA ALUMINIO', '[\"11E8676EAD11B2E6BDE500270E383B06\"]', 0x11E7A90D43325DA68A4800E04C6F7E24, 0x11E7A90D43325DA68A4800E04C6F7E24, '1.00');
INSERT INTO `sistema_productos` VALUES (0x11E87469D1979EE59BD600270E383B06, '1529490334', 'MAD01', 'ARPOL A445', '[\"11E8676EAD11B2E6BDE500270E383B06\"]', 0x11E7AF8A165DB218A5F700270E383B06, 0x11E7AF8A165DB218A5F700270E383B06, '1.00');
INSERT INTO `sistema_productos` VALUES (0x11E87469D19A27039BD600270E383B06, '1529490334', 'MESP01', 'MECELLOZE', '[\"11E8676EAD11B2E6BDE500270E383B06\"]', 0x11E7A90D43325DA68A4800E04C6F7E24, 0x11E7A90D43325DA68A4800E04C6F7E24, '1.00');
INSERT INTO `sistema_productos` VALUES (0x11E87469D19CB5269BD600270E383B06, '1529490334', 'MCLIN01', 'CAOLIN NACIONAL LARA 400', '[\"11E8676EAD11B2E6BDE500270E383B06\"]', 0x11E7AF8A08F0A02CA5F700270E383B06, 0x11E7AF8A165DB218A5F700270E383B06, '1.00');
INSERT INTO `sistema_productos` VALUES (0x11E87469D19F3D539BD600270E383B06, '1529490334', 'MCLINIMP01', 'CAOLIN IMPORTADO BLANCO 400', '[\"11E8676EAD11B2E6BDE500270E383B06\"]', 0x11E7AF8A08F0A02CA5F700270E383B06, 0x11E7AF8A165DB218A5F700270E383B06, '1.00');
INSERT INTO `sistema_productos` VALUES (0x11E87469D1A1CB2C9BD600270E383B06, '1529490334', 'MCABSI01', 'CARBONATO DE CALCIO ABSI', '[\"11E8676EAD11B2E6BDE500270E383B06\"]', 0x11E7AF8A08F0A02CA5F700270E383B06, 0x11E7AF8A165DB218A5F700270E383B06, '1.00');
INSERT INTO `sistema_productos` VALUES (0x11E87469D1A453909BD600270E383B06, '1529490334', 'MCN01', 'CARBONATO DE CALCIO NACIONAL M400', '[\"11E8676EAD11B2E6BDE500270E383B06\"]', 0x11E7AF8A08F0A02CA5F700270E383B06, 0x11E7AF8A165DB218A5F700270E383B06, '1.00');
INSERT INTO `sistema_productos` VALUES (0x11E87469D1A6E7339BD600270E383B06, '1529490334', 'MCN27001', 'CARBONATO DE CALCIO NACIONAL MICROCARIBE N270', '[\"11E8676EAD11B2E6BDE500270E383B06\"]', 0x11E7AF8A08F0A02CA5F700270E383B06, 0x11E7AF8A165DB218A5F700270E383B06, '1.00');
INSERT INTO `sistema_productos` VALUES (0x11E87469D1A963B89BD600270E383B06, '1529490334', 'MCMN6001', 'CARBONATO DE CALCIO NACIONAL MICRO N60', '[\"11E8676EAD11B2E6BDE500270E383B06\"]', 0x11E7AF8A08F0A02CA5F700270E383B06, 0x11E7AF8A165DB218A5F700270E383B06, '1.00');
INSERT INTO `sistema_productos` VALUES (0x11E87469D1ADD0899BD600270E383B06, '1529490334', 'MCN60001', 'CARBONATO DE CALCIO NACIONAL MICRO CARIBE N600', '[\"11E8676EAD11B2E6BDE500270E383B06\"]', 0x11E7AF8A08F0A02CA5F700270E383B06, 0x11E7AF8A165DB218A5F700270E383B06, '1.00');
INSERT INTO `sistema_productos` VALUES (0x11E87469D1B4E2F59BD600270E383B06, '1529490334', 'MB2401', 'BENTONE 24', '[\"11E8676EAD11B2E6BDE500270E383B06\"]', 0x11E7AF8A165DB218A5F700270E383B06, 0x11E7AF8A165DB218A5F700270E383B06, '1.00');
INSERT INTO `sistema_productos` VALUES (0x11E87469D1BA008A9BD600270E383B06, '1529490334', 'MHBA01', 'HBA 750', '[\"11E8676EAD11B2E6BDE500270E383B06\"]', 0x11E7A90D43325DA68A4800E04C6F7E24, 0x11E7A90D43325DA68A4800E04C6F7E24, '1.00');
INSERT INTO `sistema_productos` VALUES (0x11E87469D1BC82C99BD600270E383B06, '1529490334', 'MF01', 'FALAMINE PLUS', '[\"11E8676EAD11B2E6BDE500270E383B06\"]', 0x11E7A90D43325DA68A4800E04C6F7E24, 0x11E7A90D43325DA68A4800E04C6F7E24, '1.00');
INSERT INTO `sistema_productos` VALUES (0x11E87469D1C2E3AC9BD600270E383B06, '1529490334', 'MRUE01', 'ROPAQUE ULTA E', '[\"11E8676EAD11B2E6BDE500270E383B06\"]', 0x11E7A90D43325DA68A4800E04C6F7E24, 0x11E7A90D43325DA68A4800E04C6F7E24, '1.00');
INSERT INTO `sistema_productos` VALUES (0x11E87469D1CA95169BD600270E383B06, '1529490334', 'MX01', 'XILENO', '[\"11E8676EAD11B2E6BDE500270E383B06\"]', 0x11E7AF8A08F0A02CA5F700270E383B06, 0x11E7AF8A08F0A02CA5F700270E383B06, '1.00');
INSERT INTO `sistema_productos` VALUES (0x11E87469D1CD169F9BD600270E383B06, '1529490334', 'MMEG01', 'MONOETILENGLICOL', '[\"11E8676EAD11B2E6BDE500270E383B06\"]', 0x11E7A90D43325DA68A4800E04C6F7E24, 0x11E7A90D43325DA68A4800E04C6F7E24, '1.00');
INSERT INTO `sistema_productos` VALUES (0x11E87469D1D0C8BF9BD600270E383B06, '1529490334', 'MGB01', 'GASOLINA BLANCA', '[\"11E8676EAD11B2E6BDE500270E383B06\"]', 0x11E7A90D43325DA68A4800E04C6F7E24, 0x11E7A90D43325DA68A4800E04C6F7E24, '1.00');
INSERT INTO `sistema_productos` VALUES (0x11E87469D1D35AE89BD600270E383B06, '1529490334', 'MU01', 'ULTRANEX NONIL FENOL 10 MOLES', '[\"11E8676EAD11B2E6BDE500270E383B06\"]', 0x11E7A90D43325DA68A4800E04C6F7E24, 0x11E7A90D43325DA68A4800E04C6F7E24, '1.00');
INSERT INTO `sistema_productos` VALUES (0x11E87469D1D788169BD600270E383B06, '1529490335', 'MPZ01', 'PHOSFATO DE ZINC', '[\"11E8676EAD11B2E6BDE500270E383B06\"]', 0x11E7A90D43325DA68A4800E04C6F7E24, 0x11E7A90D43325DA68A4800E04C6F7E24, '1.00');
INSERT INTO `sistema_productos` VALUES (0x11E87469D1E31C989BD600270E383B06, '1529490335', 'MSH01', 'SODIUM HEXAPHOSFATO', '[\"11E8676EAD11B2E6BDE500270E383B06\"]', 0x11E7AF8A08F0A02CA5F700270E383B06, 0x11E7AF8A08F0A02CA5F700270E383B06, '1.00');
INSERT INTO `sistema_productos` VALUES (0x11E87469D1EE12239BD600270E383B06, '1529490335', 'MP01', 'PROMEX CHS53', '[\"11E8676EAD11B2E6BDE500270E383B06\"]', 0x11E7A90D43325DA68A4800E04C6F7E24, 0x11E7A90D43325DA68A4800E04C6F7E24, '1.00');
INSERT INTO `sistema_productos` VALUES (0x11E87469D1F7DCA29BD600270E383B06, '1529490335', 'MB01', 'BIOCIDE', '[\"11E8676EAD11B2E6BDE500270E383B06\"]', 0x11E7AF8A08F0A02CA5F700270E383B06, 0x11E7AF8A165DB218A5F700270E383B06, '1.00');
INSERT INTO `sistema_productos` VALUES (0x11E87469D2064B139BD600270E383B06, '1529490335', 'MT01', 'TERGITOL', '[\"11E8676EAD11B2E6BDE500270E383B06\"]', 0x11E7AF8A08F0A02CA5F700270E383B06, 0x11E7AF8A08F0A02CA5F700270E383B06, '1.00');
INSERT INTO `sistema_productos` VALUES (0x11E87469D208C75E9BD600270E383B06, '1529490335', 'MIBT01', 'IBT TEXANOL', '[\"11E8676EAD11B2E6BDE500270E383B06\"]', 0x11E7A90D43325DA68A4800E04C6F7E24, 0x11E7A90D43325DA68A4800E04C6F7E24, '1.00');
INSERT INTO `sistema_productos` VALUES (0x11E87469D20B5AB39BD600270E383B06, '1529490335', 'MO01', 'OROTAN', '[\"11E8676EAD11B2E6BDE500270E383B06\"]', 0x11E7A90D43325DA68A4800E04C6F7E24, 0x11E7A90D43325DA68A4800E04C6F7E24, '1.00');
INSERT INTO `sistema_productos` VALUES (0x11E87469D20DDDA29BD600270E383B06, '1529490335', 'MN01', 'NOUPERSE 757', '[\"11E8676EAD11B2E6BDE500270E383B06\"]', 0x11E7A90D43325DA68A4800E04C6F7E24, 0x11E7A90D43325DA68A4800E04C6F7E24, '1.00');
INSERT INTO `sistema_productos` VALUES (0x11E87469D21070A09BD600270E383B06, '1529490335', 'MPY01', 'PIGMENTO SUDADUR 12 YELLOW 1222C/15-285', '[\"11E8676EAD11B2E6BDE500270E383B06\"]', 0x11E7A90D43325DA68A4800E04C6F7E24, 0x11E7A90D43325DA68A4800E04C6F7E24, '1.00');
INSERT INTO `sistema_productos` VALUES (0x11E87469D212F7969BD600270E383B06, '1529490335', 'MPN01', 'PIGMENTO NEGRO BEN HUMUS', '[\"11E8676EAD11B2E6BDE500270E383B06\"]', 0x11E7A90D43325DA68A4800E04C6F7E24, 0x11E7A90D43325DA68A4800E04C6F7E24, '1.00');
INSERT INTO `sistema_productos` VALUES (0x11E87469D215902A9BD600270E383B06, '1529490335', 'MPR01', 'PIGMENTO ROJO 417', '[\"11E8676EAD11B2E6BDE500270E383B06\"]', 0x11E7A90D43325DA68A4800E04C6F7E24, 0x11E7A90D43325DA68A4800E04C6F7E24, '1.00');
INSERT INTO `sistema_productos` VALUES (0x11E87469D2180B369BD600270E383B06, '1529490335', 'MIR01', 'IRON RED 190', '[\"11E8676EAD11B2E6BDE500270E383B06\"]', 0x11E7A90D43325DA68A4800E04C6F7E24, 0x11E7A90D43325DA68A4800E04C6F7E24, '1.00');
INSERT INTO `sistema_productos` VALUES (0x11E87469D21AA15C9BD600270E383B06, '1529490335', 'MIR01', 'IRON RED 130', '[\"11E8676EAD11B2E6BDE500270E383B06\"]', 0x11E7A90D43325DA68A4800E04C6F7E24, 0x11E7A90D43325DA68A4800E04C6F7E24, '1.00');
INSERT INTO `sistema_productos` VALUES (0x11E87469D21D1F8A9BD600270E383B06, '1529490335', 'MIV701', 'IRON VERDE 7', '[\"11E8676EAD11B2E6BDE500270E383B06\"]', 0x11E7A90D43325DA68A4800E04C6F7E24, 0x11E7A90D43325DA68A4800E04C6F7E24, '1.00');
INSERT INTO `sistema_productos` VALUES (0x11E87469D220424C9BD600270E383B06, '1529490335', 'MCB01', 'CARBON BLACK', '[\"11E8676EAD11B2E6BDE500270E383B06\"]', 0x11E7AF8A08F0A02CA5F700270E383B06, 0x11E7AF8A165DB218A5F700270E383B06, '1.00');
INSERT INTO `sistema_productos` VALUES (0x11E87469D224C1AB9BD600270E383B06, '1529490335', 'MIO01', 'IRON ORANGE', '[\"11E8676EAD11B2E6BDE500270E383B06\"]', 0x11E7A90D43325DA68A4800E04C6F7E24, 0x11E7A90D43325DA68A4800E04C6F7E24, '1.00');
INSERT INTO `sistema_productos` VALUES (0x11E87469D2287F149BD600270E383B06, '1529490335', 'MIB37001', 'IRON BLACK 370DC', '[\"11E8676EAD11B2E6BDE500270E383B06\"]', 0x11E7A90D43325DA68A4800E04C6F7E24, 0x11E7A90D43325DA68A4800E04C6F7E24, '1.00');
INSERT INTO `sistema_productos` VALUES (0x11E87469D22B18699BD600270E383B06, '1529490335', 'MIM01', 'IRON MARRON 660', '[\"11E8676EAD11B2E6BDE500270E383B06\"]', 0x11E7A90D43325DA68A4800E04C6F7E24, 0x11E7A90D43325DA68A4800E04C6F7E24, '1.00');
INSERT INTO `sistema_productos` VALUES (0x11E87469D22EDA4B9BD600270E383B06, '1529490335', 'MIM61001', 'IRON MARRON 610', '[\"11E8676EAD11B2E6BDE500270E383B06\"]', 0x11E7A90D43325DA68A4800E04C6F7E24, 0x11E7A90D43325DA68A4800E04C6F7E24, '1.00');
INSERT INTO `sistema_productos` VALUES (0x11E87469D23179869BD600270E383B06, '1529490335', 'MIM68601', 'IRON MARRON 686', '[\"11E8676EAD11B2E6BDE500270E383B06\"]', 0x11E7A90D43325DA68A4800E04C6F7E24, 0x11E7A90D43325DA68A4800E04C6F7E24, '1.00');
INSERT INTO `sistema_productos` VALUES (0x11E87469D2353C649BD600270E383B06, '1529490335', 'MIA01', 'IRON AZUL 15:3', '[\"11E8676EAD11B2E6BDE500270E383B06\"]', 0x11E7A90D43325DA68A4800E04C6F7E24, 0x11E7A90D43325DA68A4800E04C6F7E24, '1.00');
INSERT INTO `sistema_productos` VALUES (0x11E87469D237D3709BD600270E383B06, '1529490335', 'MPR11201', 'PIGMENTO ROJO 112', '[\"11E8676EAD11B2E6BDE500270E383B06\"]', 0x11E7A90D43325DA68A4800E04C6F7E24, 0x11E7A90D43325DA68A4800E04C6F7E24, '1.00');
INSERT INTO `sistema_productos` VALUES (0x11E87469D23B932D9BD600270E383B06, '1529490335', 'MTDCA01', 'TINTA DUO COLOR AZUL', '[\"11E8676EAD11B2E6BDE500270E383B06\"]', 0x11E7A90D43325DA68A4800E04C6F7E24, 0x11E7A90D43325DA68A4800E04C6F7E24, '1.00');
INSERT INTO `sistema_productos` VALUES (0x11E87469D23E2DEC9BD600270E383B06, '1529490335', 'MTDCV01', 'TINTA DUO COLOR VERDE', '[\"11E8676EAD11B2E6BDE500270E383B06\"]', 0x11E7A90D43325DA68A4800E04C6F7E24, 0x11E7A90D43325DA68A4800E04C6F7E24, '1.00');
INSERT INTO `sistema_productos` VALUES (0x11E87469D241F1679BD600270E383B06, '1529490335', 'MTDCA01', 'TINTA DUO COLOR AMARILLO', '[\"11E8676EAD11B2E6BDE500270E383B06\"]', 0x11E7A90D43325DA68A4800E04C6F7E24, 0x11E7A90D43325DA68A4800E04C6F7E24, '1.00');
INSERT INTO `sistema_productos` VALUES (0x11E87469D2448F4B9BD600270E383B06, '1529490335', 'MTPA50301', 'TINTA PIGMENTO AZUL 503', '[\"11E8676EAD11B2E6BDE500270E383B06\"]', 0x11E7AF8A08F0A02CA5F700270E383B06, 0x11E7AF8A08F0A02CA5F700270E383B06, '1.00');
INSERT INTO `sistema_productos` VALUES (0x11E87469D24848CA9BD600270E383B06, '1529490335', 'MTON01', 'TINTA OXIDO NARANJA', '[\"11E8676EAD11B2E6BDE500270E383B06\"]', 0x11E7AF8A08F0A02CA5F700270E383B06, 0x11E7AF8A08F0A02CA5F700270E383B06, '1.00');
INSERT INTO `sistema_productos` VALUES (0x11E87469D24AE8029BD600270E383B06, '1529490335', 'MTO68601', 'TINTA OXIDO 686', '[\"11E8676EAD11B2E6BDE500270E383B06\"]', 0x11E7AF8A08F0A02CA5F700270E383B06, 0x11E7AF8A08F0A02CA5F700270E383B06, '1.00');
INSERT INTO `sistema_productos` VALUES (0x11E87469D24EA8B49BD600270E383B06, '1529490335', 'MTPR11201', 'TINTA PIGMENTO ROJO 112', '[\"11E8676EAD11B2E6BDE500270E383B06\"]', 0x11E7A90D43325DA68A4800E04C6F7E24, 0x11E7A90D43325DA68A4800E04C6F7E24, '1.00');
INSERT INTO `sistema_productos` VALUES (0x11E87469D25145779BD600270E383B06, '1529490335', 'MTEN01', 'TINTA ESMALTE NEGRO', '[\"11E8676EAD11B2E6BDE500270E383B06\"]', 0x11E7A90D43325DA68A4800E04C6F7E24, 0x11E7A90D43325DA68A4800E04C6F7E24, '1.00');
INSERT INTO `sistema_productos` VALUES (0x11E87469D255084A9BD600270E383B06, '1529490335', 'MTIB15:301', 'TINTA IMPORTADA BLUE 15:3', '[\"11E8676EAD11B2E6BDE500270E383B06\"]', 0x11E7A90D43325DA68A4800E04C6F7E24, 0x11E7A90D43325DA68A4800E04C6F7E24, '1.00');
INSERT INTO `sistema_productos` VALUES (0x11E87469D2579A5D9BD600270E383B06, '1529490335', 'MTIR11201', 'TINTA IMPORTADA RED 112', '[\"11E8676EAD11B2E6BDE500270E383B06\"]', 0x11E7A90D43325DA68A4800E04C6F7E24, 0x11E7A90D43325DA68A4800E04C6F7E24, '1.00');
INSERT INTO `sistema_productos` VALUES (0x11E87469D25B5E809BD600270E383B06, '1529490335', 'MTI01', 'TINTA IMPORTADA YELLOW', '[\"11E8676EAD11B2E6BDE500270E383B06\"]', 0x11E7A90D43325DA68A4800E04C6F7E24, 0x11E7A90D43325DA68A4800E04C6F7E24, '1.00');
INSERT INTO `sistema_productos` VALUES (0x11E87469D25DFB4B9BD600270E383B06, '1529490335', 'MTOV701', 'TINTA OXIDO VERDE 7', '[\"11E8676EAD11B2E6BDE500270E383B06\"]', 0x11E7A90D43325DA68A4800E04C6F7E24, 0x11E7A90D43325DA68A4800E04C6F7E24, '1.00');
INSERT INTO `sistema_productos` VALUES (0x11E87469D261BCEE9BD600270E383B06, '1529490335', 'MTPA12701', 'TINTA PIGMENTO AMARILLO PTALOCIANINA 127', '[\"11E8676EAD11B2E6BDE500270E383B06\"]', 0x11E7A90D43325DA68A4800E04C6F7E24, 0x11E7A90D43325DA68A4800E04C6F7E24, '1.00');
INSERT INTO `sistema_productos` VALUES (0x11E87469D26457B89BD600270E383B06, '1529490335', 'MTON37001', 'TINTA OXIDO NEGRO 370', '[\"11E8676EAD11B2E6BDE500270E383B06\"]', 0x11E7AF8A08F0A02CA5F700270E383B06, 0x11E7AF8A08F0A02CA5F700270E383B06, '1.00');
INSERT INTO `sistema_productos` VALUES (0x11E87469D2681A4D9BD600270E383B06, '1529490335', 'MTOR13001', 'TINTA OXIDO ROJO 130', '[\"11E8676EAD11B2E6BDE500270E383B06\"]', 0x11E7AF8A08F0A02CA5F700270E383B06, 0x11E7AF8A08F0A02CA5F700270E383B06, '1.00');
INSERT INTO `sistema_productos` VALUES (0x11E87469D26AB5949BD600270E383B06, '1529490335', 'MTO61001', 'TINTA OXIDO 610', '[\"11E8676EAD11B2E6BDE500270E383B06\"]', 0x11E7A90D43325DA68A4800E04C6F7E24, 0x11E7A90D43325DA68A4800E04C6F7E24, '1.00');
INSERT INTO `sistema_productos` VALUES (0x11E87469D2722CA39BD600270E383B06, '1529490335', 'MTO190', 'TINTA OXIDO 190', '[\"11E8676EAD11B2E6BDE500270E383B06\"]', 0x11E7AF8A08F0A02CA5F700270E383B06, 0x11E7AF8A08F0A02CA5F700270E383B06, '1.00');
INSERT INTO `sistema_productos` VALUES (0x11E87469D28A93729BD600270E383B06, '1529490335', 'MTO66001', 'TINTA OXIDO 660', '[\"11E8676EAD11B2E6BDE500270E383B06\"]', 0x11E7AF8A08F0A02CA5F700270E383B06, 0x11E7AF8A08F0A02CA5F700270E383B06, '1.00');
INSERT INTO `sistema_productos` VALUES (0x11E87469D29455549BD600270E383B06, '1529490335', 'MTOO96001', 'TINTA OXIDO ORANGE 960', '[\"11E8676EAD11B2E6BDE500270E383B06\"]', 0x11E7AF8A08F0A02CA5F700270E383B06, 0x11E7AF8A08F0A02CA5F700270E383B06, '1.00');
INSERT INTO `sistema_productos` VALUES (0x11E87469D299CDFE9BD600270E383B06, '1529490335', 'MTPVI01', 'TINTA PIGMENTO VIOLETA IMPORTADO', '[\"11E8676EAD11B2E6BDE500270E383B06\"]', 0x11E7A90D43325DA68A4800E04C6F7E24, 0x11E7A90D43325DA68A4800E04C6F7E24, '1.00');
INSERT INTO `sistema_productos` VALUES (0x11E87469D29C58039BD600270E383B06, '1529490335', 'MV01', 'VARSOL', '[\"11E8676EAD11B2E6BDE500270E383B06\"]', 0x11E7A90D43325DA68A4800E04C6F7E24, 0x11E7A90D43325DA68A4800E04C6F7E24, '1.00');
INSERT INTO `sistema_productos` VALUES (0x11E87469D2A0BA719BD600270E383B06, '1529490336', 'ME4C01', 'ENVASES PLASTICOS DE 4 CUÑETES', '[\"11E8676EAD11B2E6BDE500270E383B06\"]', 0x11E7AF8A08F0A02CA5F700270E383B06, 0x11E7AF8A08F0A02CA5F700270E383B06, '1.00');
INSERT INTO `sistema_productos` VALUES (0x11E87469D2A6D6D59BD600270E383B06, '1529490336', 'ME5C01', 'ENVASES PLASTICOS DE 5 CUÑETES', '[\"11E8676EAD11B2E6BDE500270E383B06\"]', 0x11E7AF8A08F0A02CA5F700270E383B06, 0x11E7AF8A08F0A02CA5F700270E383B06, '1.00');
INSERT INTO `sistema_productos` VALUES (0x11E87469D2AA51549BD600270E383B06, '1529490336', 'MEG01', 'ENVASES PLASTICOS DE GALON', '[\"11E8676EAD11B2E6BDE500270E383B06\"]', 0x11E7AF8A08F0A02CA5F700270E383B06, 0x11E7AF8A08F0A02CA5F700270E383B06, '1.00');
INSERT INTO `sistema_productos` VALUES (0x11E87469D2ACD3059BD600270E383B06, '1529490336', 'MEM1/401', 'ENVASES METALICOS DE 1/4 GALON', '[\"11E8676EAD11B2E6BDE500270E383B06\"]', 0x11E7AF8A08F0A02CA5F700270E383B06, 0x11E7AF8A08F0A02CA5F700270E383B06, '1.00');
INSERT INTO `sistema_productos` VALUES (0x11E87469D2AF63959BD600270E383B06, '1529490336', 'MEMG01', 'ENVASES METALICOS DE GALON', '[\"11E8676EAD11B2E6BDE500270E383B06\"]', 0x11E7AF8A08F0A02CA5F700270E383B06, 0x11E7AF8A08F0A02CA5F700270E383B06, '1.00');
INSERT INTO `sistema_productos` VALUES (0x11E87469D2B1E8EE9BD600270E383B06, '1529490336', 'MEP1/401', 'ENVASES PLASTICOS DE 1/4 GALON', '[\"11E8676EAD11B2E6BDE500270E383B06\"]', 0x11E7AF8A08F0A02CA5F700270E383B06, 0x11E7AF8A08F0A02CA5F700270E383B06, '1.00');
INSERT INTO `sistema_productos` VALUES (0x11E87469D2B479689BD600270E383B06, '1529490336', 'MEV90CC01', 'ENVASES PLASTICOS DE 60CC', '[\"11E8676EAD11B2E6BDE500270E383B06\"]', 0x11E7AF8A08F0A02CA5F700270E383B06, 0x11E7AF8A08F0A02CA5F700270E383B06, '1.00');
INSERT INTO `sistema_productos` VALUES (0x11E87469D2B6FF669BD600270E383B06, '1529490336', 'MEP100CC01', 'ENVASES PLASTICOS DE 90CC', '[\"11E8676EAD11B2E6BDE500270E383B06\"]', 0x11E7AF8A08F0A02CA5F700270E383B06, 0x11E7AF8A08F0A02CA5F700270E383B06, '1.00');
INSERT INTO `sistema_productos` VALUES (0x11E87469D2B990939BD600270E383B06, '1529490336', 'MEP150CC01', 'ENVASES PLASTICOS DE 150CC', '[\"11E8676EAD11B2E6BDE500270E383B06\"]', 0x11E7AF8A08F0A02CA5F700270E383B06, 0x11E7AF8A08F0A02CA5F700270E383B06, '1.00');
INSERT INTO `sistema_productos` VALUES (0x11E87469D2BC17159BD600270E383B06, '1529490336', 'MPECVBC401', 'Etiqueta Caucho Verona Tipo B / Cuñete', '[\"11E8676EAD11B2E6BDE500270E383B06\"]', 0x11E7A90D43325DA68A4800E04C6F7E24, 0x11E7A90D43325DA68A4800E04C6F7E24, '1.00');
INSERT INTO `sistema_productos` VALUES (0x11E87469D2BEA7C29BD600270E383B06, '1529490336', 'MPESVG01', 'Etiqueta Satinado Verona / Galon', '[\"11E8676EAD11B2E6BDE500270E383B06\"]', 0x11E7A90D43325DA68A4800E04C6F7E24, 0x11E7A90D43325DA68A4800E04C6F7E24, '1.00');
INSERT INTO `sistema_productos` VALUES (0x11E87469D2C133F39BD600270E383B06, '1529490336', 'MPEGCV01', 'Etiqueta Grafiado / Cuñete', '[\"11E8676EAD11B2E6BDE500270E383B06\"]', 0x11E7A90D43325DA68A4800E04C6F7E24, 0x11E7A90D43325DA68A4800E04C6F7E24, '1.00');
INSERT INTO `sistema_productos` VALUES (0x11E87469D2C3B9579BD600270E383B06, '1529490336', 'MPEACI01', 'Etiqueta Arados Caucho Interior / Galon', '[\"11E8676EAD11B2E6BDE500270E383B06\"]', 0x11E7AF8A08F0A02CA5F700270E383B06, 0x11E7AF8A08F0A02CA5F700270E383B06, '1.00');
INSERT INTO `sistema_productos` VALUES (0x11E87469D2C6440F9BD600270E383B06, '1529490336', 'MPEACIC01', 'Etiqueta Arados Caucho Interior / Cuñete', '[\"11E8676EAD11B2E6BDE500270E383B06\"]', 0x11E7AF8A08F0A02CA5F700270E383B06, 0x11E7AF8A08F0A02CA5F700270E383B06, '1.00');
INSERT INTO `sistema_productos` VALUES (0x11E87469D2C8D41B9BD600270E383B06, '1529490336', 'MPEEA1/401', 'Etiqueta Esmalte Arados / 1/4 Galon', '[\"11E8676EAD11B2E6BDE500270E383B06\"]', 0x11E7A90D43325DA68A4800E04C6F7E24, 0x11E7A90D43325DA68A4800E04C6F7E24, '1.00');
INSERT INTO `sistema_productos` VALUES (0x11E87469D2CB58549BD600270E383B06, '1529490336', 'MPEEAG01', 'Etiqueta Esmalte Arados / Galon', '[\"11E8676EAD11B2E6BDE500270E383B06\"]', 0x11E7A90D43325DA68A4800E04C6F7E24, 0x11E7A90D43325DA68A4800E04C6F7E24, '1.00');
INSERT INTO `sistema_productos` VALUES (0x11E87469D2CDE6D99BD600270E383B06, '1529490336', 'MPCVAG01', 'Etiqueta Caucho Verona Tipo A / Galon', '[\"11E8676EAD11B2E6BDE500270E383B06\"]', 0x11E7A90D43325DA68A4800E04C6F7E24, 0x11E7A90D43325DA68A4800E04C6F7E24, '1.00');
INSERT INTO `sistema_productos` VALUES (0x11E87469D2D272D29BD600270E383B06, '1529490336', 'MPEADA1/401', 'Etiqueta Arados Fondo Anticorrosivo / 1/4 Galon', '[\"11E8676EAD11B2E6BDE500270E383B06\"]', 0x11E7AF8A08F0A02CA5F700270E383B06, 0x11E7AF8A08F0A02CA5F700270E383B06, '1.00');
INSERT INTO `sistema_productos` VALUES (0x11E87469D2D44B599BD600270E383B06, '1529490336', 'MPEAFAG01', 'Etiqueta Arados Fondo Anticorrosivo / Galon', '[\"11E8676EAD11B2E6BDE500270E383B06\"]', 0x11E7AF8A08F0A02CA5F700270E383B06, 0x11E7AF8A08F0A02CA5F700270E383B06, '1.00');
INSERT INTO `sistema_productos` VALUES (0x11E87469D2D6CD8D9BD600270E383B06, '1529490336', 'MPEFAC01', 'Etiqueta Fondo Antialcalino / Cuñete', '[\"11E8676EAD11B2E6BDE500270E383B06\"]', 0x11E7A90D43325DA68A4800E04C6F7E24, 0x11E7A90D43325DA68A4800E04C6F7E24, '1.00');
INSERT INTO `sistema_productos` VALUES (0x11E87469D2D95B2C9BD600270E383B06, '1529490336', 'MPETC01', 'Etiqueta Trafico / Cuñete', '[\"11E8676EAD11B2E6BDE500270E383B06\"]', 0x11E7A90D43325DA68A4800E04C6F7E24, 0x11E7A90D43325DA68A4800E04C6F7E24, '1.00');
INSERT INTO `sistema_productos` VALUES (0x11E87469D2DBE1AA9BD600270E383B06, '1529490336', 'MPESV1/401', 'Etiqueta Esmalte Verona / 1/4 Galon', '[\"11E8676EAD11B2E6BDE500270E383B06\"]', 0x11E7A90D43325DA68A4800E04C6F7E24, 0x11E7A90D43325DA68A4800E04C6F7E24, '1.00');
INSERT INTO `sistema_productos` VALUES (0x11E87469D2DE725E9BD600270E383B06, '1529490336', 'MPEEVG01', 'Etiqueta Esmalte Verona / Galon', '[\"11E8676EAD11B2E6BDE500270E383B06\"]', 0x11E7A90D43325DA68A4800E04C6F7E24, 0x11E7A90D43325DA68A4800E04C6F7E24, '1.00');
INSERT INTO `sistema_productos` VALUES (0x11E87469D2E7C5A09BD600270E383B06, '1529490336', 'MPETG01', 'Etiqueta Texturizado / Galon', '[\"11E8676EAD11B2E6BDE500270E383B06\"]', 0x11E7A90D43325DA68A4800E04C6F7E24, 0x11E7A90D43325DA68A4800E04C6F7E24, '1.00');
INSERT INTO `sistema_productos` VALUES (0x11E87469D2FADBE99BD600270E383B06, '1529490336', 'MPETC01', 'Etiqueta Texturizado / Cuñete', '[\"11E8676EAD11B2E6BDE500270E383B06\"]', 0x11E7A90D43325DA68A4800E04C6F7E24, 0x11E7A90D43325DA68A4800E04C6F7E24, '1.00');
INSERT INTO `sistema_productos` VALUES (0x11E87469D2FF80069BD600270E383B06, '1529490336', 'MPEPPG01', 'Etiqueta Pasta Profesional / Galon', '[\"11E8676EAD11B2E6BDE500270E383B06\"]', 0x11E7A90D43325DA68A4800E04C6F7E24, 0x11E7A90D43325DA68A4800E04C6F7E24, '1.00');
INSERT INTO `sistema_productos` VALUES (0x11E87469D3020FF29BD600270E383B06, '1529490336', 'MPPPC01', 'Etiqueta Pasta Profesional / Cuñete', '[\"11E8676EAD11B2E6BDE500270E383B06\"]', 0x11E7A90D43325DA68A4800E04C6F7E24, 0x11E7A90D43325DA68A4800E04C6F7E24, '1.00');
INSERT INTO `sistema_productos` VALUES (0x11E87469D304932A9BD600270E383B06, '1529490336', 'MPEPA1/4G01', 'Etiqueta Pintura Aluminizada / 1/4 Galon', '[\"11E8676EAD11B2E6BDE500270E383B06\"]', 0x11E7A90D43325DA68A4800E04C6F7E24, 0x11E7A90D43325DA68A4800E04C6F7E24, '1.00');
INSERT INTO `sistema_productos` VALUES (0x11E87469D307708E9BD600270E383B06, '1529490336', 'MPEPAG01', 'Etiqueta Pintura Aluminizada / Galon', '[\"11E8676EAD11B2E6BDE500270E383B06\"]', 0x11E7A90D43325DA68A4800E04C6F7E24, 0x11E7A90D43325DA68A4800E04C6F7E24, '1.00');
INSERT INTO `sistema_productos` VALUES (0x11E87469D30E67D99BD600270E383B06, '1529490336', 'MPEMPG01', 'Etiqueta Mulato Paints / Galon', '[\"11E8676EAD11B2E6BDE500270E383B06\"]', 0x11E7A90D43325DA68A4800E04C6F7E24, 0x11E7A90D43325DA68A4800E04C6F7E24, '1.00');
INSERT INTO `sistema_productos` VALUES (0x11E87469D318FB069BD600270E383B06, '1529490336', 'MPEFMG01', 'Etiqueta Fondo Marino / Galon', '[\"11E8676EAD11B2E6BDE500270E383B06\"]', 0x11E7A90D43325DA68A4800E04C6F7E24, 0x11E7A90D43325DA68A4800E04C6F7E24, '1.00');
INSERT INTO `sistema_productos` VALUES (0x11E87469D321258C9BD600270E383B06, '1529490336', 'MPEIVG01', 'Etiqueta Impermiabilizante Verona /  Galon', '[\"11E8676EAD11B2E6BDE500270E383B06\"]', 0x11E7A90D43325DA68A4800E04C6F7E24, 0x11E7A90D43325DA68A4800E04C6F7E24, '1.00');
INSERT INTO `sistema_productos` VALUES (0x11E87469D325B4739BD600270E383B06, '1529490336', 'MPEIVC01', 'Etiqueta Impermiabilizante Verona /  Cuñete', '[\"11E8676EAD11B2E6BDE500270E383B06\"]', 0x11E7A90D43325DA68A4800E04C6F7E24, 0x11E7A90D43325DA68A4800E04C6F7E24, '1.00');
INSERT INTO `sistema_productos` VALUES (0x11E87469D32ACCD99BD600270E383B06, '1529490336', 'MPEFAV1/401', 'Etiqueta Fondo Anticorrosivo Verona / 1/4 Galon', '[\"11E8676EAD11B2E6BDE500270E383B06\"]', 0x11E7A90D43325DA68A4800E04C6F7E24, 0x11E7A90D43325DA68A4800E04C6F7E24, '1.00');
INSERT INTO `sistema_productos` VALUES (0x11E87469D33127E79BD600270E383B06, '1529490337', 'MPEFAVG01', 'Etiqueta Fondo Anticorrosivo Verona /  Galon', '[\"11E8676EAD11B2E6BDE500270E383B06\"]', 0x11E7A90D43325DA68A4800E04C6F7E24, 0x11E7A90D43325DA68A4800E04C6F7E24, '1.00');
INSERT INTO `sistema_productos` VALUES (0x11E87469D333A6F49BD600270E383B06, '1529490337', 'MPEBV1/401', 'Etiqueta Barniz Verona / 1/4 Galon', '[\"11E8676EAD11B2E6BDE500270E383B06\"]', 0x11E7A90D43325DA68A4800E04C6F7E24, 0x11E7AF8A08F0A02CA5F700270E383B06, '1.00');
INSERT INTO `sistema_productos` VALUES (0x11E87469D3362A8F9BD600270E383B06, '1529490337', 'MPEBVG01', 'Etiqueta Barniz Verona /  Galon', '[\"11E8676EAD11B2E6BDE500270E383B06\"]', 0x11E7A90D43325DA68A4800E04C6F7E24, 0x11E7AF8A08F0A02CA5F700270E383B06, '1.00');
INSERT INTO `sistema_productos` VALUES (0x11E87469D338BD4E9BD600270E383B06, '1529490337', 'MPECG01', 'Etiqueta Canchas / Galon', '[\"11E8676EAD11B2E6BDE500270E383B06\"]', 0x11E7A90D43325DA68A4800E04C6F7E24, 0x11E7A90D43325DA68A4800E04C6F7E24, '1.00');
INSERT INTO `sistema_productos` VALUES (0x11E87469D33B42C19BD600270E383B06, '1529490337', 'MPECC01', 'Etiqueta Canchas / Cuñete', '[\"11E8676EAD11B2E6BDE500270E383B06\"]', 0x11E7A90D43325DA68A4800E04C6F7E24, 0x11E7AF8A08F0A02CA5F700270E383B06, '1.00');
INSERT INTO `sistema_productos` VALUES (0x11E87469D33DD0AC9BD600270E383B06, '1529490337', 'MPECABG01', 'Etiqueta Caucho Arados Tipo B / Galon', '[\"11E8676EAD11B2E6BDE500270E383B06\"]', 0x11E7A90D43325DA68A4800E04C6F7E24, 0x11E7A90D43325DA68A4800E04C6F7E24, '1.00');
INSERT INTO `sistema_productos` VALUES (0x11E87469D34056B59BD600270E383B06, '1529490337', 'MPECABC01', 'Etiqueta Caucho Arados Tipo B / Cuñete', '[\"11E8676EAD11B2E6BDE500270E383B06\"]', 0x11E7A90D43325DA68A4800E04C6F7E24, 0x11E7A90D43325DA68A4800E04C6F7E24, '1.00');
INSERT INTO `sistema_productos` VALUES (0x11E87469D342EE5F9BD600270E383B06, '1529490337', 'MPEACIG01', 'Etiqueta Atman Caucho Interior /Galon', '[\"11E8676EAD11B2E6BDE500270E383B06\"]', 0x11E7A90D43325DA68A4800E04C6F7E24, 0x11E7AF8A08F0A02CA5F700270E383B06, '1.00');
INSERT INTO `sistema_productos` VALUES (0x11E87469D34BD7B49BD600270E383B06, '1529490337', 'MPEACIC01', 'Etiqueta Atman Caucho Interior /Cuñete', '[\"11E8676EAD11B2E6BDE500270E383B06\"]', 0x11E7A90D43325DA68A4800E04C6F7E24, 0x11E7AF8A08F0A02CA5F700270E383B06, '1.00');
INSERT INTO `sistema_productos` VALUES (0x11E87469D35231179BD600270E383B06, '1529490337', 'MPAGP01', 'Asa para galones plasticos', '[\"11E8676EAD11B2E6BDE500270E383B06\"]', 0x11E7AF8A08F0A02CA5F700270E383B06, 0x11E7AF8A08F0A02CA5F700270E383B06, '1.00');
INSERT INTO `sistema_productos` VALUES (0x11E87469D354B0E59BD600270E383B06, '1529490337', 'MPRPE01', 'Rollos de Plastico Embalaje', '[\"11E8676EAD11B2E6BDE500270E383B06\"]', 0x11E7AF8A08F0A02CA5F700270E383B06, 0x11E7AF8A08F0A02CA5F700270E383B06, '1.00');

-- ----------------------------
-- Table structure for sistema_unidades
-- ----------------------------
DROP TABLE IF EXISTS `sistema_unidades`;
CREATE TABLE `sistema_unidades` (
  `id` binary(16) NOT NULL,
  `order_id` int(11) DEFAULT NULL,
  `id_tipo` binary(16) DEFAULT '0000000000000000' COMMENT 'sistema unidad en listas',
  `nombre` varchar(100) DEFAULT NULL,
  `nombre_display` varchar(100) DEFAULT NULL,
  `factor_conversion` double(10,6) DEFAULT NULL,
  `es_patron` tinyint(1) DEFAULT NULL,
  PRIMARY KEY (`id`),
  UNIQUE KEY `id` (`id`) USING BTREE,
  KEY `timestamp` (`order_id`) USING BTREE,
  KEY `id_tipo` (`id_tipo`),
  CONSTRAINT `id_tipo` FOREIGN KEY (`id_tipo`) REFERENCES `sistema_listas` (`id`)
) ENGINE=InnoDB DEFAULT CHARSET=latin1 ROW_FORMAT=COMPACT;

-- ----------------------------
-- Records of sistema_unidades
-- ----------------------------
INSERT INTO `sistema_unidades` VALUES (0x11E7A90D43325DA68A4800E04C6F7E24, '1507125659', 0x11E7A6A4C7519DF09B0700270E383B06, 'Unidad', 'und', '1.000000', '1');
INSERT INTO `sistema_unidades` VALUES (0x11E7A90DE6B5F4B48A4800E04C6F7E24, '1507125933', 0x11E7A6A4C7519DF09B0700270E383B06, 'Caja', 'CAJA', '1.000000', '0');
INSERT INTO `sistema_unidades` VALUES (0x11E7AF8A08F0A02CA5F700270E383B06, '1507839304', 0x11E7AF89C533F696A5F700270E383B06, 'Kilogramo', 'Kgs', '1.000000', '1');
INSERT INTO `sistema_unidades` VALUES (0x11E7AF8A165DB218A5F700270E383B06, '1507839327', 0x11E7AF89C533F696A5F700270E383B06, 'Gramo', 'Grs', '0.001000', '0');
INSERT INTO `sistema_unidades` VALUES (0x11E7AF8D73243B6CA5F700270E383B06, '1507840771', 0x11E7AF898A29EC16A5F700270E383B06, 'Litro', 'Lts', '1.000000', '1');
INSERT INTO `sistema_unidades` VALUES (0x11E7AF8D8AE70507A5F700270E383B06, '1507840811', 0x11E7AF898A29EC16A5F700270E383B06, '1/4 de Galón', '1/4G', '0.946400', '0');
INSERT INTO `sistema_unidades` VALUES (0x11E7AF8D9D4EA128A5F700270E383B06, '1507840842', 0x11E7AF898A29EC16A5F700270E383B06, '1/8 de Galón', '1/8G', '0.236600', '0');
INSERT INTO `sistema_unidades` VALUES (0x11E7AF8DAD237724A5F700270E383B06, '1507840868', 0x11E7AF898A29EC16A5F700270E383B06, '1/16 de Galón', '1/16G', '0.059150', '0');
INSERT INTO `sistema_unidades` VALUES (0x11E7AF8DBB9D39B3A5F700270E383B06, '1507840893', 0x11E7AF898A29EC16A5F700270E383B06, '1/32 de Galón', '1/32G', '0.014788', '0');
INSERT INTO `sistema_unidades` VALUES (0x11E7AF8DCC1B9351A5F700270E383B06, '1507840920', 0x11E7AF898A29EC16A5F700270E383B06, 'Onza', 'Onz', '0.003697', '0');
INSERT INTO `sistema_unidades` VALUES (0x11E7AF8DDC5D706EA5F700270E383B06, '1507840948', 0x11E7AF898A29EC16A5F700270E383B06, 'Galón', 'Gal', '3.785400', '0');
INSERT INTO `sistema_unidades` VALUES (0x11E7AF8DE9F3C53BA5F700270E383B06, '1507840970', 0x11E7AF898A29EC16A5F700270E383B06, 'Cuñete de 4 Galones', 'CUÑ4', '15.141600', '0');
INSERT INTO `sistema_unidades` VALUES (0x11E7AF8DF65CB995A5F700270E383B06, '1507840991', 0x11E7AF898A29EC16A5F700270E383B06, 'Cuñete de 5 Galones', 'CUÑ5', '18.927000', '0');
INSERT INTO `sistema_unidades` VALUES (0x11E7AF8E0027F0A3A5F700270E383B06, '1507841008', 0x11E7AF898A29EC16A5F700270E383B06, 'Tambor', 'TMB', '200.000000', '0');

-- ----------------------------
-- Table structure for sistema_usuarios
-- ----------------------------
DROP TABLE IF EXISTS `sistema_usuarios`;
CREATE TABLE `sistema_usuarios` (
  `id` binary(16) NOT NULL,
  `order_id` int(11) DEFAULT NULL,
  `id_tipo` tinyint(1) DEFAULT '0',
  `nombre` varchar(255) DEFAULT NULL,
  `cedula` varchar(20) DEFAULT NULL,
  `telefono` varchar(24) DEFAULT NULL,
  `email` varchar(100) DEFAULT NULL,
  `logname` varchar(50) DEFAULT NULL,
  `pass` varchar(255) DEFAULT NULL,
  `permisos` text,
  `empresas` text,
  `event` timestamp NULL DEFAULT CURRENT_TIMESTAMP ON UPDATE CURRENT_TIMESTAMP,
  PRIMARY KEY (`id`),
  UNIQUE KEY `id` (`id`),
  KEY `timestamp` (`order_id`)
) ENGINE=InnoDB DEFAULT CHARSET=latin1;

-- ----------------------------
-- Records of sistema_usuarios
-- ----------------------------
INSERT INTO `sistema_usuarios` VALUES (0x11E7A440B2401B7B8A4800E04C6F7E24, '1506598103', '1', 'ANTONIO SUCRE', '13744591', '04249193370', null, 'ajs21', 'ceaacd01ca69c0417f3217650e89b8cd35b91d9c', '[\"11E7A44200A787428A4800E04C6F7E24\",\"11E7A51F8CBA85598A4800E04C6F7E24\",\"11E7A70EE7C4AE249B0700270E383B06\",\"11E7A768D3F519758A4800E04C6F7E24\",\"11E7A78A256FE0EF8A4800E04C6F7E24\",\"11E7A8598792B7439B0700270E383B06\",\"11E7A87B1C58062D9B0700270E383B06\",\"11E7A9015A806FF88A4800E04C6F7E24\",\"11E7A9017CA2C1648A4800E04C6F7E24\",\"11E7A9133D4BE6968A4800E04C6F7E24\",\"11E7A929626A044B8A4800E04C6F7E24\",\"11E7A961DC7E09FE9B0700270E383B06\",\"11E7AA9C23373F23847D00E04C6F7E24\",\"11E7C3132FBCE9399B7800E04C6F7E24\",\"11E7C3133A674ECB9B7800E04C6F7E24\",\"11E7C31C26B1D3599B7800E04C6F7E24\",\"11E7A7131C59B43E9B0700270E383B06\",\"11E7C366B77BB7DA8F1A00E04C6F7E24\",\"11E7C39686D7E2188F1A00E04C6F7E24\",\"11E7D5B0D64CB023BB1B00E04C6F7E24\",\"11E7D5B1395309EFBB1B00E04C6F7E24\",\"11E7D5B1C23436FFBB1B00E04C6F7E24\",\"11E7D82F9A1C21B4BB1B00E04C6F7E24\",\"11E855F63E15C388A72800270E383B06\",\"11E8561CE6F379FAA72800270E383B06\",\"11E8561CFAFF308AA72800270E383B06\",\"11E8671A41583A69BDE500270E383B06\",\"11E86831FF02AFEFBDE500270E383B06\",\"11E86EE98E915CB8878100270E383B06\",\"11E872481426088AA3C700270E383B06\",\"11E8724824D7E824A3C700270E383B06\",\"11E8724835FCF9F8A3C700270E383B06\"]', '[\"11E8671BDA538048BDE500270E383B06\",\"11E8676EAD11B2E6BDE500270E383B06\",\"11E8676EB799755BBDE500270E383B06\"]', '2018-06-17 12:06:02');
INSERT INTO `sistema_usuarios` VALUES (0x11E7A759D942F9119B0700270E383B06, '1506939008', '2', 'ALI TAJMIEH', '1111', '1111', '1111|@11111', 'ali', '66f4a5fdce45bed1b1b99474956e530c4671c3a7', '[\"11E7A44200A787428A4800E04C6F7E24\",\"11E7A51F8CBA85598A4800E04C6F7E24\",\"11E7A70EE7C4AE249B0700270E383B06\",\"11E7A768D3F519758A4800E04C6F7E24\",\"11E7A78A256FE0EF8A4800E04C6F7E24\",\"11E7A8598792B7439B0700270E383B06\",\"11E7A87B1C58062D9B0700270E383B06\",\"11E7A9015A806FF88A4800E04C6F7E24\",\"11E7A9017CA2C1648A4800E04C6F7E24\",\"11E7A9133D4BE6968A4800E04C6F7E24\",\"11E7A929626A044B8A4800E04C6F7E24\",\"11E7A961DC7E09FE9B0700270E383B06\",\"11E7AA9C23373F23847D00E04C6F7E24\",\"11E7C3132FBCE9399B7800E04C6F7E24\",\"11E7C3133A674ECB9B7800E04C6F7E24\",\"11E7C31C26B1D3599B7800E04C6F7E24\",\"11E7A7131C59B43E9B0700270E383B06\",\"11E7C366B77BB7DA8F1A00E04C6F7E24\",\"11E7C39686D7E2188F1A00E04C6F7E24\",\"11E7D5B0D64CB023BB1B00E04C6F7E24\",\"11E7D5B1395309EFBB1B00E04C6F7E24\",\"11E7D5B1C23436FFBB1B00E04C6F7E24\",\"11E7D82F9A1C21B4BB1B00E04C6F7E24\",\"11E855F63E15C388A72800270E383B06\",\"11E8561CE6F379FAA72800270E383B06\",\"11E8561CFAFF308AA72800270E383B06\",\"11E8671A41583A69BDE500270E383B06\",\"11E86831FF02AFEFBDE500270E383B06\",\"11E86EE98E915CB8878100270E383B06\",\"11E872481426088AA3C700270E383B06\",\"11E8724824D7E824A3C700270E383B06\",\"11E8724835FCF9F8A3C700270E383B06\"]', '[\"11E8671BDA538048BDE500270E383B06\",\"11E8676EAD11B2E6BDE500270E383B06\",\"11E8676EB799755BBDE500270E383B06\"]', '2018-06-20 06:50:46');
INSERT INTO `sistema_usuarios` VALUES (0x11E7A77712598E1C8A4800E04C6F7E24, '1506951236', '3', 'JENNY', '000', '', '', 'jenny', '69345dca41dc3c86c33f71cfe0f7d448016712d1', '[\"11E7A7131C59B43E9B0700270E383B06\",\"11E7C366B77BB7DA8F1A00E04C6F7E24\",\"11E7C39686D7E2188F1A00E04C6F7E24\",\"11E8561CE6F379FAA72800270E383B06\",\"11E8561CFAFF308AA72800270E383B06\"]', '[\"11E8676EAD11B2E6BDE500270E383B06\"]', '2018-06-20 06:52:39');
INSERT INTO `sistema_usuarios` VALUES (0x11E8606FF75CE827ADE01E251B0D1444, '1527289464', '3', 'Mustafa Tajmieh', '000', '0', '', 'Mustafa', '866003c8171ddcc989f011f61a53484558ae85f1', '[\"11E7D82F9A1C21B4BB1B00E04C6F7E24\",\"11E7A961DC7E09FE9B0700270E383B06\"]', '[\"11E8676EAD11B2E6BDE500270E383B06\"]', '2018-06-20 06:52:46');
INSERT INTO `sistema_usuarios` VALUES (0x11E8634FBB422145ADE01E251B0D1444, '1527605473', '3', 'ROVER', '000', '0', '', 'ROVER1985', '072216dd7b5609c033fcdb2de2c8db531891d6ae', '[\"11E7A8598792B7439B0700270E383B06\",\"11E855F63E15C388A72800270E383B06\",\"11E7C366B77BB7DA8F1A00E04C6F7E24\",\"11E7C39686D7E2188F1A00E04C6F7E24\",\"11E7C3133A674ECB9B7800E04C6F7E24\",\"11E7C31C26B1D3599B7800E04C6F7E24\",\"11E7A51F8CBA85598A4800E04C6F7E24\",\"11E7A9015A806FF88A4800E04C6F7E24\",\"11E7A7131C59B43E9B0700270E383B06\",\"11E7A961DC7E09FE9B0700270E383B06\",\"11E7D82F9A1C21B4BB1B00E04C6F7E24\",\"11E8561CE6F379FAA72800270E383B06\",\"11E7D5B1395309EFBB1B00E04C6F7E24\",\"11E7C3132FBCE9399B7800E04C6F7E24\"]', '[\"11E8676EAD11B2E6BDE500270E383B06\"]', '2018-06-20 06:52:53');

-- ----------------------------
-- Table structure for ventas_clientes
-- ----------------------------
DROP TABLE IF EXISTS `ventas_clientes`;
CREATE TABLE `ventas_clientes` (
  `id` binary(16) NOT NULL,
  `order_id` int(11) DEFAULT NULL,
  `id_empresa` binary(16) DEFAULT '0\0\0\0\0\0\0\0\0\0\0\0\0\0\0\0' COMMENT 'identificador del banco en listas',
  `nombre` varchar(200) CHARACTER SET utf8 COLLATE utf8_spanish_ci DEFAULT NULL COMMENT 'nombre del proveedor',
  `rif` varchar(20) CHARACTER SET utf8 COLLATE utf8_spanish_ci DEFAULT NULL COMMENT 'rif del proveedor',
  `direccion` varchar(200) CHARACTER SET utf8 COLLATE utf8_spanish_ci DEFAULT NULL COMMENT 'direccion del proveedor',
  `telefono` varchar(45) CHARACTER SET utf8 COLLATE utf8_spanish_ci DEFAULT NULL COMMENT 'telefono del proveedor',
  `email` varchar(100) CHARACTER SET utf8 COLLATE utf8_spanish_ci DEFAULT NULL COMMENT 'correo electronico del proveedor',
  `representante` varchar(200) CHARACTER SET utf8 COLLATE utf8_spanish_ci DEFAULT NULL COMMENT 'representante legal del proveedor',
  `limite_credito` double(10,2) DEFAULT '0.00' COMMENT 'identificador del banco en listas',
  `dias_credito` tinyint(3) DEFAULT NULL,
  `observacion` varchar(200) CHARACTER SET utf8 COLLATE utf8_spanish_ci DEFAULT NULL COMMENT 'datos adicionales',
  PRIMARY KEY (`id`)
) ENGINE=InnoDB DEFAULT CHARSET=latin1;

-- ----------------------------
-- Records of ventas_clientes
-- ----------------------------

-- ----------------------------
-- Table structure for ventas_operaciones
-- ----------------------------
DROP TABLE IF EXISTS `ventas_operaciones`;
CREATE TABLE `ventas_operaciones` (
  `id` binary(16) NOT NULL,
  `order_id` int(11) DEFAULT NULL,
  `id_empresa` binary(16) DEFAULT '0\0\0\0\0\0\0\0\0\0\0\0\0\0\0\0' COMMENT 'identificador del banco en listas',
  `id_tipo` binary(16) DEFAULT '0\0\0\0\0\0\0\0\0\0\0\0\0\0\0\0',
  `numero` int(10) DEFAULT NULL,
  `nro_control` varchar(10) DEFAULT NULL,
  `fecha` datetime DEFAULT NULL,
  `fecha_registro` datetime DEFAULT NULL,
  `id_doc_origen` binary(16) DEFAULT '0\0\0\0\0\0\0\0\0\0\0\0\0\0\0\0',
  `id_cliente` binary(16) DEFAULT '0\0\0\0\0\0\0\0\0\0\0\0\0\0\0\0',
  `monto_bruto` decimal(10,2) DEFAULT '0.00' COMMENT 'monto bruto',
  `pct_descuento` decimal(10,2) DEFAULT '0.00' COMMENT 'porcentaje de descuento',
  `pct_adicional` decimal(10,2) DEFAULT '0.00' COMMENT 'porcentaje adicional',
  `monto_neto` decimal(10,2) DEFAULT '0.00' COMMENT 'monto neto',
  `monto_iva` decimal(10,2) DEFAULT '0.00' COMMENT 'monto iva',
  `monto_total` decimal(10,2) DEFAULT '0.00' COMMENT 'monto total',
  `id_status` int(11) DEFAULT '0' COMMENT 'identificador del status',
  `id_estado` int(11) DEFAULT '0' COMMENT 'identificador del estado',
  `id_usuario` binary(16) DEFAULT '0\0\0\0\0\0\0\0\0\0\0\0\0\0\0\0' COMMENT 'identificador del usuario',
  `observacion` varchar(200) CHARACTER SET utf8 COLLATE utf8_spanish_ci DEFAULT NULL COMMENT 'observacion',
  `id_vendedor` binary(16) DEFAULT '0\0\0\0\0\0\0\0\0\0\0\0\0\0\0\0',
  `id_vehiculo` binary(16) DEFAULT '0\0\0\0\0\0\0\0\0\0\0\0\0\0\0\0',
  `id_chofer` binary(16) DEFAULT '0\0\0\0\0\0\0\0\0\0\0\0\0\0\0\0',
  PRIMARY KEY (`id`)
) ENGINE=InnoDB DEFAULT CHARSET=latin1;

-- ----------------------------
-- Records of ventas_operaciones
-- ----------------------------

-- ----------------------------
-- Procedure structure for aInsSistemaProductos
-- ----------------------------
DROP PROCEDURE IF EXISTS `aInsSistemaProductos`;
DELIMITER ;;
CREATE   PROCEDURE `aInsSistemaProductos`()
BEGIN
		#-- Variables to hold values from the communications table
    declare cId VARCHAR(36);
		declare cCodigo VARCHAR(30);
		declare cNombre VARCHAR(200);
		declare cIdUndCompra VARCHAR(36);
		declare cIdUndVenta VARCHAR(36);
		declare cCantUndCompra DOUBLE(10,2);
    #-- Variables related to cursor:
    #--    1. 'done' will be used to check if all the rows in the cursor 
    #--       have been read
    #--    2. 'curComm' will be the cursor: it will fetch each row
    #--    3. The 'continue' handler will update the 'done' variable
    declare done int default false;
    declare curComm cursor for
        SELECT 
								HEX(p.id_producto),
								p.codigo,
								p.nombre,
								HEX(p.id_unidad_compra),
								p.cantidad_unidad_compra,
								HEX(p.id_unidad_venta)
					FROM inventario_productos as p; -- This is the query used by the cursor.
    declare continue handler for not found -- This handler will be executed if no row is found in the cursor (for example, if all rows have been read).
        set done = true;

    #-- Open the cursor: This will put the cursor on the first row of its
    #-- rowset.
    open curComm;
    #-- Begin the loop (that 'loop_comm' is a label for the loop)
    loop_comm: loop
        #-- When you fetch a row from the cursor, the data from the current
        #-- row is read into the variables, and the cursor advances to the
        #-- next row. If there's no next row, the 'continue handler for not found'
        #-- will set the 'done' variable to 'TRUE'
        fetch curComm into cId, cCodigo, cNombre, cIdUndCompra, cIdUndVenta, cCantUndCompra;
        #-- Exit the loop if you're done
        if done then
            leave loop_comm;
        end if;
        #-- Execute your desired query.
        #-- As an example, I'm putting a SELECT statement, but it may be
        #-- anything.
				SET @new_uuid=uuid();
				SET @my_uuid= CONCAT(SUBSTR(@new_uuid, 15, 4),SUBSTR(@new_uuid, 10, 4),SUBSTR(@new_uuid, 1,8),SUBSTR(@new_uuid, 20, 4),SUBSTR(@new_uuid, 25));
				SET @order_id=UNIX_TIMESTAMP();

				INSERT INTO sistema_productos (id, order_id, codigo, nombre, empresas, id_unidad_compra, id_unidad_venta, cantidad_unidad_compra)
											VALUES (UNHEX(cId), @order_id, cCodigo, cNombre, CONCAT("[" , "11E8676EAD11B2E6BDE500270E383B06" ,"]"), UNHEX(cIdUndCompra), UNHEX(cIdUndVenta), UNHEX(cCantUndCompra));

        
    end loop;
    #-- Don't forget to close the cursor when you finish
    close curComm;
END
;;
DELIMITER ;

-- ----------------------------
-- Procedure structure for aUpdateIds
-- ----------------------------
DROP PROCEDURE IF EXISTS `aUpdateIds`;
DELIMITER ;;
CREATE   PROCEDURE `aUpdateIds`()
BEGIN
		#-- Variables to hold values from the communications table
    declare cFromId int;
    #-- Variables related to cursor:
    #--    1. 'done' will be used to check if all the rows in the cursor 
    #--       have been read
    #--    2. 'curComm' will be the cursor: it will fetch each row
    #--    3. The 'continue' handler will update the 'done' variable
    declare done int default false;
    declare curComm cursor for
        SELECT order_id FROM sistema_productos; -- This is the query used by the cursor.
    declare continue handler for not found -- This handler will be executed if no row is found in the cursor (for example, if all rows have been read).
        set done = true;

    #-- Open the cursor: This will put the cursor on the first row of its
    #-- rowset.
    open curComm;
    #-- Begin the loop (that 'loop_comm' is a label for the loop)
    loop_comm: loop
        #-- When you fetch a row from the cursor, the data from the current
        #-- row is read into the variables, and the cursor advances to the
        #-- next row. If there's no next row, the 'continue handler for not found'
        #-- will set the 'done' variable to 'TRUE'
        fetch curComm into cFromId;
        #-- Exit the loop if you're done
        if done then
            leave loop_comm;
        end if;
        #-- Execute your desired query.
        #-- As an example, I'm putting a SELECT statement, but it may be
        #-- anything.
				SET @new_uuid=uuid();
				SET @my_uuid= CONCAT(SUBSTR(@new_uuid, 15, 4),SUBSTR(@new_uuid, 10, 4),SUBSTR(@new_uuid, 1,8),SUBSTR(@new_uuid, 20, 4),SUBSTR(@new_uuid, 25));
				SET @order_id=UNIX_TIMESTAMP();

				UPDATE sistema_productos 
				SET id=UNHEX(@my_uuid), order_id=@order_id
				WHERE order_id=cFromId;

        
    end loop;
    #-- Don't forget to close the cursor when you finish
    close curComm;
END
;;
DELIMITER ;

-- ----------------------------
-- Procedure structure for caja_bancos_INS
-- ----------------------------
DROP PROCEDURE IF EXISTS `caja_bancos_INS`;
DELIMITER ;;
CREATE   PROCEDURE `caja_bancos_INS`(IN `_id` VARCHAR(36), IN `_id_empresa` VARCHAR(36), IN `_id_banco` VARCHAR(36), IN `_id_tipo` VARCHAR(36), IN `_numero` VARCHAR(20))
BEGIN
    SET @new_uuid=uuid();
    SET @my_uuid= CONCAT(SUBSTR(@new_uuid, 15, 4),SUBSTR(@new_uuid, 10, 4),SUBSTR(@new_uuid, 1,8),SUBSTR(@new_uuid, 20, 4),SUBSTR(@new_uuid, 25));
    SET @order_id=UNIX_TIMESTAMP();
		
		INSERT INTO caja_bancos(id, order_id, id_empresa, id_banco, id_tipo, numero) 
		VALUES (UNHEX(@my_uuid), @order_id, UNHEX(_id_empresa), UNHEX(_id_banco), UNHEX(_id_tipo), _numero);

		SELECT @my_uuid as id;   
END
;;
DELIMITER ;

-- ----------------------------
-- Procedure structure for caja_bancos_ONE
-- ----------------------------
DROP PROCEDURE IF EXISTS `caja_bancos_ONE`;
DELIMITER ;;
CREATE   PROCEDURE `caja_bancos_ONE`(IN `_id` VARCHAR(36))
    NO SQL
BEGIN
SELECT 
	HEX(c.id) as id, 
	c.order_id, 
	HEX(c.id_empresa) as id_empresa, 
	HEX(c.id_banco) as id_banco, 
	b.nombre as banco_nombre, 
	HEX(c.id_tipo) as id_tipo, 
	t.nombre as tipo_nombre, 
	c.numero
FROM caja_bancos as c  
LEFT JOIN sistema_listas as b ON c.id_banco = b.id
LEFT JOIN sistema_listas as t ON c.id_tipo = t.id
WHERE c.id = UNHEX(_id) LIMIT 1;
END
;;
DELIMITER ;

-- ----------------------------
-- Procedure structure for caja_bancos_SEL
-- ----------------------------
DROP PROCEDURE IF EXISTS `caja_bancos_SEL`;
DELIMITER ;;
CREATE   PROCEDURE `caja_bancos_SEL`(IN `_id_empresa` VARCHAR(36))
    NO SQL
BEGIN
	SELECT hex(c.id) as id,
							c.order_id,
							hex(c.id_banco) as id_banco,
							b.nombre as banco_nombre,
							hex(c.id_tipo) as id_tipo,
							t.nombre as tipo_nombre,
							c.numero
	FROM caja_bancos as c
	LEFT JOIN sistema_listas as b ON c.id_banco = b.id
	LEFT JOIN sistema_listas as t ON c.id_tipo = t.id
	WHERE c.id_empresa = UNHEX(_id_empresa);

END
;;
DELIMITER ;

-- ----------------------------
-- Procedure structure for caja_bancos_UPD
-- ----------------------------
DROP PROCEDURE IF EXISTS `caja_bancos_UPD`;
DELIMITER ;;
CREATE   PROCEDURE `caja_bancos_UPD`(IN `_id` VARCHAR(36), IN `_id_empresa` VARCHAR(36), IN `_id_banco` VARCHAR(36), IN `_id_tipo` VARCHAR(36), IN `_numero` VARCHAR(20))
    NO SQL
BEGIN
SET @my_uuid=_id;

UPDATE caja_bancos as a
SET a.id_empresa=UNHEX(_id_empresa), a.id_banco=UNHEX(_id_banco), a.id_tipo=UNHEX(_id_tipo), a.numero=_numero
WHERE a.id=UNHEX(_id);

SELECT @my_uuid as id;   
END
;;
DELIMITER ;

-- ----------------------------
-- Procedure structure for caja_instrumentos_INS
-- ----------------------------
DROP PROCEDURE IF EXISTS `caja_instrumentos_INS`;
DELIMITER ;;
CREATE   PROCEDURE `caja_instrumentos_INS`(IN `_id` VARCHAR(36), IN `_id_empresa` VARCHAR(36), IN `_nombre` VARCHAR(255), IN `_es_inactivo` TINYINT(1),  IN `_id_tipo` TINYINT(1))
BEGIN
    SET @new_uuid=uuid();
    SET @my_uuid= CONCAT(SUBSTR(@new_uuid, 15, 4),SUBSTR(@new_uuid, 10, 4),SUBSTR(@new_uuid, 1,8),SUBSTR(@new_uuid, 20, 4),SUBSTR(@new_uuid, 25));
    SET @order_id=UNIX_TIMESTAMP();
		
		INSERT INTO caja_instrumentos(id, order_id, id_empresa, nombre, es_inactivo, id_tipo) 
		VALUES (UNHEX(@my_uuid), @order_id, UNHEX(_id_empresa), _nombre, _es_inactivo, _id_tipo);

		SELECT @my_uuid as id;   
END
;;
DELIMITER ;

-- ----------------------------
-- Procedure structure for caja_instrumentos_ONE
-- ----------------------------
DROP PROCEDURE IF EXISTS `caja_instrumentos_ONE`;
DELIMITER ;;
CREATE   PROCEDURE `caja_instrumentos_ONE`(IN `_id` VARCHAR(36))
    NO SQL
BEGIN
SELECT 
	HEX(c.id) as id, 
	c.order_id, 
	HEX(c.id_empresa) as id_empresa,
	c.nombre,
	c.es_inactivo,
	c.id_tipo
FROM caja_instrumentos as c  
WHERE c.id = UNHEX(_id) LIMIT 1;
END
;;
DELIMITER ;

-- ----------------------------
-- Procedure structure for caja_instrumentos_SEL
-- ----------------------------
DROP PROCEDURE IF EXISTS `caja_instrumentos_SEL`;
DELIMITER ;;
CREATE   PROCEDURE `caja_instrumentos_SEL`(IN `_id_empresa` VARCHAR(36))
    NO SQL
BEGIN
	SELECT 
	HEX(c.id) as id, 
	c.order_id, 
	HEX(c.id_empresa) as id_empresa,
	c.nombre,
	c.es_inactivo,
	c.id_tipo
FROM caja_instrumentos as c
WHERE c.id_empresa = UNHEX(_id_empresa);

END
;;
DELIMITER ;

-- ----------------------------
-- Procedure structure for caja_instrumentos_UPD
-- ----------------------------
DROP PROCEDURE IF EXISTS `caja_instrumentos_UPD`;
DELIMITER ;;
CREATE   PROCEDURE `caja_instrumentos_UPD`(IN `_id` VARCHAR(36), IN `_id_empresa` VARCHAR(36), IN `_nombre` VARCHAR(255), IN `_es_inactivo` TINYINT(1),  IN `_id_tipo` TINYINT(1))
    NO SQL
BEGIN
SET @my_uuid=_id;

UPDATE caja_instrumentos as a
SET a.id_empresa=UNHEX(_id_empresa), a.nombre=_nombre, a.es_inactivo=_es_inactivo, a.id_tipo=_id_tipo
WHERE a.id=UNHEX(_id);

SELECT @my_uuid as id;   
END
;;
DELIMITER ;

-- ----------------------------
-- Procedure structure for caja_movimientos_DEL
-- ----------------------------
DROP PROCEDURE IF EXISTS `caja_movimientos_DEL`;
DELIMITER ;;
CREATE   PROCEDURE `caja_movimientos_DEL`(IN `_id_tipo` VARCHAR(36), IN `_id_operacion` VARCHAR(36))
    NO SQL
BEGIN
DELETE m.* 
	FROM caja_movimientos as m 
	WHERE m.id_tipo= UNHEX(_id_tipo) AND m.id_operacion= UNHEX(_id_operacion);
SET @x=TRUE;
SELECT @x as resultado;
END
;;
DELIMITER ;

-- ----------------------------
-- Procedure structure for caja_movimientos_INS
-- ----------------------------
DROP PROCEDURE IF EXISTS `caja_movimientos_INS`;
DELIMITER ;;
CREATE   PROCEDURE `caja_movimientos_INS`(IN `_id_empresa` VARCHAR(36), IN `_id_tipo` VARCHAR(36), IN `_id_operacion` VARCHAR(36), IN `_monto` DOUBLE(10,2), IN `_id_instrumento` VARCHAR(36), IN `_id_cuenta` VARCHAR(36), IN `_id_banco` VARCHAR(36), IN `_numero_operacion` VARCHAR(20))
BEGIN
    SET @my_uuid= ordered_uuid(UUID());
    SET @order_id=UNIX_TIMESTAMP();
		
		INSERT INTO caja_movimientos(id, order_id, id_tipo, id_operacion, monto, id_instrumento, id_cuenta, id_banco, numero_operacion) 
		VALUES (@my_uuid, @order_id, UNHEX(_id_tipo), UNHEX(_id_operacion), _monto, UNHEX(_id_instrumento), UNHEX(_id_cuenta), UNHEX(_id_banco), _numero_operacion);

		SELECT HEX(@my_uuid) as id;   
END
;;
DELIMITER ;

-- ----------------------------
-- Procedure structure for caja_movimientos_SEL
-- ----------------------------
DROP PROCEDURE IF EXISTS `caja_movimientos_SEL`;
DELIMITER ;;
CREATE   PROCEDURE `caja_movimientos_SEL`(IN `_id_tipo` VARCHAR(36), IN `_id_operacion` VARCHAR(36))
    NO SQL
BEGIN
SELECT HEX(m.id) as id, 
			m.order_id, 
			HEX(m.id_tipo) as id_tipo,
			HEX(m.id_operacion) as id_operacion,
			HEX(m.id_instrumento) as id_instrumento, 
			HEX(m.id_cuenta) as id_cuenta, 
			HEX(m.id_banco) as id_banco,
			m.numero_operacion,
			m.monto,
			i.nombre as instrumento_nombre,
			b.nombre as banco_nombre,
			c.numero as cuenta_numero,
			bc.nombre as cuenta_banco_nombre
FROM caja_movimientos as m
LEFT JOIN caja_instrumentos as i ON m.id_instrumento=i.id
LEFT JOIN sistema_listas as b ON m.id_banco=b.id
LEFT JOIN caja_bancos as c ON m.id_cuenta=c.id
LEFT JOIN sistema_listas as bc ON c.id_banco=bc.id
WHERE m.id_tipo = UNHEX(_id_tipo) AND m.id_operacion = UNHEX(_id_operacion);
END
;;
DELIMITER ;

-- ----------------------------
-- Procedure structure for compras_operaciones_INS
-- ----------------------------
DROP PROCEDURE IF EXISTS `compras_operaciones_INS`;
DELIMITER ;;
CREATE   PROCEDURE `compras_operaciones_INS`(IN `_id` VARCHAR(36), IN `_id_empresa` VARCHAR(36), IN `_id_tipo` VARCHAR(36), IN `_numero` INT(10), IN `_nro_control` VARCHAR(100), IN `_fecha` DATETIME, IN `_fecha_registro` DATETIME, IN `_id_doc_origen` VARCHAR(36), IN `_id_proveedor` VARCHAR(36), IN `_id_destino` VARCHAR(36), IN `_monto_bruto` DOUBLE(10,2), IN `_pct_descuento` DOUBLE(10,2), IN `_pct_adicional` DOUBLE(10,2), IN `_monto_neto` DOUBLE(10,2), IN `_monto_iva` DOUBLE(10,2), IN `_monto_total` DOUBLE(10,2), IN `_id_status` VARCHAR(36), IN `_id_estado` VARCHAR(36),IN `_id_usuario` VARCHAR(36), IN `_observacion` VARCHAR(255))
BEGIN
    SET @new_uuid=uuid();
    SET @my_uuid= CONCAT(SUBSTR(@new_uuid, 15, 4),SUBSTR(@new_uuid, 10, 4),SUBSTR(@new_uuid, 1,8),SUBSTR(@new_uuid, 20, 4),SUBSTR(@new_uuid, 25));
    SET @order_id=UNIX_TIMESTAMP();

		INSERT INTO compras_operaciones(id, order_id, id_empresa, id_tipo, numero, nro_control, fecha, fecha_registro, id_doc_origen, id_proveedor, id_destino, monto_bruto, pct_descuento, pct_adicional, monto_neto, monto_iva, monto_total, id_status, id_estado, id_usuario, observacion) 
		VALUES (UNHEX(@my_uuid), @order_id, UNHEX(_id_empresa), UNHEX(_id_tipo), _numero, _nro_control, _fecha, _fecha_registro, UNHEX(_id_doc_origen), UNHEX(_id_proveedor), UNHEX(_id_destino),_monto_bruto, _pct_descuento, _pct_adicional, _monto_neto, _monto_iva, _monto_total, _id_status, _id_estado, _id_usuario, _observacion);

		SELECT @my_uuid as id;   
END
;;
DELIMITER ;

-- ----------------------------
-- Procedure structure for compras_operaciones_LAST
-- ----------------------------
DROP PROCEDURE IF EXISTS `compras_operaciones_LAST`;
DELIMITER ;;
CREATE   PROCEDURE `compras_operaciones_LAST`(IN `_id_empresa` VARCHAR(36), IN `_id_tipo` VARCHAR(36))
    NO SQL
BEGIN
        SELECT 	MAX(o.numero) as lastnumero
								FROM compras_operaciones as o
				WHERE o.id_empresa=UNHEX(_id_empresa) AND o.id_tipo=UNHEX(_id_tipo);
END
;;
DELIMITER ;

-- ----------------------------
-- Procedure structure for compras_operaciones_ONE
-- ----------------------------
DROP PROCEDURE IF EXISTS `compras_operaciones_ONE`;
DELIMITER ;;
CREATE   PROCEDURE `compras_operaciones_ONE`(IN `_id` VARCHAR(36))
    NO SQL
BEGIN
SELECT HEX(o.id) as id, 
	o.order_id, 
	o.numero, 
	o.nro_control, 
	o.fecha, 
	o.fecha_registro, 
	HEX(o.id_empresa) as id_empresa,
	HEX(o.id_tipo) as id_tipo,
	so.nombre as tipo_operacion_nombre,
	HEX(o.id_doc_origen) as id_doc_origen, 
	HEX(o.id_proveedor) as id_proveedor, 
	p.nombre as proveedor_nombre,
	p.rif as proveedor_rif,
	HEX(o.id_destino) as id_destino,
	a.nombre as almacen_nombre,
	o.monto_bruto,
	o.pct_descuento,
	o.pct_adicional,
	o.monto_neto,
	o.monto_iva,
	o.monto_total,
	o.id_status,
	o.id_estado,
	HEX(o.id_usuario) as id_usuario, 
	u.nombre as usuario_nombre,
	o.observacion
FROM compras_operaciones as o
INNER JOIN sistema_operaciones as so ON o.id_tipo=so.id
LEFT JOIN compras_proveedores as p ON o.id_proveedor=p.id
LEFT JOIN inventario_almacenes as a ON o.id_destino=a.id
LEFT JOIN sistema_usuarios as u ON o.id_usuario=u.id
WHERE o.id = UNHEX(_id) LIMIT 1;

END
;;
DELIMITER ;

-- ----------------------------
-- Procedure structure for compras_operaciones_SEL
-- ----------------------------
DROP PROCEDURE IF EXISTS `compras_operaciones_SEL`;
DELIMITER ;;
CREATE   PROCEDURE `compras_operaciones_SEL`(IN `_id_empresa` VARCHAR(36), IN `_id_tipo` VARCHAR(36))
    NO SQL
BEGIN
        SELECT hex(o.id) as id,
                    o.order_id,
										hex(o.id_empresa) as id_empresa,
										hex(o.id_tipo) as id_tipo,
										so.nombre as tipo_operacion_nombre,
										o.numero,
										o.nro_control,
										DATE_FORMAT(o.fecha,'%Y-%m-%dT%TZ') as fecha,
										o.fecha_registro,
										hex(o.id_doc_origen) as id_doc_origen,
										hex(o.id_proveedor) as id_proveedor,
										p.nombre as proveedor_nombre,
										p.rif as proveedor_rif,
										hex(o.id_destino) as id_destino,
										a.nombre as almacen_nombre,
										o.monto_bruto,
										o.pct_descuento,
										o.pct_adicional,
										o.monto_neto,
										o.monto_iva,
										o.monto_total,
										o.id_status,
										o.id_estado,
										hex(o.id_usuario) as id_usuario,
										u.nombre as usuario_nombre,
										o.observacion
        FROM compras_operaciones as o
				INNER JOIN sistema_operaciones as so ON o.id_tipo=so.id
				LEFT JOIN compras_proveedores as p ON o.id_proveedor=p.id
				LEFT JOIN inventario_almacenes as a ON o.id_destino=a.id
				LEFT JOIN sistema_usuarios as u ON o.id_usuario=u.id
				WHERE o.id_empresa=UNHEX(_id_empresa) AND o.id_tipo=UNHEX(_id_tipo)
				ORDER BY o.order_id DESC;
END
;;
DELIMITER ;

-- ----------------------------
-- Procedure structure for compras_operaciones_UPD
-- ----------------------------
DROP PROCEDURE IF EXISTS `compras_operaciones_UPD`;
DELIMITER ;;
CREATE   PROCEDURE `compras_operaciones_UPD`(IN `_id` VARCHAR(36), IN `_id_empresa` VARCHAR(36), IN `_id_tipo` VARCHAR(36), IN `_numero` INT(10), IN `_nro_control` VARCHAR(100), IN `_fecha` DATETIME, IN `_fecha_registro` DATETIME, IN `_id_doc_origen` VARCHAR(36), IN `_id_proveedor` VARCHAR(36), IN `_id_destino` VARCHAR(36), IN `_monto_bruto` DOUBLE(10,2), IN `_pct_descuento` DOUBLE(10,2), IN `_pct_adicional` DOUBLE(10,2), IN `_monto_neto` DOUBLE(10,2), IN `_monto_iva` DOUBLE(10,2), IN `_monto_total` DOUBLE(10,2), IN `_id_status` VARCHAR(36), IN `_id_estado` VARCHAR(36),IN `_id_usuario` VARCHAR(36), IN `_observacion` VARCHAR(255))
    NO SQL
BEGIN
SET @my_uuid=_id;

UPDATE compras_operaciones as o
SET o.id_empresa= UNHEX(_id_empresa),
o.id_tipo= UNHEX(_id_tipo), 
o.numero= _numero, 
o.nro_control= _nro_control, 
o.fecha= _fecha, 
o.fecha_registro= _fecha_registro,
o.id_doc_origen= UNHEX(_id_doc_origen),
o.id_proveedor= UNHEX(_id_proveedor),
o.id_destino= UNHEX(_id_destino),
o.monto_bruto=_monto_bruto,
o.pct_descuento=_pct_descuento,
o.pct_adicional=_pct_adicional,
o.monto_neto=_monto_neto,
o.monto_iva=_monto_iva,
o.monto_total=_monto_total, 
o.id_usuario= UNHEX(_id_usuario), 
o.id_status= _id_status, 
o.observacion= _observacion
WHERE o.id=UNHEX(_id);

SELECT @my_uuid as id;   
END
;;
DELIMITER ;

-- ----------------------------
-- Procedure structure for compras_proveedores_INS
-- ----------------------------
DROP PROCEDURE IF EXISTS `compras_proveedores_INS`;
DELIMITER ;;
CREATE   PROCEDURE `compras_proveedores_INS`(IN `_id` VARCHAR(36), IN `_id_empresa` VARCHAR(36), IN `_nombre` VARCHAR(200), IN `_rif` VARCHAR(20), IN `_direccion` VARCHAR(200), IN `_telefono` VARCHAR(45), IN `_email` VARCHAR(100), IN `_representante` VARCHAR(200), IN `_id_banco` VARCHAR(36), IN `_numero_cuenta` VARCHAR(26), IN `_observacion` VARCHAR(200))
BEGIN
    SET @new_uuid=uuid();
    SET @my_uuid= CONCAT(SUBSTR(@new_uuid, 15, 4),SUBSTR(@new_uuid, 10, 4),SUBSTR(@new_uuid, 1,8),SUBSTR(@new_uuid, 20, 4),SUBSTR(@new_uuid, 25));
    SET @order_id=UNIX_TIMESTAMP();
		
		INSERT INTO compras_proveedores(id, order_id, id_empresa, nombre, rif, direccion, telefono, email, representante, id_banco, numero_cuenta, observacion) 
		VALUES (UNHEX(@my_uuid), @order_id, UNHEX(_id_empresa), _nombre, _rif, _direccion, _telefono, _email, _representante, UNHEX(_id_banco), _numero_cuenta, _observacion);

		SELECT @my_uuid as id;   
END
;;
DELIMITER ;

-- ----------------------------
-- Procedure structure for compras_proveedores_ONE
-- ----------------------------
DROP PROCEDURE IF EXISTS `compras_proveedores_ONE`;
DELIMITER ;;
CREATE   PROCEDURE `compras_proveedores_ONE`(IN `_id` VARCHAR(36))
    NO SQL
BEGIN
SELECT HEX(p.id) as id, p.order_id, HEX(p.id_empresa) as id_empresa, p.nombre, p.rif, p.direccion, p.telefono, p.email, p.representante, HEX(p.id_banco) as id_banco, b.nombre as banco_nombre, p.numero_cuenta, p.observacion
FROM compras_proveedores as p
LEFT JOIN sistema_listas as b ON p.id_banco=b.id
WHERE p.id = UNHEX(_id) LIMIT 1;
END
;;
DELIMITER ;

-- ----------------------------
-- Procedure structure for compras_proveedores_SEL
-- ----------------------------
DROP PROCEDURE IF EXISTS `compras_proveedores_SEL`;
DELIMITER ;;
CREATE   PROCEDURE `compras_proveedores_SEL`(IN `_id_empresa` VARCHAR(36))
    NO SQL
BEGIN
        SELECT hex(p.id) as id,
                    p.order_id,
										HEX(p.id_empresa) as id_empresa,
										p.nombre,
										p.rif,
										p.direccion,
										p.telefono,
										p.email,
										p.representante,
										HEX(p.id_banco) as id_banco,
										b.nombre as banco_nombre,
										p.numero_cuenta,
										p.observacion
        FROM compras_proveedores as p
				LEFT JOIN sistema_listas as b ON p.id_banco=b.id
				WHERE p.id_empresa = UNHEX(_id_empresa);
END
;;
DELIMITER ;

-- ----------------------------
-- Procedure structure for compras_proveedores_UPD
-- ----------------------------
DROP PROCEDURE IF EXISTS `compras_proveedores_UPD`;
DELIMITER ;;
CREATE   PROCEDURE `compras_proveedores_UPD`(IN `_id` VARCHAR(36), IN `_id_empresa` VARCHAR(36), IN `_nombre` VARCHAR(200), IN `_rif` VARCHAR(20), IN `_direccion` VARCHAR(200), IN `_telefono` VARCHAR(45), IN `_email` VARCHAR(100), IN `_representante` VARCHAR(200), IN `_id_banco` VARCHAR(36), IN `_numero_cuenta` VARCHAR(26), IN `_observacion` VARCHAR(200))
    NO SQL
BEGIN
SET @my_uuid=_id;

UPDATE compras_proveedores as p
SET p.id_empresa=UNHEX(_id_empresa), p.nombre=_nombre, p.rif=_rif, p.direccion=_direccion, p.telefono=_telefono, p.email=_email, p.representante=_representante, p.id_banco=UNHEX(_id_banco), p.numero_cuenta=_numero_cuenta, p.observacion=_observacion
WHERE p.id=UNHEX(_id);

SELECT @my_uuid as id;   
END
;;
DELIMITER ;

-- ----------------------------
-- Procedure structure for empresa_empleados_INS
-- ----------------------------
DROP PROCEDURE IF EXISTS `empresa_empleados_INS`;
DELIMITER ;;
CREATE   PROCEDURE `empresa_empleados_INS`(IN `_id` VARCHAR(36), IN `_id_empresa` VARCHAR(36), IN `_id_tipo` VARCHAR(36), IN `_cedula` VARCHAR(20), IN `_nombre` VARCHAR(100), IN `_pct_comision` DOUBLE(3,2))
BEGIN
    SET @new_uuid=uuid();
    SET @my_uuid= CONCAT(SUBSTR(@new_uuid, 15, 4),SUBSTR(@new_uuid, 10, 4),SUBSTR(@new_uuid, 1,8),SUBSTR(@new_uuid, 20, 4),SUBSTR(@new_uuid, 25));
    SET @order_id=UNIX_TIMESTAMP();
		
		INSERT INTO empresa_personal(id, order_id, id_empresa, id_tipo, cedula, nombre, pct_comision) 
		VALUES (UNHEX(@my_uuid), @order_id, UNHEX(_id_empresa), UNHEX(_id_tipo), _cedula, _nombre, _pct_comision);

		SELECT @my_uuid as id;   
END
;;
DELIMITER ;

-- ----------------------------
-- Procedure structure for empresa_empleados_ONE
-- ----------------------------
DROP PROCEDURE IF EXISTS `empresa_empleados_ONE`;
DELIMITER ;;
CREATE   PROCEDURE `empresa_empleados_ONE`(IN `_id` VARCHAR(36))
    NO SQL
BEGIN
SELECT 
	HEX(c.id) as id, 
	c.order_id, 
	HEX(c.id_empresa) as id_empresa, 
	HEX(c.id_tipo) as id_tipo, 
	t.nombre as tipo_nombre, 
	c.cedula,
	c.nombre,
	c.pct_comision
FROM empresa_personal as c  
LEFT JOIN sistema_listas as t ON c.id_tipo = t.id
WHERE c.id = UNHEX(_id) LIMIT 1;
END
;;
DELIMITER ;

-- ----------------------------
-- Procedure structure for empresa_empleados_SEL
-- ----------------------------
DROP PROCEDURE IF EXISTS `empresa_empleados_SEL`;
DELIMITER ;;
CREATE   PROCEDURE `empresa_empleados_SEL`(IN `_id_empresa` VARCHAR(36))
    NO SQL
BEGIN
	SELECT hex(c.id) as id,
							c.order_id,
							hex(c.id_tipo) as id_tipo,
							t.nombre as tipo_nombre,
							c.cedula,
							c.nombre,
							c.pct_comision
	FROM empresa_personal as c
	LEFT JOIN sistema_listas as t ON c.id_tipo = t.id
	WHERE c.id_empresa = UNHEX(_id_empresa);

END
;;
DELIMITER ;

-- ----------------------------
-- Procedure structure for empresa_empleados_UPD
-- ----------------------------
DROP PROCEDURE IF EXISTS `empresa_empleados_UPD`;
DELIMITER ;;
CREATE   PROCEDURE `empresa_empleados_UPD`(IN `_id` VARCHAR(36), IN `_id_empresa` VARCHAR(36), IN `_id_tipo` VARCHAR(36), IN `_cedula` VARCHAR(20), IN `_nombre` VARCHAR(100), IN `_pct_comision` DOUBLE(3,2))
    NO SQL
BEGIN
SET @my_uuid=_id;

UPDATE empresa_personal as a
SET a.id_empresa=UNHEX(_id_empresa), 
	a.id_tipo=UNHEX(_id_tipo), 
	a.cedula=_cedula,
	a.nombre=_nombre,
	a.pct_comision= _pct_comision
WHERE a.id=UNHEX(_id);

SELECT @my_uuid as id;   
END
;;
DELIMITER ;

-- ----------------------------
-- Procedure structure for empresa_vehiculos_INS
-- ----------------------------
DROP PROCEDURE IF EXISTS `empresa_vehiculos_INS`;
DELIMITER ;;
CREATE   PROCEDURE `empresa_vehiculos_INS`(IN `_id` VARCHAR(36), IN `_id_empresa` VARCHAR(36), IN `_vehiculo` VARCHAR(30), IN `_modelo` VARCHAR(30), IN `_marca` VARCHAR(30), IN `_color` VARCHAR(30), IN `_placa` VARCHAR(30), IN `_racda` VARCHAR(30))
BEGIN
    SET @new_uuid=uuid();
    SET @my_uuid= CONCAT(SUBSTR(@new_uuid, 15, 4),SUBSTR(@new_uuid, 10, 4),SUBSTR(@new_uuid, 1,8),SUBSTR(@new_uuid, 20, 4),SUBSTR(@new_uuid, 25));
    SET @order_id=UNIX_TIMESTAMP();
		
		INSERT INTO empresa_vehiculos(id, order_id, id_empresa, vehiculo, modelo, marca, color, placa, racda) 
		VALUES (UNHEX(@my_uuid), @order_id, UNHEX(_id_empresa), _vehiculo, _modelo, _marca, _color, _placa, _racda);

		SELECT @my_uuid as id;   
END
;;
DELIMITER ;

-- ----------------------------
-- Procedure structure for empresa_vehiculos_ONE
-- ----------------------------
DROP PROCEDURE IF EXISTS `empresa_vehiculos_ONE`;
DELIMITER ;;
CREATE   PROCEDURE `empresa_vehiculos_ONE`(IN `_id` VARCHAR(36))
    NO SQL
BEGIN
SELECT 
	HEX(c.id) as id, 
	c.order_id, 
	HEX(c.id_empresa) as id_empresa, 
	c.vehiculo,
	c.marca,
	c.modelo,
	c.color,
	c.placa,
	c.racda
FROM empresa_vehiculos as c  
WHERE c.id = UNHEX(_id) LIMIT 1;
END
;;
DELIMITER ;

-- ----------------------------
-- Procedure structure for empresa_vehiculos_SEL
-- ----------------------------
DROP PROCEDURE IF EXISTS `empresa_vehiculos_SEL`;
DELIMITER ;;
CREATE   PROCEDURE `empresa_vehiculos_SEL`(IN `_id_empresa` VARCHAR(36))
    NO SQL
BEGIN
	SELECT hex(c.id) as id,
							c.order_id, 
							HEX(c.id_empresa) as id_empresa, 
							c.vehiculo,
							c.marca,
							c.modelo,
							c.color,
							c.placa,
							c.racda
	FROM empresa_vehiculos as c
	WHERE c.id_empresa = UNHEX(_id_empresa);

END
;;
DELIMITER ;

-- ----------------------------
-- Procedure structure for empresa_vehiculos_UPD
-- ----------------------------
DROP PROCEDURE IF EXISTS `empresa_vehiculos_UPD`;
DELIMITER ;;
CREATE   PROCEDURE `empresa_vehiculos_UPD`(IN `_id` VARCHAR(36), IN `_id_empresa` VARCHAR(36), IN `_vehiculo` VARCHAR(30), IN `_modelo` VARCHAR(30), IN `_marca` VARCHAR(30), IN `_color` VARCHAR(30), IN `_placa` VARCHAR(30), IN `_racda` VARCHAR(30))
    NO SQL
BEGIN
SET @my_uuid=_id;

UPDATE empresa_vehiculos as a
SET a.id_empresa=UNHEX(_id_empresa), 
	a.vehiculo=_vehiculo,	
	a.modelo=_modelo,
	a.marca=_marca,
	a.color=_color,
	a.placa=_placa,
	a.racda=_racda
WHERE a.id=UNHEX(_id);

SELECT @my_uuid as id;   
END
;;
DELIMITER ;

-- ----------------------------
-- Procedure structure for inventario_almacenes_DEFAULT
-- ----------------------------
DROP PROCEDURE IF EXISTS `inventario_almacenes_DEFAULT`;
DELIMITER ;;
CREATE   PROCEDURE `inventario_almacenes_DEFAULT`(IN `_id_empresa` VARCHAR(36))
BEGIN
	SELECT HEX(a.id) as id, a.order_id, a.nombre, a.descrip, a.es_default
		FROM inventario_almacenes as a
		WHERE a.id_empresa = UNHEX(_id_empresa)  AND a.es_default= 1 LIMIT 1;
END
;;
DELIMITER ;

-- ----------------------------
-- Procedure structure for inventario_almacenes_INS
-- ----------------------------
DROP PROCEDURE IF EXISTS `inventario_almacenes_INS`;
DELIMITER ;;
CREATE   PROCEDURE `inventario_almacenes_INS`(IN `_id` VARCHAR(36), IN `_id_empresa` VARCHAR(36), IN `_nombre` VARCHAR(100), IN `_descrip` VARCHAR(100), IN `_es_default` TINYINT(1))
BEGIN
        		SET @new_uuid=uuid();
    SET @my_uuid= CONCAT(SUBSTR(@new_uuid, 15, 4),SUBSTR(@new_uuid, 10, 4),SUBSTR(@new_uuid, 1,8),SUBSTR(@new_uuid, 20, 4),SUBSTR(@new_uuid, 25));
    SET @order_id=UNIX_TIMESTAMP();

		INSERT INTO inventario_almacenes(id, order_id, id_empresa, nombre, descrip, es_default) 
		VALUES (UNHEX(@my_uuid), @order_id, UNHEX(_id_empresa), _nombre, _descrip, _es_default);

		SELECT @my_uuid as id;   
END
;;
DELIMITER ;

-- ----------------------------
-- Procedure structure for inventario_almacenes_ONE
-- ----------------------------
DROP PROCEDURE IF EXISTS `inventario_almacenes_ONE`;
DELIMITER ;;
CREATE   PROCEDURE `inventario_almacenes_ONE`(IN `_id` VARCHAR(36))
    NO SQL
BEGIN
SELECT HEX(a.id) as id, a.order_id, HEX(a.id_empresa) as id_empresa, a.nombre, a.descrip, a.es_default
FROM inventario_almacenes as a
WHERE a.id = UNHEX(_id) LIMIT 1;
END
;;
DELIMITER ;

-- ----------------------------
-- Procedure structure for inventario_almacenes_SEL
-- ----------------------------
DROP PROCEDURE IF EXISTS `inventario_almacenes_SEL`;
DELIMITER ;;
CREATE   PROCEDURE `inventario_almacenes_SEL`(IN `_id_empresa` VARCHAR(36))
    NO SQL
BEGIN
        SELECT hex(a.id) as id,
                    a.order_id,
										HEX(a.id_empresa),
										a.nombre,
										a.descrip,
										a.es_default
        FROM inventario_almacenes as a
				WHERE a.id_empresa = UNHEX(_id_empresa);
END
;;
DELIMITER ;

-- ----------------------------
-- Procedure structure for inventario_almacenes_UPD
-- ----------------------------
DROP PROCEDURE IF EXISTS `inventario_almacenes_UPD`;
DELIMITER ;;
CREATE   PROCEDURE `inventario_almacenes_UPD`(IN `_id` VARCHAR(36), IN `_id_empresa` VARCHAR(36),  IN `_nombre` VARCHAR(100), IN `_descrip` VARCHAR(100), IN `_es_default` TINYINT(1))
    NO SQL
BEGIN
SET @my_uuid=_id;

UPDATE inventario_almacenes as a
SET a.id_empresa=UNHEX(_id_empresa), a.nombre=_nombre, a.descrip=_descrip, a.es_default=_es_default
WHERE a.id=UNHEX(_id);

SELECT @my_uuid as id;   
END
;;
DELIMITER ;

-- ----------------------------
-- Procedure structure for inventario_atributos_DEL
-- ----------------------------
DROP PROCEDURE IF EXISTS `inventario_atributos_DEL`;
DELIMITER ;;
CREATE   PROCEDURE `inventario_atributos_DEL`(IN `_id_producto` VARCHAR(36))
    NO SQL
BEGIN
DELETE a.* FROM inventario_atributos as a WHERE a.id_producto = UNHEX(_id_producto);
SET @x=TRUE;
SELECT @x as resultado;
END
;;
DELIMITER ;

-- ----------------------------
-- Procedure structure for inventario_atributos_INS
-- ----------------------------
DROP PROCEDURE IF EXISTS `inventario_atributos_INS`;
DELIMITER ;;
CREATE   PROCEDURE `inventario_atributos_INS`(IN `_id_producto` VARCHAR(36), IN `_nombre` VARCHAR(100), IN `_valor` VARCHAR(100))
BEGIN
    SET @my_uuid= ordered_uuid(UUID());
    SET @order_id=UNIX_TIMESTAMP();
		
		INSERT INTO inventario_atributos(id, order_id, id_producto, nombre, valor) 
		VALUES (@my_uuid, @order_id, UNHEX(_id_producto), _nombre, _valor);

		SELECT HEX(@my_uuid) as id;   
END
;;
DELIMITER ;

-- ----------------------------
-- Procedure structure for inventario_atributos_SEL
-- ----------------------------
DROP PROCEDURE IF EXISTS `inventario_atributos_SEL`;
DELIMITER ;;
CREATE   PROCEDURE `inventario_atributos_SEL`(IN `_id_producto` VARCHAR(36))
    NO SQL
BEGIN
SELECT HEX(a.id) as id, a.order_id, HEX(a.id_producto), a.nombre, a.valor
FROM inventario_atributos as a
WHERE a.id_producto = UNHEX(_id_producto);
END
;;
DELIMITER ;

-- ----------------------------
-- Procedure structure for inventario_categorias_INS
-- ----------------------------
DROP PROCEDURE IF EXISTS `inventario_categorias_INS`;
DELIMITER ;;
CREATE   PROCEDURE `inventario_categorias_INS`(IN `_id` VARCHAR(36), IN `_id_empresa` VARCHAR(36), IN `_nombre` VARCHAR(100), IN `_descrip` VARCHAR(100), IN `_id_padre` VARCHAR(36))
BEGIN
    SET @new_uuid=uuid();
    SET @my_uuid= CONCAT(SUBSTR(@new_uuid, 15, 4),SUBSTR(@new_uuid, 10, 4),SUBSTR(@new_uuid, 1,8),SUBSTR(@new_uuid, 20, 4),SUBSTR(@new_uuid, 25));
    SET @order_id=UNIX_TIMESTAMP();
INSERT INTO inventario_categorias(id, order_id, id_empresa, nombre, descrip, id_padre) 
VALUES (UNHEX(@my_uuid), @order_id, UNHEX(_id_empresa), _nombre, _descrip, UNHEX(_id_padre));

SELECT @my_uuid as id;   

END
;;
DELIMITER ;

-- ----------------------------
-- Procedure structure for inventario_categorias_ONE
-- ----------------------------
DROP PROCEDURE IF EXISTS `inventario_categorias_ONE`;
DELIMITER ;;
CREATE   PROCEDURE `inventario_categorias_ONE`(IN `_id` VARCHAR(36))
    NO SQL
BEGIN
SELECT HEX(c.id) as id, c.order_id, HEX(c.id_empresa) as id_empresa, t.nombre as padre_nombre, c.nombre, c.descrip, HEX(c.id_padre) as id_padre
FROM inventario_categorias as c  
LEFT JOIN inventario_categorias as t ON c.id_padre= t.id
WHERE c.id = UNHEX(_id) LIMIT 1;
END
;;
DELIMITER ;

-- ----------------------------
-- Procedure structure for inventario_categorias_SEL
-- ----------------------------
DROP PROCEDURE IF EXISTS `inventario_categorias_SEL`;
DELIMITER ;;
CREATE   PROCEDURE `inventario_categorias_SEL`(IN `_id_empresa` VARCHAR(36))
    NO SQL
BEGIN
		SELECT hex(c.id) as id,
								c.order_id,
								hex(c.id_empresa) as id_empresa,
								hex(c.id_padre) as id_padre,
								t.nombre as padre_nombre,
																c.nombre,
																c.descrip
		FROM inventario_categorias as c
		LEFT JOIN inventario_categorias as t ON c.id_padre= t.id
		WHERE c.id_empresa=UNHEX(_id_empresa)
		ORDER BY c.nombre;

END
;;
DELIMITER ;

-- ----------------------------
-- Procedure structure for inventario_categorias_UPD
-- ----------------------------
DROP PROCEDURE IF EXISTS `inventario_categorias_UPD`;
DELIMITER ;;
CREATE   PROCEDURE `inventario_categorias_UPD`(IN `_id` VARCHAR(36), IN `_id_empresa` VARCHAR(36), IN `_nombre` VARCHAR(100), IN `_descrip` VARCHAR(100), IN `_id_padre` VARCHAR(36))
    NO SQL
BEGIN
SET @my_uuid=_id;

UPDATE inventario_categorias as c
SET c.id_empresa=UNHEX(_id_empresa), c.nombre=_nombre, c.descrip=_descrip, c.id_padre=UNHEX(_id_padre)
WHERE c.id=UNHEX(_id);

SELECT @my_uuid as id;   
END
;;
DELIMITER ;

-- ----------------------------
-- Procedure structure for inventario_existencias_AUM
-- ----------------------------
DROP PROCEDURE IF EXISTS `inventario_existencias_AUM`;
DELIMITER ;;
CREATE   PROCEDURE `inventario_existencias_AUM`(IN `_id_producto` VARCHAR(36), IN `_id_almacen` VARCHAR(36), IN `_cantidad` DOUBLE(10,2))
    NO SQL
BEGIN
SET @existe=(SELECT COUNT(e.id) as cuantos FROM inventario_existencias as e WHERE e.id_producto=UNHEX(_id_producto) AND e.id_almacen=UNHEX(_id_almacen));

IF @existe>0 THEN 
	UPDATE inventario_existencias as e
	SET e.cantidad=e.cantidad + _cantidad
	WHERE e.id_producto=UNHEX(_id_producto) AND e.id_almacen=UNHEX(_id_almacen);
ELSE
	SET @new_uuid=uuid();
	SET @my_uuid= CONCAT(SUBSTR(@new_uuid, 15, 4),SUBSTR(@new_uuid, 10, 4),SUBSTR(@new_uuid, 1,8),SUBSTR(@new_uuid, 20, 4),SUBSTR(@new_uuid, 25));
	SET @order_id=UNIX_TIMESTAMP();
	INSERT INTO inventario_existencias(id, order_id, id_producto, id_almacen, cantidad) 
	VALUES (UNHEX(@my_uuid), @order_id, UNHEX(_id_producto), UNHEX(_id_almacen), _cantidad);
END IF;

SELECT _id_producto as id;   
END
;;
DELIMITER ;

-- ----------------------------
-- Procedure structure for inventario_existencias_DIS
-- ----------------------------
DROP PROCEDURE IF EXISTS `inventario_existencias_DIS`;
DELIMITER ;;
CREATE   PROCEDURE `inventario_existencias_DIS`(IN `_id_producto` VARCHAR(36), IN `_id_almacen` VARCHAR(36), IN `_cantidad` DOUBLE(10,2))
    NO SQL
BEGIN
SET @existe=(SELECT COUNT(e.id) as cuantos FROM inventario_existencias as e WHERE e.id_producto=UNHEX(_id_producto) AND e.id_almacen=UNHEX(_id_almacen));

IF @existe>0 THEN 
	UPDATE inventario_existencias as e
	SET e.cantidad=e.cantidad - _cantidad
	WHERE e.id_producto=UNHEX(_id_producto) AND e.id_almacen=UNHEX(_id_almacen);
ELSE
	SET @new_uuid=uuid();
	SET @my_uuid= CONCAT(SUBSTR(@new_uuid, 15, 4),SUBSTR(@new_uuid, 10, 4),SUBSTR(@new_uuid, 1,8),SUBSTR(@new_uuid, 20, 4),SUBSTR(@new_uuid, 25));
	SET @order_id=UNIX_TIMESTAMP();
	INSERT INTO inventario_existencias(id, order_id, id_producto, id_almacen, cantidad) 
	VALUES (UNHEX(@my_uuid), @order_id, UNHEX(_id_producto), UNHEX(_id_almacen), _cantidad);
END IF;

SELECT _id_producto as id;   
END
;;
DELIMITER ;

-- ----------------------------
-- Procedure structure for inventario_existencias_INS
-- ----------------------------
DROP PROCEDURE IF EXISTS `inventario_existencias_INS`;
DELIMITER ;;
CREATE   PROCEDURE `inventario_existencias_INS`(IN `_id` VARCHAR(36), IN `_id_producto` VARCHAR(36), IN `_id_almacen` VARCHAR(36), IN `_cantidad` DOUBLE(10,2))
BEGIN
    SET @new_uuid=uuid();
    SET @my_uuid= CONCAT(SUBSTR(@new_uuid, 15, 4),SUBSTR(@new_uuid, 10, 4),SUBSTR(@new_uuid, 1,8),SUBSTR(@new_uuid, 20, 4),SUBSTR(@new_uuid, 25));
    SET @order_id=UNIX_TIMESTAMP();
INSERT INTO inventario_existencias(id, order_id, id_producto, id_almacen, cantidad) 
VALUES (UNHEX(@my_uuid), @order_id, _id_producto, _id_almacen, _cantidad);

SELECT @my_uuid as id;   

END
;;
DELIMITER ;

-- ----------------------------
-- Procedure structure for inventario_existencias_MAX_ALM
-- ----------------------------
DROP PROCEDURE IF EXISTS `inventario_existencias_MAX_ALM`;
DELIMITER ;;
CREATE   PROCEDURE `inventario_existencias_MAX_ALM`(IN `_id` VARCHAR(36))
    NO SQL
BEGIN
        SELECT 	HEX(e.id_almacen) as id_almacen, MAX(e.cantidad) as max_cantidad
								FROM inventario_existencias as e
				WHERE e.id_producto=UNHEX(_id);
END
;;
DELIMITER ;

-- ----------------------------
-- Procedure structure for inventario_existencias_ONE
-- ----------------------------
DROP PROCEDURE IF EXISTS `inventario_existencias_ONE`;
DELIMITER ;;
CREATE   PROCEDURE `inventario_existencias_ONE`(IN `_id_producto` VARCHAR(36))
    NO SQL
BEGIN
SELECT 
	HEX(e.id) as id, 
	e.order_id, 
	HEX(e.id_producto) as id_producto, 
	HEX(e.id_almacen) as id_almacen, 
	a.nombre, 
	COALESCE((e.cantidad),0) as cantidad
FROM inventario_existencias as e
RIGHT JOIN inventario_almacenes as a ON e.id_almacen=a.id
WHERE e.id_producto = UNHEX(_id_producto);
END
;;
DELIMITER ;

-- ----------------------------
-- Procedure structure for inventario_existencias_SEL
-- ----------------------------
DROP PROCEDURE IF EXISTS `inventario_existencias_SEL`;
DELIMITER ;;
CREATE   PROCEDURE `inventario_existencias_SEL`()
    NO SQL
BEGIN
        SELECT hex(e.id) as id,
                    e.order_id,
										hex(e.id_producto),
										p.nombre,
										p.codigo,
										u.nombre,
										hex(e.id_almacen),
										a.nombre,
										e.cantidad
        FROM inventario_existencias as e
				INNER JOIN inventario_almacenes as a ON e.id_almacen=a.id
				INNER JOIN inventario_productos as p ON e.id_producto=p.id
				INNER JOIN sistema_unidades as u ON p.id_unidad_venta=u.id;
END
;;
DELIMITER ;

-- ----------------------------
-- Procedure structure for inventario_existencias_UPD
-- ----------------------------
DROP PROCEDURE IF EXISTS `inventario_existencias_UPD`;
DELIMITER ;;
CREATE   PROCEDURE `inventario_existencias_UPD`(IN `_id_producto` VARCHAR(36), IN `_id_almacen` VARCHAR(36), IN `_cantidad` DOUBLE(10,2))
    NO SQL
BEGIN
SET @my_uuid=_id;

UPDATE inventario_existencias as e
SET e.cantidad=_cantidad
WHERE e.id_producto=UNHEX(_id_producto) AND e.id_almacen=UNHEX(_id_almacen);

SELECT @my_uuid as id;   
END
;;
DELIMITER ;

-- ----------------------------
-- Procedure structure for inventario_formulas_DEL
-- ----------------------------
DROP PROCEDURE IF EXISTS `inventario_formulas_DEL`;
DELIMITER ;;
CREATE   PROCEDURE `inventario_formulas_DEL`(IN `_id_producto` VARCHAR(36))
    NO SQL
BEGIN
DELETE f.* FROM inventario_formulas as f WHERE f.id_producto = UNHEX(_id_producto);
SET @x=TRUE;
SELECT @x as resultado;
END
;;
DELIMITER ;

-- ----------------------------
-- Procedure structure for inventario_formulas_INS
-- ----------------------------
DROP PROCEDURE IF EXISTS `inventario_formulas_INS`;
DELIMITER ;;
CREATE   PROCEDURE `inventario_formulas_INS`(IN `_id_producto` VARCHAR(36), IN `_id_componente` VARCHAR(36), IN `_id_unidad` VARCHAR(36), IN `_cantidad` DOUBLE(10,2))
BEGIN
    SET @my_uuid= ordered_uuid(UUID());
    SET @order_id=UNIX_TIMESTAMP();
		
		INSERT INTO inventario_formulas(id, order_id, id_producto, id_componente, id_unidad, cantidad) 
		VALUES (@my_uuid, @order_id, UNHEX(_id_producto), UNHEX(_id_componente), UNHEX(_id_unidad), _cantidad);

		SELECT HEX(@my_uuid) as id;   
END
;;
DELIMITER ;

-- ----------------------------
-- Procedure structure for inventario_formulas_SEL
-- ----------------------------
DROP PROCEDURE IF EXISTS `inventario_formulas_SEL`;
DELIMITER ;;
CREATE   PROCEDURE `inventario_formulas_SEL`(IN `_id_producto` VARCHAR(36))
    NO SQL
BEGIN
SET @dolar=(SELECT c.valor FROM sistema_cotizaciones as c  ORDER BY c.id DESC LIMIT 1);

SELECT HEX(f.id) as id, 
			f.order_id, 
			HEX(f.id_producto) as id_producto, 
			HEX(f.id_componente) as id_componente, 
			HEX(f.id_unidad) as id_unidad, 
			s.codigo as componente_codigo,
			s.nombre as componente_nombre, 
			uc.nombre_display as componente_unidad, 
			f.cantidad,
			@componente_costo_dolar:=(((p.dolar_costo_dolar * uc.factor_conversion)/u.factor_conversion)* f.cantidad ) as componente_costo_dolar,
			@componente_dolar_costo_bruto:= ROUND(COALESCE((@componente_costo_dolar * @dolar),0),2) as componente_dolar_costo_bruto,
			@componente_dolar_costo_neto:=ROUND(COALESCE(((@componente_dolar_costo_bruto/((p.costo_pct_dcto/100)+1))*((p.costo_pct_adic/100)+1)),@componente_dolar_costo_bruto),2) as componente_dolar_costo_neto 
FROM inventario_formulas as f
INNER JOIN inventario_productos as p ON f.id_componente=p.id
INNER JOIN sistema_productos as s ON p.id_producto=s.id
INNER JOIN sistema_unidades as u ON s.id_unidad_venta=u.id
INNER JOIN sistema_unidades as uc ON f.id_unidad=uc.id
WHERE f.id_producto = UNHEX(_id_producto);
END
;;
DELIMITER ;

-- ----------------------------
-- Procedure structure for inventario_movimientos_DEL
-- ----------------------------
DROP PROCEDURE IF EXISTS `inventario_movimientos_DEL`;
DELIMITER ;;
CREATE   PROCEDURE `inventario_movimientos_DEL`(IN `_id_tipo` VARCHAR(36), IN `_id_operacion` VARCHAR(36))
    NO SQL
BEGIN
DELETE m.* 
	FROM inventario_movimientos as m 
	WHERE m.id_tipo= UNHEX(_id_tipo) AND m.id_operacion= UNHEX(_id_operacion);
SET @x=TRUE;
SELECT @x as resultado;
END
;;
DELIMITER ;

-- ----------------------------
-- Procedure structure for inventario_movimientos_INS
-- ----------------------------
DROP PROCEDURE IF EXISTS `inventario_movimientos_INS`;
DELIMITER ;;
CREATE   PROCEDURE `inventario_movimientos_INS`(IN `_id_tipo` VARCHAR(36), IN `_id_operacion` VARCHAR(36), IN `_id_producto` VARCHAR(36), IN `_id_producto_padre` VARCHAR(36), IN `_id_unidad` VARCHAR(36), IN `_precio` DOUBLE(10,2), IN `_cantidad` DOUBLE(10,2), IN `_id_impuesto` VARCHAR(36), IN `_valor_impuesto` DOUBLE(10,2))
BEGIN
    SET @my_uuid= ordered_uuid(UUID());
    SET @order_id=UNIX_TIMESTAMP();
		
		INSERT INTO inventario_movimientos(id, order_id, id_tipo, id_operacion, id_producto, id_producto_padre, id_unidad, precio, cantidad, id_impuesto, valor_impuesto) 
		VALUES (@my_uuid, @order_id, UNHEX(_id_tipo), UNHEX(_id_operacion), UNHEX(_id_producto), UNHEX(_id_producto_padre), UNHEX(_id_unidad), _precio, _cantidad, UNHEX(_id_impuesto), _valor_impuesto);

		SELECT HEX(@my_uuid) as id;   
END
;;
DELIMITER ;

-- ----------------------------
-- Procedure structure for inventario_movimientos_SEL
-- ----------------------------
DROP PROCEDURE IF EXISTS `inventario_movimientos_SEL`;
DELIMITER ;;
CREATE   PROCEDURE `inventario_movimientos_SEL`(IN `_id_tipo` VARCHAR(36), IN `_id_operacion` VARCHAR(36))
    NO SQL
BEGIN
SELECT HEX(m.id) as id, 
			m.order_id, 
			HEX(m.id_producto) as id_producto, 
			HEX(m.id_producto_padre) as id_producto_padre, 
			HEX(m.id_unidad) as id_unidad,
			HEX(m.id_impuesto) as id_impuesto, 
			s.codigo as producto_codigo,
			s.nombre as producto_nombre, 
			u.nombre_display as producto_unidad, 
			m.cantidad,
			m.precio,
			m.valor_impuesto,
			@monto:=(m.precio * m.cantidad ) as monto,
			@monto_impuesto:=ROUND((@monto*((m.valor_impuesto/100)+1))-@monto ) as monto_impuesto
FROM inventario_movimientos as m
INNER JOIN inventario_productos as p ON m.id_producto=p.id
INNER JOIN sistema_productos as s ON p.id_producto=s.id
INNER JOIN sistema_unidades as u ON m.id_unidad=u.id
WHERE m.id_tipo = UNHEX(_id_tipo) AND m.id_operacion = UNHEX(_id_operacion) AND m.id_producto_padre=UNHEX('00000000000000000000000000000000') ;
END
;;
DELIMITER ;

-- ----------------------------
-- Procedure structure for inventario_operaciones_INS
-- ----------------------------
DROP PROCEDURE IF EXISTS `inventario_operaciones_INS`;
DELIMITER ;;
CREATE   PROCEDURE `inventario_operaciones_INS`(IN `_id` VARCHAR(36), IN `_id_empresa` VARCHAR(36), IN `_id_tipo` VARCHAR(36), IN `_numero` INT(10), IN `_nro_control` VARCHAR(100), IN `_fecha` DATETIME, IN `_fecha_registro` DATETIME, IN `_id_doc_origen` VARCHAR(36), IN `_id_origen` VARCHAR(36), IN `_id_destino` VARCHAR(36), IN `_id_usuario` VARCHAR(36), IN `_id_status` VARCHAR(36), IN `_id_estado` VARCHAR(36),  IN `_observacion` VARCHAR(255))
BEGIN
    SET @new_uuid=uuid();
    SET @my_uuid= CONCAT(SUBSTR(@new_uuid, 15, 4),SUBSTR(@new_uuid, 10, 4),SUBSTR(@new_uuid, 1,8),SUBSTR(@new_uuid, 20, 4),SUBSTR(@new_uuid, 25));
    SET @order_id=UNIX_TIMESTAMP();

		INSERT INTO inventario_operaciones(id, order_id, id_empresa, id_tipo, numero, nro_control, fecha, fecha_registro, id_doc_origen, id_origen, id_destino, id_usuario, id_status, id_estado, observacion) 
		VALUES (UNHEX(@my_uuid), @order_id, UNHEX(_id_empresa), UNHEX(_id_tipo), _numero, _nro_control, _fecha, _fecha_registro, UNHEX(_id_doc_origen), UNHEX(_id_origen), UNHEX(_id_destino), UNHEX(_id_usuario), _id_status, id_estado, _observacion);

		SELECT @my_uuid as id;   
END
;;
DELIMITER ;

-- ----------------------------
-- Procedure structure for inventario_operaciones_LAST
-- ----------------------------
DROP PROCEDURE IF EXISTS `inventario_operaciones_LAST`;
DELIMITER ;;
CREATE   PROCEDURE `inventario_operaciones_LAST`(IN `_id_empresa` VARCHAR(36), IN `_id_tipo` VARCHAR(36))
    NO SQL
BEGIN
        SELECT 	MAX(o.numero) as lastnumero
								FROM inventario_operaciones as o
				WHERE o.id_empresa=UNHEX(_id_empresa) AND o.id_tipo=UNHEX(_id_tipo);
END
;;
DELIMITER ;

-- ----------------------------
-- Procedure structure for inventario_operaciones_ONE
-- ----------------------------
DROP PROCEDURE IF EXISTS `inventario_operaciones_ONE`;
DELIMITER ;;
CREATE   PROCEDURE `inventario_operaciones_ONE`(IN `_id` VARCHAR(36))
    NO SQL
BEGIN
SELECT HEX(o.id) as id, 
	o.order_id,
	HEX(o.id_empresa) as id_empresa,
	o.numero, 
	o.nro_control, 
	o.fecha, 
	o.fecha_registro, 
	HEX(o.id_tipo) as id_tipo,
	so.nombre as tipo_operacion_nombre,
	HEX(o.id_origen) as id_origen, 
	ao.nombre origen_nombre,
	HEX(o.id_destino) as id_destino, 
	ad.nombre as destino_nombre,
	HEX(o.id_usuario) as id_usuario, 
	o.id_status, 
	u.nombre as usuario_nombre,
	o.observacion
FROM inventario_operaciones as o
INNER JOIN sistema_operaciones as so ON o.id_tipo=so.id
LEFT JOIN inventario_almacenes as ao ON o.id_origen=ao.id
LEFT JOIN inventario_almacenes as ad ON o.id_destino=ad.id
LEFT JOIN sistema_usuarios as u ON o.id_usuario=u.id
WHERE o.id = UNHEX(_id) LIMIT 1;

END
;;
DELIMITER ;

-- ----------------------------
-- Procedure structure for inventario_operaciones_SEL
-- ----------------------------
DROP PROCEDURE IF EXISTS `inventario_operaciones_SEL`;
DELIMITER ;;
CREATE   PROCEDURE `inventario_operaciones_SEL`(IN `_id_empresa` VARCHAR(36), IN `_id_tipo` VARCHAR(36))
    NO SQL
BEGIN
        SELECT hex(o.id) as id,
                    o.order_id,
										HEX(o.id_empresa) as id_empresa,
										hex(o.id_tipo) as id_tipo,
										so.nombre as tipo_operacion_nombre,
										o.numero,
										o.nro_control,
										DATE_FORMAT(o.fecha,'%Y-%m-%dT%TZ') as fecha,
										o.fecha_registro,
										hex(o.id_origen) as id_origen,
										ao.nombre origen_nombre,
										hex(o.id_destino) as id_destino,
										ad.nombre as destino_nombre,
										hex(o.id_usuario) as id_usuario,
										u.nombre as usuario_nombre,
										o.id_status,
										o.observacion
        FROM inventario_operaciones as o
				INNER JOIN sistema_operaciones as so ON o.id_tipo=so.id
				LEFT JOIN inventario_almacenes as ao ON o.id_origen=ao.id
				LEFT JOIN inventario_almacenes as ad ON o.id_destino=ad.id
				LEFT JOIN sistema_usuarios as u ON o.id_usuario=u.id
				WHERE o.id_empresa=UNHEX(_id_empresa) AND o.id_tipo=UNHEX(_id_tipo)
				ORDER BY o.order_id DESC;
END
;;
DELIMITER ;

-- ----------------------------
-- Procedure structure for inventario_operaciones_UPD
-- ----------------------------
DROP PROCEDURE IF EXISTS `inventario_operaciones_UPD`;
DELIMITER ;;
CREATE   PROCEDURE `inventario_operaciones_UPD`(IN `_id` VARCHAR(36), IN `_id_empresa` VARCHAR(36), IN `_id_tipo` VARCHAR(36), IN `_numero` INT(10), IN `_nro_control` VARCHAR(100), IN `_fecha` DATETIME, IN `_fecha_registro` DATETIME, IN `_id_origen` VARCHAR(36), IN `_id_destino` VARCHAR(36), IN `_id_usuario` VARCHAR(36), IN `_id_status` VARCHAR(36), IN `_observacion` VARCHAR(255))
    NO SQL
BEGIN
SET @my_uuid=_id;

UPDATE inventario_operaciones as o
SET o.id_empresa=UNHEX(_id_empresa), o.id_tipo= UNHEX(_id_tipo), o.numero= _numero, o.nro_control= _nro_control, o.fecha= _fecha, o.fecha_registro= _fecha_registro,
o.id_origen= UNHEX(_id_origen), o.id_destino= UNHEX(_id_destino), o.id_usuario= UNHEX(_id_usuario), o.id_status= _id_status, o.observacion= _observacion
WHERE o.id=UNHEX(_id);

SELECT @my_uuid as id;   
END
;;
DELIMITER ;

-- ----------------------------
-- Procedure structure for inventario_productos_INS
-- ----------------------------
DROP PROCEDURE IF EXISTS `inventario_productos_INS`;
DELIMITER ;;
CREATE   PROCEDURE `inventario_productos_INS`(IN `_id` VARCHAR(36), IN `_id_empresa` VARCHAR(36), IN `_id_producto` VARCHAR(36), IN `_id_tipo` VARCHAR(36), IN `_id_categoria` VARCHAR(36), IN `_nombre_display` VARCHAR(200), IN `_costo_pct_dcto` DOUBLE(10,2), IN `_costo_pct_adic` DOUBLE(10,2), IN `_dolar_costo_anterior` DOUBLE(10,2), IN `_dolar_costo_dolar` DOUBLE(10,2), IN `_dolar_pct_utilidad` DOUBLE(10,2), IN `_factura_costo_anterior` DOUBLE(10,2), IN `_factura_costo_bruto` DOUBLE(10,2), IN `_factura_pct_utilidad` DOUBLE(10,2), IN `_lista_costo_anterior` DOUBLE(10,2), IN `_lista_costo_bruto` DOUBLE(10,2), IN `_lista_pct_utilidad` DOUBLE(10,2), IN `_id_impuesto` VARCHAR(36), IN `_es_inactivo` TINYINT(1), IN `_es_editable` TINYINT(1))
BEGIN
    SET @new_uuid=uuid();
    SET @my_uuid= CONCAT(SUBSTR(@new_uuid, 15, 4),SUBSTR(@new_uuid, 10, 4),SUBSTR(@new_uuid, 1,8),SUBSTR(@new_uuid, 20, 4),SUBSTR(@new_uuid, 25));
    SET @order_id=UNIX_TIMESTAMP();
INSERT INTO inventario_productos(id, order_id, id_empresa, id_producto, id_tipo, id_categoria, nombre_display, costo_pct_dcto, costo_pct_adic, dolar_costo_anterior, dolar_costo_dolar, dolar_pct_utilidad, factura_costo_anterior, factura_costo_bruto, factura_pct_utilidad, lista_costo_anterior, lista_costo_bruto, lista_pct_utilidad, id_impuesto, es_inactivo, es_editable) 
VALUES (UNHEX(@my_uuid), @order_id, UNHEX(_id_empresa), UNHEX(_id_producto), UNHEX(_id_tipo), UNHEX(_id_categoria), _nombre_display, _costo_pct_dcto, _costo_pct_adic, _dolar_costo_anterior, _dolar_costo_dolar, _dolar_pct_utilidad, _factura_costo_anterior, _factura_costo_bruto, _factura_pct_utilidad, _lista_costo_anterior, _lista_costo_bruto, _lista_pct_utilidad, UNHEX(_id_impuesto), _es_inactivo, _es_editable);

SELECT @my_uuid as id;   

END
;;
DELIMITER ;

-- ----------------------------
-- Procedure structure for inventario_productos_ONE
-- ----------------------------
DROP PROCEDURE IF EXISTS `inventario_productos_ONE`;
DELIMITER ;;
CREATE   PROCEDURE `inventario_productos_ONE`(IN `_id` VARCHAR(36))
    NO SQL
BEGIN
SET @dolar=(SELECT c.valor FROM sistema_cotizaciones as c  ORDER BY c.id DESC LIMIT 1);
SELECT HEX(p.id) as id, p.order_id, 
			HEX(p.id_empresa) as id_empresa,
			HEX(p.id_producto) as id_producto,
			HEX(p.id_tipo) as id_tipo,
			t.nombre as tipo_nombre,
			HEX(p.id_categoria) as id_categoria, 
			c.nombre as categoria_nombre,
			s.codigo, 
			s.nombre, 
			p.nombre_display, 
			HEX(s.id_unidad_compra) as id_unidad_compra, 
			uc.nombre as unidad_compra_nombre,
			HEX(s.id_unidad_venta) as id_unidad_venta, 
			uv.nombre as unidad_venta_nombre,
			s.cantidad_unidad_compra,
			p.costo_pct_dcto,
			p.costo_pct_adic,
						p.dolar_costo_anterior,
			p.dolar_costo_dolar,
			@dolar_costo_bruto:= ROUND(COALESCE((p.dolar_costo_dolar * @dolar),0),2) as dolar_costo_bruto,
			@dolar_costo_neto:=ROUND(COALESCE(((@dolar_costo_bruto/((p.costo_pct_dcto/100)+1))*((p.costo_pct_adic/100)+1)),@dolar_costo_bruto),2) as dolar_costo_neto,
			p.dolar_pct_utilidad,
			@dolar_precio_inicial:=ROUND(COALESCE((@dolar_costo_neto*((p.dolar_pct_utilidad/100)+1)),@dolar_costo_neto),2) as dolar_precio_inicial,
			@dolar_precio_final:=ROUND(COALESCE((@dolar_precio_inicial*((i.valor/100)+1)),@dolar_precio_inicial),2) as dolar_precio_final,
						p.factura_costo_anterior,
			@factura_costo_dolar:= ROUND(COALESCE((p.factura_costo_bruto / @dolar),0),2) as factura_costo_dolar,
			p.factura_costo_bruto,
			@factura_costo_neto:=ROUND(COALESCE(((p.factura_costo_bruto/((p.costo_pct_dcto/100)+1))*((p.costo_pct_adic/100)+1)),p.factura_costo_bruto),2) as factura_costo_neto,
			p.factura_pct_utilidad,
			@factura_precio_inicial:=ROUND(COALESCE((@factura_costo_neto*((p.factura_pct_utilidad/100)+1)),@factura_costo_neto),2) as factura_precio_inicial,
			@factura_precio_final:=ROUND(COALESCE((@factura_precio_inicial*((i.valor/100)+1)),@factura_precio_inicial),2) as factura_precio_final,
						p.lista_costo_anterior,
			@lista_costo_dolar:= ROUND(COALESCE((p.lista_costo_bruto / @dolar),0),2) as lista_costo_dolar,
			p.lista_costo_bruto,
			@lista_costo_neto:=ROUND(COALESCE(((p.lista_costo_bruto/((p.costo_pct_dcto/100)+1))*((p.costo_pct_adic/100)+1)),p.lista_costo_bruto),2) as lista_costo_neto,
			p.lista_pct_utilidad,
			@lista_precio_inicial:=ROUND(COALESCE((@lista_costo_neto*((p.lista_pct_utilidad/100)+1)),@lista_costo_neto),2) as lista_precio_inicial,
			@lista_precio_final:=ROUND(COALESCE((@lista_precio_inicial*((i.valor/100)+1)),@lista_precio_inicial),2) as lista_precio_final,
						HEX(p.id_impuesto) as id_impuesto,
			ROUND(COALESCE(GREATEST(@dolar_precio_final,@factura_precio_final,@lista_precio_final),0),2) as precio_venta,
			i.nombre as impuesto_nombre,
			i.valor as impuesto_valor,
			p.es_inactivo,
			p.es_editable,
			COALESCE(e.cantidad,0) as total_existencia
		FROM inventario_productos as p  
		LEFT JOIN sistema_productos as s ON p.id_producto=s.id
		LEFT JOIN sistema_listas as t ON p.id_tipo=t.id
		LEFT JOIN inventario_categorias as c ON p.id_categoria=c.id
		LEFT JOIN sistema_unidades as uc ON s.id_unidad_compra=uc.id
		LEFT JOIN sistema_unidades as uv ON s.id_unidad_venta=uv.id
		LEFT JOIN sistema_impuestos as i ON p.id_impuesto=i.id
		LEFT JOIN (SELECT ie.id_producto,SUM(ie.cantidad) as cantidad
                            FROM inventario_existencias ie 
                            GROUP BY ie.id_producto) e ON p.id=e.id_producto
WHERE p.id = UNHEX(_id) LIMIT 1;
END
;;
DELIMITER ;

-- ----------------------------
-- Procedure structure for inventario_productos_SEL
-- ----------------------------
DROP PROCEDURE IF EXISTS `inventario_productos_SEL`;
DELIMITER ;;
CREATE   PROCEDURE `inventario_productos_SEL`(IN `_id_empresa` VARCHAR(36), IN `_id_categoria` VARCHAR(36))
    NO SQL
BEGIN
	SET @dolar=(SELECT c.valor FROM sistema_cotizaciones as c  ORDER BY c.id DESC LIMIT 1);

	IF _id_categoria = "" THEN 
		SELECT HEX(p.id) as id, p.order_id, 
			HEX(p.id_empresa) as id_empresa,
			HEX(p.id_producto) as id_producto,
			HEX(p.id_tipo) as id_tipo,
			t.nombre as tipo_nombre,
			HEX(p.id_categoria) as id_categoria, 
			c.nombre as categoria_nombre,
			s.codigo, 
			s.nombre, 
			p.nombre_display, 
			HEX(s.id_unidad_compra) as id_unidad_compra, 
			uc.nombre as unidad_compra_nombre,
			HEX(s.id_unidad_venta) as id_unidad_venta, 
			uv.nombre as unidad_venta_nombre,
			s.cantidad_unidad_compra,
			p.costo_pct_dcto,
			p.costo_pct_adic,
						p.dolar_costo_anterior,
			p.dolar_costo_dolar,
			@dolar_costo_bruto:= ROUND(COALESCE((p.dolar_costo_dolar * @dolar),0),2) as dolar_costo_bruto,
			@dolar_costo_neto:=ROUND(COALESCE(((@dolar_costo_bruto/((p.costo_pct_dcto/100)+1))*((p.costo_pct_adic/100)+1)),@dolar_costo_bruto),2) as dolar_costo_neto,
			p.dolar_pct_utilidad,
			@dolar_precio_inicial:=ROUND(COALESCE((@dolar_costo_neto*((p.dolar_pct_utilidad/100)+1)),@dolar_costo_neto),2) as dolar_precio_inicial,
			@dolar_precio_final:=ROUND(COALESCE((@dolar_precio_inicial*((i.valor/100)+1)),@dolar_precio_inicial),2) as dolar_precio_final,
						p.factura_costo_anterior,
			@factura_costo_dolar:= ROUND(COALESCE((p.factura_costo_bruto / @dolar),0),2) as factura_costo_dolar,
			p.factura_costo_bruto,
			@factura_costo_neto:=ROUND(COALESCE(((p.factura_costo_bruto/((p.costo_pct_dcto/100)+1))*((p.costo_pct_adic/100)+1)),p.factura_costo_bruto),2) as factura_costo_neto,
			p.factura_pct_utilidad,
			@factura_precio_inicial:=ROUND(COALESCE((@factura_costo_neto*((p.factura_pct_utilidad/100)+1)),@factura_costo_neto),2) as factura_precio_inicial,
			@factura_precio_final:=ROUND(COALESCE((@factura_precio_inicial*((i.valor/100)+1)),@factura_precio_inicial),2) as factura_precio_final,
						p.lista_costo_anterior,
			@lista_costo_dolar:= ROUND(COALESCE((p.lista_costo_bruto / @dolar),0),2) as lista_costo_dolar,
			p.lista_costo_bruto,
			@lista_costo_neto:=ROUND(COALESCE(((p.lista_costo_bruto/((p.costo_pct_dcto/100)+1))*((p.costo_pct_adic/100)+1)),p.lista_costo_bruto),2) as lista_costo_neto,
			p.lista_pct_utilidad,
			@lista_precio_inicial:=ROUND(COALESCE((@lista_costo_neto*((p.lista_pct_utilidad/100)+1)),@lista_costo_neto),2) as lista_precio_inicial,
			@lista_precio_final:=ROUND(COALESCE((@lista_precio_inicial*((i.valor/100)+1)),@lista_precio_inicial),2) as lista_precio_final,
						HEX(p.id_impuesto) as id_impuesto,
			ROUND(COALESCE(GREATEST(@dolar_precio_inicial,@factura_precio_inicial,@lista_precio_inicial),0),2) as precio_venta_inicial,
			ROUND(COALESCE(GREATEST(@dolar_precio_final,@factura_precio_final,@lista_precio_final),0),2) as precio_venta_final,
			i.nombre as impuesto_nombre,
			i.valor as impuesto_valor,
			p.es_inactivo,
			p.es_editable,
			COALESCE(e.cantidad,0) as total_existencia
		FROM inventario_productos as p  
		LEFT JOIN sistema_productos as s ON p.id_producto=s.id
		LEFT JOIN sistema_listas as t ON p.id_tipo=t.id
		LEFT JOIN inventario_categorias as c ON p.id_categoria=c.id
		LEFT JOIN sistema_unidades as uc ON s.id_unidad_compra=uc.id
		LEFT JOIN sistema_unidades as uv ON s.id_unidad_venta=uv.id
		LEFT JOIN sistema_impuestos as i ON p.id_impuesto=i.id
		LEFT JOIN (SELECT ie.id_producto,SUM(ie.cantidad) as cantidad
                            FROM inventario_existencias ie 
                            GROUP BY ie.id_producto) e ON p.id=e.id_producto
		WHERE p.id_empresa=UNHEX(_id_empresa)
		ORDER BY p.nombre;
	ELSE 
		SELECT HEX(p.id) as id, p.order_id, 
			HEX(p.id_empresa) as id_empresa,
			HEX(p.id_producto) as id_producto,
			HEX(p.id_tipo) as id_tipo,
			t.nombre as tipo_nombre,
			HEX(p.id_categoria) as id_categoria, 
			c.nombre as categoria_nombre,
			s.codigo, 
			s.nombre, 
			p.nombre_display, 
			HEX(s.id_unidad_compra) as id_unidad_compra, 
			uc.nombre as unidad_compra_nombre,
			HEX(s.id_unidad_venta) as id_unidad_venta, 
			uv.nombre as unidad_venta_nombre,
			s.cantidad_unidad_compra,
			p.costo_pct_dcto,
			p.costo_pct_adic,
						p.dolar_costo_anterior,
			p.dolar_costo_dolar,
			@dolar_costo_bruto:= ROUND(COALESCE((p.dolar_costo_dolar * @dolar),0),2) as dolar_costo_bruto,
			@dolar_costo_neto:=ROUND(COALESCE(((@dolar_costo_bruto/((p.costo_pct_dcto/100)+1))*((p.costo_pct_adic/100)+1)),@dolar_costo_bruto),2) as dolar_costo_neto,
			p.dolar_pct_utilidad,
			@dolar_precio_inicial:=ROUND(COALESCE((@dolar_costo_neto*((p.dolar_pct_utilidad/100)+1)),@dolar_costo_neto),2) as dolar_precio_inicial,
			@dolar_precio_final:=ROUND(COALESCE((@dolar_precio_inicial*((i.valor/100)+1)),@dolar_precio_inicial),2) as dolar_precio_final,
						p.factura_costo_anterior,
			@factura_costo_dolar:= ROUND(COALESCE((p.factura_costo_bruto / @dolar),0),2) as factura_costo_dolar,
			p.factura_costo_bruto,
			@factura_costo_neto:=ROUND(COALESCE(((p.factura_costo_bruto/((p.costo_pct_dcto/100)+1))*((p.costo_pct_adic/100)+1)),p.factura_costo_bruto),2) as factura_costo_neto,
			p.factura_pct_utilidad,
			@factura_precio_inicial:=ROUND(COALESCE((@factura_costo_neto*((p.factura_pct_utilidad/100)+1)),@factura_costo_neto),2) as factura_precio_inicial,
			@factura_precio_final:=ROUND(COALESCE((@factura_precio_inicial*((i.valor/100)+1)),@factura_precio_inicial),2) as factura_precio_final,
						p.lista_costo_anterior,
			@lista_costo_dolar:= ROUND(COALESCE((p.lista_costo_bruto / @dolar),0),2) as lista_costo_dolar,
			p.lista_costo_bruto,
			@lista_costo_neto:=ROUND(COALESCE(((p.lista_costo_bruto/((p.costo_pct_dcto/100)+1))*((p.costo_pct_adic/100)+1)),p.lista_costo_bruto),2) as lista_costo_neto,
			p.lista_pct_utilidad,
			@lista_precio_inicial:=ROUND(COALESCE((@lista_costo_neto*((p.lista_pct_utilidad/100)+1)),@lista_costo_neto),2) as lista_precio_inicial,
			@lista_precio_final:=ROUND(COALESCE((@lista_precio_inicial*((i.valor/100)+1)),@lista_precio_inicial),2) as lista_precio_final,
						HEX(p.id_impuesto) as id_impuesto,
			ROUND(COALESCE(GREATEST(@dolar_precio_final,@factura_precio_final,@lista_precio_final),0),2) as precio_venta,
			i.nombre as impuesto_nombre,
			i.valor as impuesto_valor,
			p.es_inactivo,
			p.es_editable,
			COALESCE(e.cantidad,0) as total_existencia
		FROM inventario_productos as p  
		LEFT JOIN sistema_productos as s ON p.id_producto=s.id
		LEFT JOIN sistema_listas as t ON p.id_tipo=t.id
		LEFT JOIN inventario_categorias as c ON p.id_categoria=c.id
		LEFT JOIN sistema_unidades as uc ON s.id_unidad_compra=uc.id
		LEFT JOIN sistema_unidades as uv ON s.id_unidad_venta=uv.id
		LEFT JOIN sistema_impuestos as i ON p.id_impuesto=i.id
		LEFT JOIN (SELECT ie.id_producto,SUM(ie.cantidad) as cantidad
                            FROM inventario_existencias ie 
                            GROUP BY ie.id_producto) e ON p.id=e.id_producto
    WHERE p.id_empresa=UNHEX(_id_empresa) AND p.id_categoria=UNHEX(_id_categoria)
		ORDER BY p.nombre;

	END IF;

END
;;
DELIMITER ;

-- ----------------------------
-- Procedure structure for inventario_productos_UPD
-- ----------------------------
DROP PROCEDURE IF EXISTS `inventario_productos_UPD`;
DELIMITER ;;
CREATE   PROCEDURE `inventario_productos_UPD`(IN `_id` VARCHAR(36), IN `_id_empresa` VARCHAR(36), IN `_id_producto` VARCHAR(36), IN `_id_tipo` VARCHAR(36), IN `_id_categoria` VARCHAR(36), IN `_nombre_display` VARCHAR(200), IN `_costo_pct_dcto` DOUBLE(10,2), IN `_costo_pct_adic` DOUBLE(10,2), IN `_dolar_costo_anterior` DOUBLE(10,2), IN `_dolar_costo_dolar` DOUBLE(10,2), IN `_dolar_pct_utilidad` DOUBLE(10,2), IN `_factura_costo_anterior` DOUBLE(10,2), IN `_factura_costo_bruto` DOUBLE(10,2), IN `_factura_pct_utilidad` DOUBLE(10,2), IN `_lista_costo_anterior` DOUBLE(10,2), IN `_lista_costo_bruto` DOUBLE(10,2), IN `_lista_pct_utilidad` DOUBLE(10,2), IN `_id_impuesto` VARCHAR(36), IN `_es_inactivo` TINYINT(1), IN `_es_editable` TINYINT(1))
    NO SQL
BEGIN
SET @my_uuid=_id;

UPDATE inventario_productos as p
SET 
	p.id_empresa=UNHEX(_id_empresa),
	p.id_producto=UNHEX(_id_producto), 
	p.id_tipo=UNHEX(_id_tipo), 
	p.id_categoria=UNHEX(_id_categoria), 
	p.nombre_display=_nombre_display,
	p.costo_pct_dcto=_costo_pct_dcto,
	p.costo_pct_adic=_costo_pct_adic,
	p.dolar_costo_anterior=_dolar_costo_anterior,
	p.dolar_costo_dolar=_dolar_costo_dolar,
	p.dolar_pct_utilidad=_dolar_pct_utilidad,
	p.factura_costo_anterior=_factura_costo_anterior,
	p.factura_costo_bruto=_factura_costo_bruto,
	p.factura_pct_utilidad=_factura_pct_utilidad,
	p.lista_costo_anterior=_lista_costo_anterior,
	p.lista_costo_bruto=_lista_costo_bruto,
	p.lista_pct_utilidad=_lista_pct_utilidad,
	p.id_impuesto=UNHEX(_id_impuesto),
	p.es_inactivo=_es_inactivo,
	p.es_editable=_es_editable

WHERE p.id=UNHEX(_id);

SELECT @my_uuid as id;   
END
;;
DELIMITER ;

-- ----------------------------
-- Procedure structure for prueba
-- ----------------------------
DROP PROCEDURE IF EXISTS `prueba`;
DELIMITER ;;
CREATE   PROCEDURE `prueba`()
    NO SQL
BEGIN
SET @valor = UUID();
SET @verga=ordered_uuid(UUID());
SELECT @valor, HEX(@verga);
END
;;
DELIMITER ;

-- ----------------------------
-- Procedure structure for reportes_disponibilidad_formulas
-- ----------------------------
DROP PROCEDURE IF EXISTS `reportes_disponibilidad_formulas`;
DELIMITER ;;
CREATE   PROCEDURE `reportes_disponibilidad_formulas`()
    NO SQL
BEGIN
		SELECT 
				HEX(f.id_producto) as id_producto, 
				HEX(p.id_categoria) as id_categoria, 
				c.nombre as categoria_nombre,p.codigo, 
				p.nombre, 
				up.nombre as unidad_nombre, 
			COALESCE(ep.cantidad,0) as total_existencia,
			MIN(COALESCE(e.cantidad,0) / (f.cantidad*u.factor_conversion)) as cantidad_disponible
		FROM inventario_formulas as f
		INNER JOIN inventario_unidades as u ON f.id_unidad = u.id
		LEFT JOIN (SELECT ie.id_producto,SUM(ie.cantidad) as cantidad
																FROM inventario_existencias ie 
																GROUP BY ie.id_producto) e ON f.id_componente=e.id_producto
		LEFT JOIN (SELECT ie.id_producto,SUM(ie.cantidad) as cantidad
																FROM inventario_existencias ie 
																GROUP BY ie.id_producto) ep ON f.id_producto=ep.id_producto                          
		INNER JOIN inventario_productos as p ON f.id_producto=p.id
		INNER JOIN inventario_unidades as up ON p.id_unidad_venta=up.id
		LEFT JOIN inventario_categorias as c ON p.id_categoria=c.id
		GROUP BY f.id_producto;
END
;;
DELIMITER ;

-- ----------------------------
-- Procedure structure for sistema_cotizaciones_INS
-- ----------------------------
DROP PROCEDURE IF EXISTS `sistema_cotizaciones_INS`;
DELIMITER ;;
CREATE   PROCEDURE `sistema_cotizaciones_INS`(IN `_id` VARCHAR(36), IN `_fecha` DATETIME, IN `_valor` DOUBLE(10,2))
BEGIN
    SET @new_uuid=uuid();
    SET @my_uuid= CONCAT(SUBSTR(@new_uuid, 15, 4),SUBSTR(@new_uuid, 10, 4),SUBSTR(@new_uuid, 1,8),SUBSTR(@new_uuid, 20, 4),SUBSTR(@new_uuid, 25));
    SET @order_id=UNIX_TIMESTAMP();
		SET @ahora=NOW();
INSERT INTO sistema_cotizaciones(id, order_id, fecha_registro, fecha, valor) 
VALUES (UNHEX(@my_uuid), @order_id, @ahora, _fecha, _valor);

SELECT @my_uuid as id;   

END
;;
DELIMITER ;

-- ----------------------------
-- Procedure structure for sistema_cotizaciones_LAST
-- ----------------------------
DROP PROCEDURE IF EXISTS `sistema_cotizaciones_LAST`;
DELIMITER ;;
CREATE   PROCEDURE `sistema_cotizaciones_LAST`()
    NO SQL
BEGIN
SELECT HEX(c.id) as id, c.order_id, c.fecha_registro, c.fecha, c.valor
FROM sistema_cotizaciones as c  
ORDER BY c.id DESC LIMIT 1;
END
;;
DELIMITER ;

-- ----------------------------
-- Procedure structure for sistema_cotizaciones_ONE
-- ----------------------------
DROP PROCEDURE IF EXISTS `sistema_cotizaciones_ONE`;
DELIMITER ;;
CREATE   PROCEDURE `sistema_cotizaciones_ONE`(IN `_id` VARCHAR(36))
    NO SQL
BEGIN
SELECT HEX(c.id) as id, c.order_id, c.fecha_registro, c.fecha, c.valor
FROM sistema_cotizaciones as c  
WHERE c.id = UNHEX(_id) LIMIT 1;
END
;;
DELIMITER ;

-- ----------------------------
-- Procedure structure for sistema_cotizaciones_SEL
-- ----------------------------
DROP PROCEDURE IF EXISTS `sistema_cotizaciones_SEL`;
DELIMITER ;;
CREATE   PROCEDURE `sistema_cotizaciones_SEL`()
    NO SQL
BEGIN
        SELECT hex(c.id) as id,
                    c.order_id,
										c.fecha_registro,
										c.fecha,
										c.valor
        FROM sistema_cotizaciones as c;
END
;;
DELIMITER ;

-- ----------------------------
-- Procedure structure for sistema_cotizaciones_UPD
-- ----------------------------
DROP PROCEDURE IF EXISTS `sistema_cotizaciones_UPD`;
DELIMITER ;;
CREATE   PROCEDURE `sistema_cotizaciones_UPD`(IN `_id` VARCHAR(36), IN `_fecha` DATETIME, IN `_valor` DOUBLE(10,2))
    NO SQL
BEGIN
SET @my_uuid=_id;

UPDATE sistema_cotizaciones as c
SET c.fecha=_fecha, c.valor=_valor
WHERE c.id=UNHEX(_id);

SELECT @my_uuid as id;   
END
;;
DELIMITER ;

-- ----------------------------
-- Procedure structure for sistema_empresas_INS
-- ----------------------------
DROP PROCEDURE IF EXISTS `sistema_empresas_INS`;
DELIMITER ;;
CREATE   PROCEDURE `sistema_empresas_INS`(IN `_id` VARCHAR(36), IN `_nombre` VARCHAR(100), IN `_rif` VARCHAR(20), IN `_direccion` VARCHAR(255),  IN `_telefono` VARCHAR(24), IN `_es_inactivo` TINYINT(1))
BEGIN
    SET @new_uuid=uuid();
    SET @my_uuid= CONCAT(SUBSTR(@new_uuid, 15, 4),SUBSTR(@new_uuid, 10, 4),SUBSTR(@new_uuid, 1,8),SUBSTR(@new_uuid, 20, 4),SUBSTR(@new_uuid, 25));
    SET @order_id=UNIX_TIMESTAMP();
		
		INSERT INTO sistema_empresas(id, order_id, nombre, rif, direccion, telefono, es_inactivo) 
		VALUES (UNHEX(@my_uuid), @order_id, _nombre, _rif, _direccion, _telefono, _es_inactivo);

		SELECT @my_uuid as id;   
END
;;
DELIMITER ;

-- ----------------------------
-- Procedure structure for sistema_empresas_ONE
-- ----------------------------
DROP PROCEDURE IF EXISTS `sistema_empresas_ONE`;
DELIMITER ;;
CREATE   PROCEDURE `sistema_empresas_ONE`(IN `_id` VARCHAR(36))
    NO SQL
BEGIN
SELECT 
	HEX(e.id) as id, 
	e.order_id, 
	e.nombre,
	e.rif,
	e.direccion,
	e.telefono,
	e.es_inactivo
FROM sistema_empresas as e  
WHERE e.id = UNHEX(_id) LIMIT 1;
END
;;
DELIMITER ;

-- ----------------------------
-- Procedure structure for sistema_empresas_SEL
-- ----------------------------
DROP PROCEDURE IF EXISTS `sistema_empresas_SEL`;
DELIMITER ;;
CREATE   PROCEDURE `sistema_empresas_SEL`(IN `_id` TEXT)
    NO SQL
BEGIN
	IF _id = "" THEN 
		SELECT hex(e.id) as id,
								e.order_id,
								e.nombre,
								e.rif,
								e.direccion,
								e.telefono,
								e.es_inactivo
		FROM sistema_empresas as e;
	ELSE 
    SET @x=REPLACE(_id,'[','');
    SET @y=REPLACE(@x, ']' ,'');
        set @sql = concat("SELECT\r\n     hex(e.id) as id,\r\n    e.order_id,\r\n    e.nombre, \r\n   e.rif,\r\n   e.direccion,\r\n  e.telefono,\r\n   e.es_inactivo\r\n  FROM sistema_empresas as e\r\n   WHERE HEX(e.id) in (" , @y , ")");

        PREPARE stmt FROM @sql;
        EXECUTE stmt;
        SELECT @sql;
	END IF;
END
;;
DELIMITER ;

-- ----------------------------
-- Procedure structure for sistema_empresas_UPD
-- ----------------------------
DROP PROCEDURE IF EXISTS `sistema_empresas_UPD`;
DELIMITER ;;
CREATE   PROCEDURE `sistema_empresas_UPD`(IN `_id` VARCHAR(36), IN `_nombre` VARCHAR(100), IN `_rif` VARCHAR(20), IN `_direccion` VARCHAR(255),  IN `_telefono` VARCHAR(24), IN `_es_inactivo` TINYINT(1))
    NO SQL
BEGIN
SET @my_uuid=_id;

UPDATE sistema_empresas as e
SET e.nombre=_nombre, e.rif=_rif, e.direccion=_direccion, e.telefono=_telefono, e.es_inactivo=_es_inactivo
WHERE e.id=UNHEX(_id);

SELECT @my_uuid as id;   
END
;;
DELIMITER ;

-- ----------------------------
-- Procedure structure for sistema_impuestos_DEL
-- ----------------------------
DROP PROCEDURE IF EXISTS `sistema_impuestos_DEL`;
DELIMITER ;;
CREATE   PROCEDURE `sistema_impuestos_DEL`(IN `_id` VARCHAR(36))
    NO SQL
BEGIN
DELETE i.* FROM sistema_impuestos as i WHERE i.id = UNHEX(_id);
SET @x=TRUE;
SELECT @x as resultado;
END
;;
DELIMITER ;

-- ----------------------------
-- Procedure structure for sistema_impuestos_INS
-- ----------------------------
DROP PROCEDURE IF EXISTS `sistema_impuestos_INS`;
DELIMITER ;;
CREATE   PROCEDURE `sistema_impuestos_INS`(IN `_id` VARCHAR(36), IN `_id_tipo` VARCHAR(36), IN `_codigo` VARCHAR(10), IN `_nombre` VARCHAR(100), IN `_valor_display` VARCHAR(100), IN `_valor` DOUBLE)
BEGIN
    SET @new_uuid=uuid();
    SET @my_uuid= CONCAT(SUBSTR(@new_uuid, 15, 4),SUBSTR(@new_uuid, 10, 4),SUBSTR(@new_uuid, 1,8),SUBSTR(@new_uuid, 20, 4),SUBSTR(@new_uuid, 25));
    SET @order_id=UNIX_TIMESTAMP();
INSERT INTO sistema_impuestos(id, order_id, id_tipo, codigo, nombre, valor_display, valor) 
VALUES (UNHEX(@my_uuid), @order_id, UNHEX(_id_tipo), _codigo, _nombre, _valor_display, _valor);

SELECT @my_uuid as id;   

END
;;
DELIMITER ;

-- ----------------------------
-- Procedure structure for sistema_impuestos_ONE
-- ----------------------------
DROP PROCEDURE IF EXISTS `sistema_impuestos_ONE`;
DELIMITER ;;
CREATE   PROCEDURE `sistema_impuestos_ONE`(IN `_id` VARCHAR(36))
    NO SQL
BEGIN
SELECT HEX(i.id) as id, i.order_id, HEX(i.id_tipo) as id_tipo, t.nombre as tipo_nombre, i.codigo, i.nombre, i.valor_display, i.valor 
FROM sistema_impuestos as i  
LEFT JOIN sistema_listas as t ON i.id_tipo = t.id
WHERE i.id = UNHEX(_id) LIMIT 1;
END
;;
DELIMITER ;

-- ----------------------------
-- Procedure structure for sistema_impuestos_SEL
-- ----------------------------
DROP PROCEDURE IF EXISTS `sistema_impuestos_SEL`;
DELIMITER ;;
CREATE   PROCEDURE `sistema_impuestos_SEL`(IN `_id` VARCHAR(36))
    NO SQL
BEGIN
	IF _id = "" THEN 
        SELECT hex(i.id) as id,
                    i.order_id,
                    hex(i.id_tipo) as id_tipo,
                    t.nombre as tipo_nombre,
                                    i.codigo, 
                                    i.nombre,
                                    i.valor_display,
                                    i.valor
        FROM sistema_impuestos as i
        LEFT JOIN sistema_listas as t ON i.id_tipo = t.id;
	ELSE 
        SELECT hex(i.id) as id,
                    i.order_id,
                    hex(i.id_tipo) as id_tipo,
                    t.nombre as tipo_nombre,
                                    i.codigo, 
                                    i.nombre,
                                    i.valor_display,
                                    i.valor
        FROM sistema_impuestos as i
        LEFT JOIN sistema_listas as t ON i.id_tipo = t.id
        WHERE i.id_tipo=UNHEX(_id);

	END IF;

END
;;
DELIMITER ;

-- ----------------------------
-- Procedure structure for sistema_impuestos_UPD
-- ----------------------------
DROP PROCEDURE IF EXISTS `sistema_impuestos_UPD`;
DELIMITER ;;
CREATE   PROCEDURE `sistema_impuestos_UPD`(IN `_id` VARCHAR(36), IN `_id_tipo` VARCHAR(36), IN `_codigo` VARCHAR(10), IN `_nombre` VARCHAR(100), IN `_valor_display` VARCHAR(100), IN `_valor` DOUBLE(6,0))
    NO SQL
BEGIN
SET @my_uuid=_id;

UPDATE sistema_impuestos as i
SET i.id_tipo=UNHEX(_id_tipo), i.codigo=_codigo, i.nombre=_nombre, i.valor_display=_valor_display, i.valor=_valor
WHERE id=UNHEX(_id);

SELECT @my_uuid as id;   
END
;;
DELIMITER ;

-- ----------------------------
-- Procedure structure for sistema_listas_DEL
-- ----------------------------
DROP PROCEDURE IF EXISTS `sistema_listas_DEL`;
DELIMITER ;;
CREATE   PROCEDURE `sistema_listas_DEL`(IN `_id` VARCHAR(36))
    NO SQL
BEGIN
DELETE l.* FROM sistema_listas as l WHERE l.id = UNHEX(_id);
SET @x=TRUE;
SELECT @x as resultado;
END
;;
DELIMITER ;

-- ----------------------------
-- Procedure structure for sistema_listas_INS
-- ----------------------------
DROP PROCEDURE IF EXISTS `sistema_listas_INS`;
DELIMITER ;;
CREATE   PROCEDURE `sistema_listas_INS`(IN `_id` VARCHAR(36), IN `_campo` VARCHAR(100), IN `_nombre` VARCHAR(100), IN `_descrip` VARCHAR(255), IN `_id_padre` VARCHAR(36))
BEGIN
    SET @new_uuid=uuid();
    SET @my_uuid= CONCAT(SUBSTR(@new_uuid, 15, 4),SUBSTR(@new_uuid, 10, 4),SUBSTR(@new_uuid, 1,8),SUBSTR(@new_uuid, 20, 4),SUBSTR(@new_uuid, 25));
    SET @order_id=UNIX_TIMESTAMP();
INSERT INTO sistema_listas (id, order_id, campo, nombre, descrip, id_padre) VALUES (UNHEX(@my_uuid), @order_id, _campo, _nombre, _descrip,  UNHEX(_id_padre) );

SELECT @my_uuid as id;   

END
;;
DELIMITER ;

-- ----------------------------
-- Procedure structure for sistema_listas_ONE
-- ----------------------------
DROP PROCEDURE IF EXISTS `sistema_listas_ONE`;
DELIMITER ;;
CREATE   PROCEDURE `sistema_listas_ONE`(IN `_id` VARCHAR(36))
    NO SQL
BEGIN
SELECT HEX(l.id) as id, l.order_id, l.campo, l.nombre, l.descrip, HEX(l.id_padre) as id_padre FROM sistema_listas as l WHERE l.id = UNHEX(_id) LIMIT 1;
END
;;
DELIMITER ;

-- ----------------------------
-- Procedure structure for sistema_listas_SEL
-- ----------------------------
DROP PROCEDURE IF EXISTS `sistema_listas_SEL`;
DELIMITER ;;
CREATE   PROCEDURE `sistema_listas_SEL`()
    NO SQL
BEGIN
	SELECT hex(l.id) as id,
                l.order_id,
                l.campo, 
                l.nombre,
                l.descrip,
                hex(l.id_padre) as id_padre,
                p.nombre as padre
	FROM sistema_listas as l
   	LEFT JOIN sistema_listas as p ON l.id_padre = p.id;
END
;;
DELIMITER ;

-- ----------------------------
-- Procedure structure for sistema_listas_UPD
-- ----------------------------
DROP PROCEDURE IF EXISTS `sistema_listas_UPD`;
DELIMITER ;;
CREATE   PROCEDURE `sistema_listas_UPD`(IN `_id` VARCHAR(36), IN `_campo` VARCHAR(100), IN `_nombre` VARCHAR(100), IN `_descrip` VARCHAR(255), IN `_id_padre` VARCHAR(36))
    NO SQL
BEGIN
SET @my_uuid=_id;

UPDATE sistema_listas 
SET campo=_campo, nombre=_nombre, descrip=_descrip,id_padre=UNHEX(_id_padre)
WHERE id=UNHEX(_id);

SELECT @my_uuid as id;   
END
;;
DELIMITER ;

-- ----------------------------
-- Procedure structure for sistema_menu_DEL
-- ----------------------------
DROP PROCEDURE IF EXISTS `sistema_menu_DEL`;
DELIMITER ;;
CREATE   PROCEDURE `sistema_menu_DEL`(IN `_id` VARCHAR(36))
    NO SQL
BEGIN
DELETE m.* FROM sistema_menu as m WHERE m.id = UNHEX(_id);
SET @x=TRUE;
SELECT @x as resultado;
END
;;
DELIMITER ;

-- ----------------------------
-- Procedure structure for sistema_menu_INS
-- ----------------------------
DROP PROCEDURE IF EXISTS `sistema_menu_INS`;
DELIMITER ;;
CREATE   PROCEDURE `sistema_menu_INS`(IN `_id` VARCHAR(36), IN `_id_seccion` TINYINT(1), IN `_id_padre` VARCHAR(36), IN `_id_tipo` TINYINT(1), IN `_nombre` VARCHAR(100), IN `_descrip` VARCHAR(255), IN `_trigger` VARCHAR(100), IN `_orden_pos` TINYINT(1), IN `_icono` VARCHAR(100), IN `_tooltip` VARCHAR(255))
BEGIN
    SET @new_uuid=uuid();
    SET @my_uuid= CONCAT(SUBSTR(@new_uuid, 15, 4),SUBSTR(@new_uuid, 10, 4),SUBSTR(@new_uuid, 1,8),SUBSTR(@new_uuid, 20, 4),SUBSTR(@new_uuid, 25));
    SET @order_id=UNIX_TIMESTAMP();
    
INSERT INTO 
sistema_menu (id, order_id, id_seccion, id_padre, id_tipo, nombre, descrip, `trigger`, orden_pos, icono, tooltip) 
VALUES (UNHEX(@my_uuid), @order_id, _id_seccion, UNHEX(_id_padre), _id_tipo, _nombre, _descrip, _trigger, _orden_pos, _icono, _tooltip);

SELECT @my_uuid as id;   

END
;;
DELIMITER ;

-- ----------------------------
-- Procedure structure for sistema_menu_ONE
-- ----------------------------
DROP PROCEDURE IF EXISTS `sistema_menu_ONE`;
DELIMITER ;;
CREATE   PROCEDURE `sistema_menu_ONE`(IN `_id` VARCHAR(36))
    NO SQL
BEGIN
SELECT HEX(m.id) as id, m.order_id, m.id_seccion, HEX(m.id_padre) as id_padre, m.id_tipo, m.nombre, m.descrip, m.trigger, m.orden_pos, m.icono, m.tooltip 
FROM sistema_menu as m WHERE m.id = UNHEX(_id) LIMIT 1;
END
;;
DELIMITER ;

-- ----------------------------
-- Procedure structure for sistema_menu_SEL
-- ----------------------------
DROP PROCEDURE IF EXISTS `sistema_menu_SEL`;
DELIMITER ;;
CREATE   PROCEDURE `sistema_menu_SEL`(IN `_id` TEXT)
    NO SQL
BEGIN

	IF _id = "" THEN 
    	SELECT 
        hex(m.id) as id,
                m.order_id,
                m.id_seccion, 
                hex(m.id_padre) as id_padre,
                m.id_tipo,
                m.nombre,
                m.descrip,
                m.trigger, 
                m.orden_pos, 
                m.icono,
                m.tooltip
        FROM sistema_menu as m;
	ELSE 
    SET @x=REPLACE(_id,'[','');
    SET @y=REPLACE(@x, ']' ,'');
        set @sql = concat("SELECT\r\n     hex(m.id) as id,\r\n    m.order_id,\r\n    m.id_seccion, \r\n   hex(m.id_padre) as id_padre,\r\n   m.id_tipo,\r\n  m.nombre,\r\n   m.descrip,\r\n  m.trigger, \r\n   m.orden_pos, \r\n    m.icono,\r\n  m.tooltip\r\n   FROM sistema_menu as m\r\n   WHERE HEX(m.id) in (" , @y , ")");

        PREPARE stmt FROM @sql;
        EXECUTE stmt;
        SELECT @sql;
    END IF;


END
;;
DELIMITER ;

-- ----------------------------
-- Procedure structure for sistema_menu_UPD
-- ----------------------------
DROP PROCEDURE IF EXISTS `sistema_menu_UPD`;
DELIMITER ;;
CREATE   PROCEDURE `sistema_menu_UPD`(
    IN `_id` VARCHAR(36), 
    IN `_id_seccion` TINYINT(1), 
    IN `_id_padre` VARCHAR(36),
    IN `_id_tipo` TINYINT(1), 
    IN `_nombre` VARCHAR(100), 
    IN `_descrip` VARCHAR(255), 
    IN `_trigger` VARCHAR(100),
    IN `_orden_pos` TINYINT(1),
    IN `_icono` VARCHAR(100),
    IN `_tooltip` VARCHAR(255) 
)
    NO SQL
BEGIN
SET @my_uuid=_id;

UPDATE sistema_menu as m 
SET m.id_seccion=_id_seccion, m.id_padre=UNHEX(_id_padre), m.nombre=_nombre, m.descrip=_descrip, m.trigger=_trigger, m.orden_pos=_orden_pos, m.icono=_icono, m.tooltip=_tooltip
WHERE m.id=UNHEX(_id);

SELECT @my_uuid as id;   
END
;;
DELIMITER ;

-- ----------------------------
-- Procedure structure for sistema_operaciones_DEL
-- ----------------------------
DROP PROCEDURE IF EXISTS `sistema_operaciones_DEL`;
DELIMITER ;;
CREATE   PROCEDURE `sistema_operaciones_DEL`(IN `_id` VARCHAR(36))
    NO SQL
BEGIN
DELETE o.* FROM sistema_operaciones as o WHERE o.id = UNHEX(_id);
SET @x=TRUE;
SELECT @x as resultado;
END
;;
DELIMITER ;

-- ----------------------------
-- Procedure structure for sistema_operaciones_INS
-- ----------------------------
DROP PROCEDURE IF EXISTS `sistema_operaciones_INS`;
DELIMITER ;;
CREATE   PROCEDURE `sistema_operaciones_INS`(IN `_id` VARCHAR(36), IN `_id_tipo` VARCHAR(36), IN `_nombre` VARCHAR(100), IN `_nombre_display` VARCHAR(100), IN `_descrip` VARCHAR(255), IN `_signo_inventario` VARCHAR(1), IN `_signo_caja` VARCHAR(1), IN `_es_fiscal` TINYINT(1), IN `_es_autorizado` TINYINT(1), IN `_es_visible` TINYINT(1), IN `_es_derivado` TINYINT(1), IN `_es_transporte` TINYINT(1))
BEGIN
    SET @new_uuid=uuid();
    SET @my_uuid= CONCAT(SUBSTR(@new_uuid, 15, 4),SUBSTR(@new_uuid, 10, 4),SUBSTR(@new_uuid, 1,8),SUBSTR(@new_uuid, 20, 4),SUBSTR(@new_uuid, 25));
    SET @order_id=UNIX_TIMESTAMP();
INSERT INTO sistema_operaciones(id, order_id, id_tipo, nombre, nombre_display, descrip, signo_inventario, signo_caja, es_fiscal, es_autorizado, es_visible, es_derivado, es_transporte) 
VALUES (UNHEX(@my_uuid), @order_id, UNHEX(_id_tipo), _nombre, _nombre_display, _descrip, _signo_inventario, _signo_caja, _es_fiscal, _es_autorizado, _es_visible, _es_derivado, _es_transporte);

SELECT @my_uuid as id;   

END
;;
DELIMITER ;

-- ----------------------------
-- Procedure structure for sistema_operaciones_ONE
-- ----------------------------
DROP PROCEDURE IF EXISTS `sistema_operaciones_ONE`;
DELIMITER ;;
CREATE   PROCEDURE `sistema_operaciones_ONE`(IN `_id` VARCHAR(36))
    NO SQL
BEGIN
SELECT HEX(o.id) as id, o.order_id, HEX(o.id_tipo) as id_tipo, t.nombre as tipo_nombre, o.nombre, o.nombre_display, o.descrip, o.signo_inventario, o.signo_caja, o.es_fiscal, o.es_autorizado, o.es_visible, o.es_derivado, o.es_transporte
FROM sistema_operaciones as o  
LEFT JOIN sistema_listas as t ON o.id_tipo = t.id
WHERE o.id = UNHEX(_id) LIMIT 1;
END
;;
DELIMITER ;

-- ----------------------------
-- Procedure structure for sistema_operaciones_SEL
-- ----------------------------
DROP PROCEDURE IF EXISTS `sistema_operaciones_SEL`;
DELIMITER ;;
CREATE   PROCEDURE `sistema_operaciones_SEL`(IN `_id` VARCHAR(36))
    NO SQL
BEGIN
	IF _id = "" THEN 
        SELECT hex(o.id) as id,
                    o.order_id,
                    hex(o.id_tipo) as id_tipo,
                    t.nombre as tipo_nombre,
                                    o.nombre, 
                                    o.nombre_display,
                                    o.descrip,
                                    o.signo_inventario,
                                    o.signo_caja, 
                                    o.es_fiscal,
                                    o.es_autorizado,
                                    o.es_visible,
																		o.es_derivado,
																		o.es_transporte
        FROM sistema_operaciones as o
        LEFT JOIN sistema_listas as t ON o.id_tipo = t.id;
	ELSE 
        SELECT hex(o.id) as id,
                    o.order_id,
                    hex(o.id_tipo) as id_tipo,
                    t.nombre as tipo_nombre,
                                    o.nombre, 
                                    o.nombre_display,
                                    o.descrip,
                                    o.signo_inventario,
                                    o.signo_caja, 
                                    o.es_fiscal,
                                    o.es_autorizado,
                                    o.es_visible,
																		o.es_derivado,
																		o.es_transporte
        FROM sistema_operaciones as o
        LEFT JOIN sistema_listas as t ON o.id_tipo = t.id
        WHERE o.id_tipo=UNHEX(_id);

	END IF;

END
;;
DELIMITER ;

-- ----------------------------
-- Procedure structure for sistema_operaciones_UPD
-- ----------------------------
DROP PROCEDURE IF EXISTS `sistema_operaciones_UPD`;
DELIMITER ;;
CREATE   PROCEDURE `sistema_operaciones_UPD`(IN `_id` VARCHAR(36), IN `_id_tipo` VARCHAR(36), IN `_nombre` VARCHAR(100), IN `_nombre_display` VARCHAR(100), IN `_descrip` VARCHAR(255), IN `_signo_inventario` VARCHAR(1), IN `_signo_caja` VARCHAR(1), IN `_es_fiscal` TINYINT(1), IN `_es_autorizado` TINYINT(1), IN `_es_visible` TINYINT(1), IN `_es_derivado` TINYINT(1), IN `_es_transporte` TINYINT(1))
    NO SQL
BEGIN
SET @my_uuid=_id;

UPDATE sistema_operaciones as o
SET o.id_tipo=UNHEX(_id_tipo), o.nombre=_nombre, o.nombre_display=_nombre_display, o.descrip=_descrip, o.signo_inventario=_signo_inventario, o.signo_caja=_signo_caja, o.es_fiscal=_es_fiscal, o.es_autorizado=_es_autorizado, o.es_visible=_es_visible, o.es_derivado=_es_derivado, o.es_transporte=_es_transporte
WHERE o.id=UNHEX(_id);

SELECT @my_uuid as id;   
END
;;
DELIMITER ;

-- ----------------------------
-- Procedure structure for sistema_productos_INS
-- ----------------------------
DROP PROCEDURE IF EXISTS `sistema_productos_INS`;
DELIMITER ;;
CREATE   PROCEDURE `sistema_productos_INS`(IN `_id` VARCHAR(36), IN `_nombre` VARCHAR(200), IN `_codigo` VARCHAR(30), IN `_empresas` VARCHAR(255),  IN `_id_unidad_compra` VARCHAR(36),  IN `_id_unidad_venta` VARCHAR(36),   IN `_cantidad_unidad_compra` DOUBLE(10,2))
BEGIN
    SET @new_uuid=uuid();
    SET @my_uuid= CONCAT(SUBSTR(@new_uuid, 15, 4),SUBSTR(@new_uuid, 10, 4),SUBSTR(@new_uuid, 1,8),SUBSTR(@new_uuid, 20, 4),SUBSTR(@new_uuid, 25));
    SET @order_id=UNIX_TIMESTAMP();
		
		INSERT INTO sistema_productos(id, order_id, codigo, nombre, empresas, id_unidad_compra, id_unidad_venta, cantidad_unidad_compra) 
		VALUES (UNHEX(@my_uuid), @order_id, _codigo, _nombre, _empresas, UNHEX(_id_unidad_compra), UNHEX(_id_unidad_venta), _cantidad_unidad_compra);

		SELECT @my_uuid as id;   
END
;;
DELIMITER ;

-- ----------------------------
-- Procedure structure for sistema_productos_ONE
-- ----------------------------
DROP PROCEDURE IF EXISTS `sistema_productos_ONE`;
DELIMITER ;;
CREATE   PROCEDURE `sistema_productos_ONE`(IN `_id` VARCHAR(36))
    NO SQL
BEGIN
SELECT 
	HEX(p.id) as id, 
	p.order_id,
	p.codigo,
	p.nombre,
	p.empresas,
	HEX(p.id_unidad_compra) as id_unidad_compra,
	HEX(p.id_unidad_venta) as id_unidad_venta,
	p.cantidad_unidad_compra
FROM sistema_productos as p  
WHERE p.id = UNHEX(_id) LIMIT 1;
END
;;
DELIMITER ;

-- ----------------------------
-- Procedure structure for sistema_productos_SEL
-- ----------------------------
DROP PROCEDURE IF EXISTS `sistema_productos_SEL`;
DELIMITER ;;
CREATE   PROCEDURE `sistema_productos_SEL`(IN `_id` VARCHAR(36))
    NO SQL
BEGIN
	IF _id = "" THEN 
		SELECT 
			HEX(p.id) as id, 
			p.order_id,
			p.codigo,
			p.nombre,
			p.empresas,
			HEX(p.id_unidad_compra) as id_unidad_compra,
			uc.nombre as unidad_compra_nombre,
			HEX(p.id_unidad_venta) as id_unidad_venta,
			uv.nombre as unidad_venta_nombre,
			p.cantidad_unidad_compra
		FROM sistema_productos as p
		LEFT JOIN sistema_unidades as uc ON p.id_unidad_compra=uc.id
		LEFT JOIN sistema_unidades as uv ON p.id_unidad_venta=uv.id;
	ELSE 
		SELECT 
			HEX(p.id) as id, 
			p.order_id,
			p.codigo,
			p.nombre,
			p.empresas,
			HEX(p.id_unidad_compra) as id_unidad_compra,
			uc.nombre as unidad_compra_nombre,
			HEX(p.id_unidad_venta) as id_unidad_venta,
			uv.nombre as unidad_venta_nombre,
			p.cantidad_unidad_compra
		FROM sistema_productos as p
		LEFT JOIN sistema_unidades as uc ON p.id_unidad_compra=uc.id
		LEFT JOIN sistema_unidades as uv ON p.id_unidad_venta=uv.id
		WHERE p.empresas LIKE CONCAT('%', _id, '%');
	END IF;
END
;;
DELIMITER ;

-- ----------------------------
-- Procedure structure for sistema_productos_UPD
-- ----------------------------
DROP PROCEDURE IF EXISTS `sistema_productos_UPD`;
DELIMITER ;;
CREATE   PROCEDURE `sistema_productos_UPD`(IN `_id` VARCHAR(36), IN `_nombre` VARCHAR(200), IN `_codigo` VARCHAR(30), IN `_empresas` VARCHAR(255),  IN `_id_unidad_compra` VARCHAR(36),  IN `_id_unidad_venta` VARCHAR(36),   IN `_cantidad_unidad_compra` DOUBLE(10,2))
    NO SQL
BEGIN
SET @my_uuid=_id;

UPDATE sistema_productos as p
SET p.codigo=_codigo, p.nombre=_nombre, p.empresas=_empresas, p.id_unidad_compra=UNHEX(_id_unidad_compra), p.id_unidad_venta=UNHEX(_id_unidad_venta), p.cantidad_unidad_compra=cantidad_unidad_compra
WHERE p.id=UNHEX(_id);

SELECT @my_uuid as id;   
END
;;
DELIMITER ;

-- ----------------------------
-- Procedure structure for sistema_unidades_DEL
-- ----------------------------
DROP PROCEDURE IF EXISTS `sistema_unidades_DEL`;
DELIMITER ;;
CREATE   PROCEDURE `sistema_unidades_DEL`(IN `_id` VARCHAR(36))
    NO SQL
BEGIN
DELETE u.* FROM sistema_unidades as u WHERE u.id = UNHEX(_id);
SET @x=TRUE;
SELECT @x as resultado;
END
;;
DELIMITER ;

-- ----------------------------
-- Procedure structure for sistema_unidades_INS
-- ----------------------------
DROP PROCEDURE IF EXISTS `sistema_unidades_INS`;
DELIMITER ;;
CREATE   PROCEDURE `sistema_unidades_INS`(IN `_id` VARCHAR(36), IN `_id_tipo` VARCHAR(36), IN `_nombre` VARCHAR(100), IN `_nombre_display` VARCHAR(100), IN `_factor_conversion` DOUBLE(10,6), IN `_es_patron` TINYINT(1))
BEGIN
    SET @new_uuid=uuid();
    SET @my_uuid= CONCAT(SUBSTR(@new_uuid, 15, 4),SUBSTR(@new_uuid, 10, 4),SUBSTR(@new_uuid, 1,8),SUBSTR(@new_uuid, 20, 4),SUBSTR(@new_uuid, 25));
    SET @order_id=UNIX_TIMESTAMP();
INSERT INTO sistema_unidades(id, order_id, id_tipo, nombre, nombre_display, factor_conversion, es_patron) 
VALUES (UNHEX(@my_uuid), @order_id, UNHEX(_id_tipo), _nombre, _nombre_display, _factor_conversion, _es_patron);

SELECT @my_uuid as id;   

END
;;
DELIMITER ;

-- ----------------------------
-- Procedure structure for sistema_unidades_ONE
-- ----------------------------
DROP PROCEDURE IF EXISTS `sistema_unidades_ONE`;
DELIMITER ;;
CREATE   PROCEDURE `sistema_unidades_ONE`(IN `_id` VARCHAR(36))
    NO SQL
BEGIN
SELECT HEX(u.id) as id, u.order_id, HEX(u.id_tipo) as id_tipo, t.nombre as tipo_nombre, u.nombre, u.nombre_display, u.factor_conversion, u.es_patron
FROM sistema_unidades as u  
LEFT JOIN sistema_listas as t ON u.id_tipo = t.id
WHERE u.id = UNHEX(_id) LIMIT 1;
END
;;
DELIMITER ;

-- ----------------------------
-- Procedure structure for sistema_unidades_SEL
-- ----------------------------
DROP PROCEDURE IF EXISTS `sistema_unidades_SEL`;
DELIMITER ;;
CREATE   PROCEDURE `sistema_unidades_SEL`()
    NO SQL
BEGIN
		SELECT hex(u.id) as id,
								u.order_id,
								hex(u.id_tipo) as id_tipo,
								t.nombre as tipo_nombre,
																u.nombre,
																u.nombre_display,
																u.factor_conversion,
																u.es_patron
		FROM sistema_unidades as u
		LEFT JOIN sistema_listas as t ON u.id_tipo = t.id;
END
;;
DELIMITER ;

-- ----------------------------
-- Procedure structure for sistema_unidades_UPD
-- ----------------------------
DROP PROCEDURE IF EXISTS `sistema_unidades_UPD`;
DELIMITER ;;
CREATE   PROCEDURE `sistema_unidades_UPD`(IN `_id` VARCHAR(36), IN `_id_tipo` VARCHAR(36), IN `_nombre` VARCHAR(100), IN `_nombre_display` VARCHAR(100), IN `_factor_conversion` DOUBLE(10,6), IN `_es_patron` TINYINT(1))
    NO SQL
BEGIN
SET @my_uuid=_id;

UPDATE sistema_unidades as u
SET u.id_tipo=UNHEX(_id_tipo), u.nombre=_nombre, u.nombre_display=_nombre_display, u.factor_conversion=_factor_conversion, u.es_patron=_es_patron
WHERE id=UNHEX(_id);

SELECT @my_uuid as id;   
END
;;
DELIMITER ;

-- ----------------------------
-- Procedure structure for sistema_usuarios_DEL
-- ----------------------------
DROP PROCEDURE IF EXISTS `sistema_usuarios_DEL`;
DELIMITER ;;
CREATE   PROCEDURE `sistema_usuarios_DEL`(IN `_id` VARCHAR(36))
    NO SQL
BEGIN
DELETE u.* FROM sistema_usuarios as u WHERE u.id = UNHEX(_id);
SET @x=TRUE;
SELECT @x as resultado;
END
;;
DELIMITER ;

-- ----------------------------
-- Procedure structure for sistema_usuarios_INS
-- ----------------------------
DROP PROCEDURE IF EXISTS `sistema_usuarios_INS`;
DELIMITER ;;
CREATE   PROCEDURE `sistema_usuarios_INS`(IN `_id` VARCHAR(36), IN `_id_tipo` TINYINT(1), IN `_nombre` VARCHAR(255), IN `_cedula` VARCHAR(20), IN `_telefono` VARCHAR(24), IN `_email` VARCHAR(100), IN `_logname` VARCHAR(50), IN `_pass` VARCHAR(255), IN `_empresas` TEXT, IN `_permisos` TEXT)
BEGIN
    SET @new_uuid=uuid();
    SET @my_uuid= CONCAT(SUBSTR(@new_uuid, 15, 4),SUBSTR(@new_uuid, 10, 4),SUBSTR(@new_uuid, 1,8),SUBSTR(@new_uuid, 20, 4),SUBSTR(@new_uuid, 25));
    SET @order_id=UNIX_TIMESTAMP();
INSERT INTO sistema_usuarios (id, order_id, id_tipo, nombre, cedula, telefono, email, logname, pass, permisos) VALUES (UNHEX(@my_uuid), @order_id, _id_tipo, _nombre, _cedula, _telefono, _email, _logname, _pass, _permisos);

SELECT @my_uuid as id;   

END
;;
DELIMITER ;

-- ----------------------------
-- Procedure structure for sistema_usuarios_ONE
-- ----------------------------
DROP PROCEDURE IF EXISTS `sistema_usuarios_ONE`;
DELIMITER ;;
CREATE   PROCEDURE `sistema_usuarios_ONE`(IN `_id` VARCHAR(36))
    NO SQL
BEGIN
SELECT HEX(u.id) as id, u.order_id, u.id_tipo, u.nombre, u.cedula, u.telefono, u.email, u.logname, u.pass, u.permisos, u.empresas FROM sistema_usuarios as u WHERE u.id = UNHEX(_id) LIMIT 1;
END
;;
DELIMITER ;

-- ----------------------------
-- Procedure structure for sistema_usuarios_SEL
-- ----------------------------
DROP PROCEDURE IF EXISTS `sistema_usuarios_SEL`;
DELIMITER ;;
CREATE   PROCEDURE `sistema_usuarios_SEL`(IN `_id` VARCHAR(36))
    NO SQL
BEGIN

	IF _id = "" THEN 
    	SELECT 
        hex(u.id) as id,
                u.order_id,
                u.id_tipo,
                u.nombre,
                u.cedula,
                u.telefono, 
                u.email, 
                u.logname,
                u.pass,
								u.permisos,
								u.empresas,
								u.event
        FROM sistema_usuarios as u
				ORDER BY order_id;
ELSE 

    	SELECT 
        hex(u.id) as id,
                u.order_id,
                u.id_tipo,
                u.nombre,
                u.cedula,
                u.telefono, 
                u.email, 
                u.logname,
                u.pass,
								u.permisos,
								u.empresas,
								u.event
        FROM sistema_usuarios as u
				WHERE u.id_tipo <> _id
				ORDER BY order_id;
  END IF;
END
;;
DELIMITER ;

-- ----------------------------
-- Procedure structure for sistema_usuarios_UPD
-- ----------------------------
DROP PROCEDURE IF EXISTS `sistema_usuarios_UPD`;
DELIMITER ;;
CREATE   PROCEDURE `sistema_usuarios_UPD`(IN `_id` VARCHAR(36), IN `_id_tipo` TINYINT(1), IN `_nombre` VARCHAR(255), IN `_cedula` VARCHAR(20), IN `_telefono` VARCHAR(24), IN `_email` VARCHAR(100), IN `_logname` VARCHAR(50), IN `_pass` VARCHAR(255), IN `_permisos` TEXT, IN `_empresas` TEXT)
BEGIN
  SET @my_uuid=_id;

	UPDATE sistema_usuarios as u
	SET u.id_tipo=_id_tipo, u.nombre=_nombre, u.cedula=_cedula, u.telefono=_telefono, u.email=_email, u.logname=_logname, u.pass=_pass, u.permisos=_permisos, u.empresas=_empresas
	WHERE u.id=UNHEX(_id);

	SELECT @my_uuid as id;   
END
;;
DELIMITER ;

-- ----------------------------
-- Procedure structure for ventas_clientes_INS
-- ----------------------------
DROP PROCEDURE IF EXISTS `ventas_clientes_INS`;
DELIMITER ;;
CREATE   PROCEDURE `ventas_clientes_INS`(IN `_id` VARCHAR(36), IN `_id_empresa` VARCHAR(36), IN `_nombre` VARCHAR(200), IN `_rif` VARCHAR(20), IN `_direccion` VARCHAR(200), IN `_telefono` VARCHAR(45), IN `_email` VARCHAR(100), IN `_representante` VARCHAR(200), IN `_limite_credito` DOUBLE(10,2), IN `_dias_credito` DOUBLE(10,2), IN `_observacion` VARCHAR(200))
BEGIN
    SET @new_uuid=uuid();
    SET @my_uuid= CONCAT(SUBSTR(@new_uuid, 15, 4),SUBSTR(@new_uuid, 10, 4),SUBSTR(@new_uuid, 1,8),SUBSTR(@new_uuid, 20, 4),SUBSTR(@new_uuid, 25));
    SET @order_id=UNIX_TIMESTAMP();
		
		INSERT INTO ventas_clientes(id, order_id, id_empresa, nombre, rif, direccion, telefono, email, representante, limite_credito, dias_credito, observacion) 
		VALUES (UNHEX(@my_uuid), @order_id, UNHEX(_id_empresa), _nombre, _rif, _direccion, _telefono, _email, _representante, _limite_credito, _dias_credito, _observacion);

		SELECT @my_uuid as id;   
END
;;
DELIMITER ;

-- ----------------------------
-- Procedure structure for ventas_clientes_ONE
-- ----------------------------
DROP PROCEDURE IF EXISTS `ventas_clientes_ONE`;
DELIMITER ;;
CREATE   PROCEDURE `ventas_clientes_ONE`(IN `_id` VARCHAR(36))
    NO SQL
BEGIN
SELECT HEX(c.id) as id, c.order_id, HEX(c.id_empresa) as id_empresa, c.nombre, c.rif, c.direccion, c.telefono, c.email, c.representante, c.limite_credito, c.dias_credito, c.observacion
FROM ventas_clientes as c
WHERE c.id = UNHEX(_id) LIMIT 1;
END
;;
DELIMITER ;

-- ----------------------------
-- Procedure structure for ventas_clientes_SEL
-- ----------------------------
DROP PROCEDURE IF EXISTS `ventas_clientes_SEL`;
DELIMITER ;;
CREATE   PROCEDURE `ventas_clientes_SEL`(IN `_id_empresa` VARCHAR(36))
    NO SQL
BEGIN
        SELECT hex(c.id) as id,
                    c.order_id,
										hex(c.id_empresa) as id_empresa,
										c.nombre,
										c.rif,
										c.direccion,
										c.telefono,
										c.email,
										c.representante,
										c.limite_credito,
										c.dias_credito,
										c.observacion
        FROM ventas_clientes as c
				WHERE c.id_empresa=UNHEX(_id_empresa);
END
;;
DELIMITER ;

-- ----------------------------
-- Procedure structure for ventas_clientes_UPD
-- ----------------------------
DROP PROCEDURE IF EXISTS `ventas_clientes_UPD`;
DELIMITER ;;
CREATE   PROCEDURE `ventas_clientes_UPD`(IN `_id` VARCHAR(36), IN `_id_empresa` VARCHAR(36), IN `_nombre` VARCHAR(200), IN `_rif` VARCHAR(20), IN `_direccion` VARCHAR(200), IN `_telefono` VARCHAR(45), IN `_email` VARCHAR(100), IN `_representante` VARCHAR(200), IN `_limite_credito` DOUBLE(10,2), IN `_dias_credito` DOUBLE(10,2), IN `_observacion` VARCHAR(200))
    NO SQL
BEGIN
SET @my_uuid=_id;

UPDATE ventas_clientes as c
SET c.id_empresa=UNHEX(_id_empresa), c.nombre=_nombre, c.rif=_rif, c.direccion=_direccion, c.telefono=_telefono, c.email=_email, c.representante=_representante, c.limite_credito=_limite_credito, c.dias_credito=_dias_credito, c.observacion=_observacion
WHERE c.id=UNHEX(_id);

SELECT @my_uuid as id;   
END
;;
DELIMITER ;

-- ----------------------------
-- Procedure structure for ventas_operaciones_INS
-- ----------------------------
DROP PROCEDURE IF EXISTS `ventas_operaciones_INS`;
DELIMITER ;;
CREATE   PROCEDURE `ventas_operaciones_INS`(IN `_id` VARCHAR(36),  IN `_id_empresa` VARCHAR(36), IN `_id_tipo` VARCHAR(36), IN `_numero` INT(10), IN `_nro_control` VARCHAR(100), IN `_fecha` DATETIME, IN `_fecha_registro` DATETIME, IN `_id_doc_origen` VARCHAR(36), IN `_id_cliente` VARCHAR(36), IN `_monto_bruto` DOUBLE(10,2), IN `_pct_descuento` DOUBLE(10,2), IN `_pct_adicional` DOUBLE(10,2), IN `_monto_neto` DOUBLE(10,2), IN `_monto_iva` DOUBLE(10,2), IN `_monto_total` DOUBLE(10,2), IN `_id_status` VARCHAR(36), IN `_id_estado` VARCHAR(36),IN `_id_usuario` VARCHAR(36), IN `_observacion` VARCHAR(255),IN `_id_vendedor` VARCHAR(36),IN `_id_vehiculo` VARCHAR(36),IN `_id_chofer` VARCHAR(36))
BEGIN
    SET @new_uuid=uuid();
    SET @my_uuid= CONCAT(SUBSTR(@new_uuid, 15, 4),SUBSTR(@new_uuid, 10, 4),SUBSTR(@new_uuid, 1,8),SUBSTR(@new_uuid, 20, 4),SUBSTR(@new_uuid, 25));
    SET @order_id=UNIX_TIMESTAMP();

		INSERT INTO ventas_operaciones(id, order_id, id_empresa, id_tipo, numero, nro_control, fecha, fecha_registro, id_doc_origen, id_cliente, monto_bruto, pct_descuento, pct_adicional, monto_neto, monto_iva, monto_total, id_status, id_estado, id_usuario, observacion, id_vendedor, id_vehiculo, id_chofer) 
		VALUES (UNHEX(@my_uuid), @order_id, UNHEX(_id_empresa), UNHEX(_id_tipo), _numero, _nro_control, _fecha, _fecha_registro, UNHEX(_id_doc_origen), UNHEX(_id_cliente),_monto_bruto, _pct_descuento, _pct_adicional, _monto_neto, _monto_iva, _monto_total, _id_status, _id_estado, _id_usuario, _observacion, UNHEX(_id_vendedor), UNHEX(_id_vehiculo), UNHEX(_id_chofer));

		SELECT @my_uuid as id;   
END
;;
DELIMITER ;

-- ----------------------------
-- Procedure structure for ventas_operaciones_LAST
-- ----------------------------
DROP PROCEDURE IF EXISTS `ventas_operaciones_LAST`;
DELIMITER ;;
CREATE   PROCEDURE `ventas_operaciones_LAST`(IN `_id_empresa` VARCHAR(36), IN `_id_tipo` VARCHAR(36))
    NO SQL
BEGIN
        SELECT 	MAX(o.numero) as lastnumero
								FROM ventas_operaciones as o
				WHERE o.id_empresa=UNHEX(_id_empresa) AND o.id_tipo=UNHEX(_id_tipo);
END
;;
DELIMITER ;

-- ----------------------------
-- Procedure structure for ventas_operaciones_ONE
-- ----------------------------
DROP PROCEDURE IF EXISTS `ventas_operaciones_ONE`;
DELIMITER ;;
CREATE   PROCEDURE `ventas_operaciones_ONE`(IN `_id` VARCHAR(36))
    NO SQL
BEGIN
SELECT HEX(o.id) as id, 
	o.order_id, 
	HEX(o.id_empresa) as id_empresa,
	o.numero, 
	o.nro_control, 
	o.fecha, 
	o.fecha_registro, 
	HEX(o.id_tipo) as id_tipo,
	so.nombre as tipo_operacion_nombre,
	HEX(o.id_doc_origen) as id_doc_origen, 
	HEX(o.id_cliente) as id_cliente, 
	c.nombre as cliente_nombre,
	c.rif as cliente_rif,
	o.monto_bruto,
	o.pct_descuento,
	o.pct_adicional,
	o.monto_neto,
	o.monto_iva,
	o.monto_total,
	o.id_status,
	o.id_estado,
	HEX(o.id_usuario) as id_usuario, 
	u.nombre as usuario_nombre,
	o.observacion,
	HEX(o.id_vendedor) as id_vendedor, 
	HEX(o.id_vehiculo) as id_vehiculo, 
	HEX(o.id_chofer) as id_chofer
FROM ventas_operaciones as o
INNER JOIN sistema_operaciones as so ON o.id_tipo=so.id
LEFT JOIN ventas_clientes as c ON o.id_cliente=c.id
LEFT JOIN sistema_usuarios as u ON o.id_usuario=u.id
WHERE o.id = UNHEX(_id) LIMIT 1;

END
;;
DELIMITER ;

-- ----------------------------
-- Procedure structure for ventas_operaciones_SEL
-- ----------------------------
DROP PROCEDURE IF EXISTS `ventas_operaciones_SEL`;
DELIMITER ;;
CREATE   PROCEDURE `ventas_operaciones_SEL`(IN `_id_empresa` VARCHAR(36), IN `_id_tipo` VARCHAR(36))
    NO SQL
BEGIN
        SELECT hex(o.id) as id,
                    o.order_id,
										hex(o.id_empresa) as id_empresa,
										hex(o.id_tipo) as id_tipo,
										so.nombre as tipo_operacion_nombre,
										o.numero,
										o.nro_control,
										DATE_FORMAT(o.fecha,'%Y-%m-%dT%TZ') as fecha,
										o.fecha_registro,
										hex(o.id_doc_origen) as id_doc_origen,
										hex(o.id_cliente) as id_cliente,
										c.nombre as cliente_nombre,
										c.rif as cliente_rif,
										o.monto_bruto,
										o.pct_descuento,
										o.pct_adicional,
										o.monto_neto,
										o.monto_iva,
										o.monto_total,
										o.id_status,
										o.id_estado,
										hex(o.id_usuario) as id_usuario,
										u.nombre as usuario_nombre,
										o.observacion,
										HEX(o.id_vendedor) as id_vendedor, 
										HEX(o.id_vehiculo) as id_vehiculo, 
										HEX(o.id_chofer) as id_chofer
        FROM ventas_operaciones as o
				INNER JOIN sistema_operaciones as so ON o.id_tipo=so.id
				LEFT JOIN ventas_clientes as c ON o.id_cliente=c.id
				LEFT JOIN sistema_usuarios as u ON o.id_usuario=u.id
				WHERE o.id_empresa=UNHEX(_id_empresa) AND o.id_tipo=UNHEX(_id_tipo)
				ORDER BY o.order_id DESC;
END
;;
DELIMITER ;

-- ----------------------------
-- Procedure structure for ventas_operaciones_UPD
-- ----------------------------
DROP PROCEDURE IF EXISTS `ventas_operaciones_UPD`;
DELIMITER ;;
CREATE   PROCEDURE `ventas_operaciones_UPD`(IN `_id` VARCHAR(36),  IN `_id_empresa` VARCHAR(36), IN `_id_tipo` VARCHAR(36), IN `_numero` INT(10), IN `_nro_control` VARCHAR(100), IN `_fecha` DATETIME, IN `_fecha_registro` DATETIME, IN `_id_doc_origen` VARCHAR(36), IN `_id_cliente` VARCHAR(36), IN `_monto_bruto` DOUBLE(10,2), IN `_pct_descuento` DOUBLE(10,2), IN `_pct_adicional` DOUBLE(10,2), IN `_monto_neto` DOUBLE(10,2), IN `_monto_iva` DOUBLE(10,2), IN `_monto_total` DOUBLE(10,2), IN `_id_status` VARCHAR(36), IN `_id_estado` VARCHAR(36),IN `_id_usuario` VARCHAR(36), IN `_observacion` VARCHAR(255),IN `_id_vendedor` VARCHAR(36),IN `_id_vehiculo` VARCHAR(36),IN `_id_chofer` VARCHAR(36))
    NO SQL
BEGIN
SET @my_uuid=_id;

UPDATE ventas_operaciones as o
SET 
o.id_empresa= UNHEX(_id_empresa),
o.id_tipo= UNHEX(_id_tipo), 
o.numero= _numero, 
o.nro_control= _nro_control, 
o.fecha= _fecha, 
o.fecha_registro= _fecha_registro,
o.id_doc_origen= UNHEX(_id_doc_origen),
o.id_cliente= UNHEX(_id_cliente),
o.monto_bruto=_monto_bruto,
o.pct_descuento=_pct_descuento,
o.pct_adicional=_pct_adicional,
o.monto_neto=_monto_neto,
o.monto_iva=_monto_iva,
o.monto_total=_monto_total, 
o.id_usuario= UNHEX(_id_usuario), 
o.id_status= _id_status, 
o.observacion= _observacion,
o.id_vendedor= UNHEX(_id_vendedor),
o.id_vehiculo= UNHEX(_id_vehiculo),
o.id_chofer= UNHEX(_id_chofer)
WHERE o.id=UNHEX(_id);

SELECT @my_uuid as id;   
END
;;
DELIMITER ;

-- ----------------------------
-- Function structure for ordered_uuid
-- ----------------------------
DROP FUNCTION IF EXISTS `ordered_uuid`;
DELIMITER ;;
CREATE   FUNCTION `ordered_uuid`(uuid BINARY(36)) RETURNS binary(16)
    DETERMINISTIC
RETURN UNHEX(CONCAT(SUBSTR(uuid, 15, 4),SUBSTR(uuid, 10, 4),SUBSTR(uuid, 1, 8),SUBSTR(uuid, 20, 4),SUBSTR(uuid, 25)))
;;
DELIMITER ;
