/*
Navicat MySQL Data Transfer

Source Server         : MySQL
Source Server Version : 50505
Source Host           : localhost:3306
Source Database       : verona_color

Target Server Type    : MYSQL
Target Server Version : 50505
File Encoding         : 65001

Date: 2018-07-04 18:07:57
*/

SET FOREIGN_KEY_CHECKS=0;

-- ----------------------------
-- Table structure for caja_bancos
-- ----------------------------
DROP TABLE IF EXISTS `caja_bancos`;
CREATE TABLE `caja_bancos` (
  `id` binary(16) NOT NULL,
  `order_id` int(11) DEFAULT NULL,
  `id_empresa` binary(16) DEFAULT '0\0\0\0\0\0\0\0\0\0\0\0\0\0\0\0' COMMENT 'identificador del banco en listas',
  `id_banco` binary(16) DEFAULT '0\0\0\0\0\0\0\0\0\0\0\0\0\0\0\0',
  `id_tipo` binary(16) DEFAULT '0\0\0\0\0\0\0\0\0\0\0\0\0\0\0\0',
  `numero` varchar(20) CHARACTER SET latin1 COLLATE latin1_bin DEFAULT '',
  PRIMARY KEY (`id`)
) ENGINE=InnoDB DEFAULT CHARSET=latin1;

-- ----------------------------
-- Records of caja_bancos
-- ----------------------------
INSERT INTO `caja_bancos` VALUES (0x11E855FAF757BC91A72800270E383B06, '1526139701', 0x30000000000000000000000000000000, 0x11E7A6A5DC61415C9B0700270E383B06, 0x11E855F966D38F6EA72800270E383B06, '01340436575200057894');
INSERT INTO `caja_bancos` VALUES (0x11E85F2A74E565028DDE00270E383B06, '1527149658', 0x30000000000000000000000000000000, 0x11E7A71308397A0D9B0700270E383B06, 0x11E855F966D38F6EA72800270E383B06, '01020470894521191235');
INSERT INTO `caja_bancos` VALUES (0x11E86EEB998438E6878100270E383B06, '1528881880', null, 0x11E7A6A5DC61415C9B0700270E383B06, 0x11E855F966D38F6EA72800270E383B06, '01347867867867');
INSERT INTO `caja_bancos` VALUES (0x11E86EEBDA703527878100270E383B06, '1528881989', 0x11E8671BDA538048BDE500270E383B06, 0x11E7A6A5DC61415C9B0700270E383B06, 0x11E855F966D38F6EA72800270E383B06, '0134867867867868');
INSERT INTO `caja_bancos` VALUES (0x11E86EEFB18A6151878100270E383B06, '1528883638', 0x11E8676EAD11B2E6BDE500270E383B06, 0x11E7A6A5DC61415C9B0700270E383B06, 0x11E855F966D38F6EA72800270E383B06, '7777777777777777777');

-- ----------------------------
-- Table structure for caja_instrumentos
-- ----------------------------
DROP TABLE IF EXISTS `caja_instrumentos`;
CREATE TABLE `caja_instrumentos` (
  `id` binary(16) NOT NULL,
  `order_id` int(11) DEFAULT NULL,
  `id_empresa` binary(16) DEFAULT '0\0\0\0\0\0\0\0\0\0\0\0\0\0\0\0' COMMENT 'identificador del banco en listas',
  `nombre` varchar(255) DEFAULT NULL,
  `es_inactivo` tinyint(1) DEFAULT '0',
  `id_tipo` tinyint(1) DEFAULT '0' COMMENT '1 efectivo, 2 cheque, 3 deposito, 4 punto venta',
  PRIMARY KEY (`id`)
) ENGINE=InnoDB DEFAULT CHARSET=latin1;

-- ----------------------------
-- Records of caja_instrumentos
-- ----------------------------
INSERT INTO `caja_instrumentos` VALUES (0x11E8561F2D70B3D7A72800270E383B06, '1526155254', 0x30000000000000000000000000000000, 'Transferencia Bancaria', '0', '3');
INSERT INTO `caja_instrumentos` VALUES (0x11E85F2A7BA5A6238DDE00270E383B06, '1527149670', 0x30000000000000000000000000000000, 'Cheque', '0', '2');
INSERT INTO `caja_instrumentos` VALUES (0x11E85FB156957A539A3200270E383B06, '1527207590', 0x30000000000000000000000000000000, 'Biopago', '0', '4');
INSERT INTO `caja_instrumentos` VALUES (0x11E85FB17390F9B79A3200270E383B06, '1527207638', 0x30000000000000000000000000000000, 'Punto Banesco', '0', '4');
INSERT INTO `caja_instrumentos` VALUES (0x11E85FB395B418B09A3200270E383B06, '1527208555', 0x30000000000000000000000000000000, 'Efectivo', '0', '1');
INSERT INTO `caja_instrumentos` VALUES (0x11E86EEE80A5E401878100270E383B06, '1528883127', 0x31314538363731424441353338303438, 'Transferencia', '0', '3');
INSERT INTO `caja_instrumentos` VALUES (0x11E86EEE9B443F7F878100270E383B06, '1528883172', null, 'Transferencia Bancaria', '1', '3');
INSERT INTO `caja_instrumentos` VALUES (0x11E86EEED7E9B3EB878100270E383B06, '1528883273', null, 't', '1', '1');
INSERT INTO `caja_instrumentos` VALUES (0x11E86EEF1084E57D878100270E383B06, '1528883368', null, 'a', '1', '1');
INSERT INTO `caja_instrumentos` VALUES (0x11E86EEF2EA414EB878100270E383B06, '1528883419', null, 'e', '1', '1');
INSERT INTO `caja_instrumentos` VALUES (0x11E86EEF3C79609E878100270E383B06, '1528883442', null, 'as', '1', '1');
INSERT INTO `caja_instrumentos` VALUES (0x11E86EEF5F58642D878100270E383B06, '1528883501', 0x11E8671BDA538048BDE500270E383B06, 'Transferencia Bancaria', '0', '3');
INSERT INTO `caja_instrumentos` VALUES (0x11E86EEFA7FE7D45878100270E383B06, '1528883622', 0x11E8671BDA538048BDE500270E383B06, 'Cheque', '1', '2');
INSERT INTO `caja_instrumentos` VALUES (0x11E86EEFB9039EDB878100270E383B06, '1528883651', 0x11E8676EAD11B2E6BDE500270E383B06, 'Transferencia', '0', '3');

-- ----------------------------
-- Table structure for caja_movimientos
-- ----------------------------
DROP TABLE IF EXISTS `caja_movimientos`;
CREATE TABLE `caja_movimientos` (
  `id` binary(16) NOT NULL,
  `order_id` int(11) DEFAULT NULL,
  `fecha` datetime DEFAULT NULL,
  `id_tipo` binary(16) DEFAULT '0\0\0\0\0\0\0\0\0\0\0\0\0\0\0\0',
  `id_operacion` binary(16) DEFAULT '0\0\0\0\0\0\0\0\0\0\0\0\0\0\0\0',
  `monto` decimal(20,2) DEFAULT '0.00' COMMENT 'monto del pago',
  `id_instrumento` binary(16) DEFAULT '0\0\0\0\0\0\0\0\0\0\0\0\0\0\0\0',
  `id_cuenta` binary(16) DEFAULT '0\0\0\0\0\0\0\0\0\0\0\0\0\0\0\0',
  `id_banco` binary(16) DEFAULT '0\0\0\0\0\0\0\0\0\0\0\0\0\0\0\0',
  `numero_operacion` varchar(20) CHARACTER SET utf8 COLLATE utf8_spanish_ci DEFAULT NULL COMMENT 'numero de la operacion bancaria',
  PRIMARY KEY (`id`)
) ENGINE=InnoDB DEFAULT CHARSET=latin1;

-- ----------------------------
-- Records of caja_movimientos
-- ----------------------------
INSERT INTO `caja_movimientos` VALUES (0x11E85FF42492DAB39A3200270E383B06, '1527236282', '2018-06-28 06:51:36', 0x11E7C39A3423F2A88F1A00E04C6F7E24, 0x11E85FF424713D109A3200270E383B06, '33930000.00', null, null, null, null);
INSERT INTO `caja_movimientos` VALUES (0x11E85FF4751355819A3200270E383B06, '1527236417', '2018-06-28 06:51:36', 0x11E7C39A3423F2A88F1A00E04C6F7E24, 0x11E85FF474FC82959A3200270E383B06, '24960000.00', null, null, null, null);
INSERT INTO `caja_movimientos` VALUES (0x11E85FF56F651D949A3200270E383B06, '1527236837', '2018-06-28 06:51:36', 0x11E7C39A40E0A2B78F1A00E04C6F7E24, 0x11E85FF56F4B7F4C9A3200270E383B06, '26644800.00', 0x11E8561F2D70B3D7A72800270E383B06, 0x00000000000000000000000000000000, 0x11E855FAF757BC91A72800270E383B06, null);
INSERT INTO `caja_movimientos` VALUES (0x11E85FF5B08A69B99A3200270E383B06, '1527236946', '2018-06-28 06:51:36', 0x11E7C39A40E0A2B78F1A00E04C6F7E24, 0x11E85FF5B05946879A3200270E383B06, '6719076.00', 0x11E8561F2D70B3D7A72800270E383B06, 0x00000000000000000000000000000000, 0x11E855FAF757BC91A72800270E383B06, '666');
INSERT INTO `caja_movimientos` VALUES (0x11E85FFAADF5EB869A3200270E383B06, '1527239089', '2018-06-28 06:51:36', 0x11E7C39A40E0A2B78F1A00E04C6F7E24, 0x11E85FFAADE65FFE9A3200270E383B06, '12667200.00', 0x11E8561F2D70B3D7A72800270E383B06, 0x00000000000000000000000000000000, 0x11E855FAF757BC91A72800270E383B06, '3333');
INSERT INTO `caja_movimientos` VALUES (0x11E86745861FB1ECBDE500270E383B06, '1528040893', '2018-06-28 06:51:36', 0x11E7C39A40E0A2B78F1A00E04C6F7E24, 0x11E86745860E42F3BDE500270E383B06, '33600000.00', 0x11E8561F2D70B3D7A72800270E383B06, 0x00000000000000000000000000000000, 0x11E855FAF757BC91A72800270E383B06, '3333333');
INSERT INTO `caja_movimientos` VALUES (0x11E87080BF47E14DB71200270E383B06, '1529055890', '2018-06-28 06:51:36', 0x11E7C39A3423F2A88F1A00E04C6F7E24, 0x11E87080BF2B3052B71200270E383B06, '5600000.00', 0x11E86EEF5F58642D878100270E383B06, 0x00000000000000000000000000000000, 0x11E86EEBDA703527878100270E383B06, '2222');
INSERT INTO `caja_movimientos` VALUES (0x11E87080F025F17AB71200270E383B06, '1529055972', '2018-06-28 06:51:36', 0x11E7C39A40E0A2B78F1A00E04C6F7E24, 0x11E87080F012042DB71200270E383B06, '5600000.00', 0x11E86EEF5F58642D878100270E383B06, 0x00000000000000000000000000000000, 0x11E86EEBDA703527878100270E383B06, 'xxxxxxx');
INSERT INTO `caja_movimientos` VALUES (0x11E871552DEFBC809F9A00270E383B06, '1529147129', '2018-06-28 06:51:36', 0x11E7C39A40E0A2B78F1A00E04C6F7E24, 0x11E871552DCC4CF09F9A00270E383B06, '5600000.00', 0x11E86EEF5F58642D878100270E383B06, 0x00000000000000000000000000000000, 0x11E86EEBDA703527878100270E383B06, '33333');
INSERT INTO `caja_movimientos` VALUES (0x11E8715E5F09B0639F9A00270E383B06, '1529151077', '2018-06-28 06:51:36', 0x11E7C39A3423F2A88F1A00E04C6F7E24, 0x11E8715E5EF278259F9A00270E383B06, '20000000.00', 0x11E86EEF5F58642D878100270E383B06, 0x00000000000000000000000000000000, 0x11E86EEBDA703527878100270E383B06, '111111111');
INSERT INTO `caja_movimientos` VALUES (0x11E8715E5F0CEF2F9F9A00270E383B06, '1529151077', '2018-06-28 06:51:36', 0x11E7C39A3423F2A88F1A00E04C6F7E24, 0x11E8715E5EF278259F9A00270E383B06, '15000000.00', 0x11E86EEFA7FE7D45878100270E383B06, 0x11E7A70D15F52A249B0700270E383B06, 0x00000000000000000000000000000000, '22321');
INSERT INTO `caja_movimientos` VALUES (0x11E8715E5F128A7E9F9A00270E383B06, '1529151077', '2018-06-28 06:51:36', 0x11E7C39A3423F2A88F1A00E04C6F7E24, 0x11E8715E5EF278259F9A00270E383B06, '28840000.00', 0x11E86EEFA7FE7D45878100270E383B06, 0x11E7A71308397A0D9B0700270E383B06, 0x00000000000000000000000000000000, '367788');
INSERT INTO `caja_movimientos` VALUES (0x11E8715F13B839FB9F9A00270E383B06, '1529151380', '2018-06-28 06:51:36', 0x11E7C39A40E0A2B78F1A00E04C6F7E24, 0x11E8715F13996AA29F9A00270E383B06, '10000000.00', 0x11E86EEF5F58642D878100270E383B06, 0x00000000000000000000000000000000, 0x11E86EEBDA703527878100270E383B06, '320000000');
INSERT INTO `caja_movimientos` VALUES (0x11E8715F13C114759F9A00270E383B06, '1529151380', '2018-06-28 06:51:36', 0x11E7C39A40E0A2B78F1A00E04C6F7E24, 0x11E8715F13996AA29F9A00270E383B06, '12400000.00', 0x11E86EEFA7FE7D45878100270E383B06, 0x11E7A91B2A5A51708A4800E04C6F7E24, 0x00000000000000000000000000000000, '111111');
INSERT INTO `caja_movimientos` VALUES (0x11E87160388F77EA9F9A00270E383B06, '1529151871', '2018-06-28 06:51:36', 0x11E7C39A3423F2A88F1A00E04C6F7E24, 0x11E87160387D0CA99F9A00270E383B06, '2000000.00', 0x11E86EEF5F58642D878100270E383B06, 0x00000000000000000000000000000000, 0x11E86EEBDA703527878100270E383B06, '11');
INSERT INTO `caja_movimientos` VALUES (0x11E871603895200D9F9A00270E383B06, '1529151871', '2018-06-28 06:51:36', 0x11E7C39A3423F2A88F1A00E04C6F7E24, 0x11E87160387D0CA99F9A00270E383B06, '8080000.00', 0x11E86EEFA7FE7D45878100270E383B06, 0x11E7A70D15F52A249B0700270E383B06, 0x00000000000000000000000000000000, '111111111111111111');
INSERT INTO `caja_movimientos` VALUES (0x11E8716092A815CB9F9A00270E383B06, '1529152022', '2018-06-28 06:51:36', 0x11E7C39A40E0A2B78F1A00E04C6F7E24, 0x11E8716092960FF39F9A00270E383B06, '5000000.00', 0x11E86EEF5F58642D878100270E383B06, 0x11E86EEBDA703527878100270E383B06, 0x00000000000000000000000000000000, '2222222222');
INSERT INTO `caja_movimientos` VALUES (0x11E8716092AD83439F9A00270E383B06, '1529152022', '2018-06-28 06:51:36', 0x11E7C39A40E0A2B78F1A00E04C6F7E24, 0x11E8716092960FF39F9A00270E383B06, '6200000.00', 0x11E86EEFA7FE7D45878100270E383B06, 0x00000000000000000000000000000000, 0x11E7A91B2A5A51708A4800E04C6F7E24, '3333333333');
INSERT INTO `caja_movimientos` VALUES (0x11E8719E8FE119D2987000270E383B06, '1529178646', '2018-06-28 06:51:36', 0x11E7C39A40E0A2B78F1A00E04C6F7E24, 0x11E8719E8FC43010987000270E383B06, '31360000.00', 0x11E86EEF5F58642D878100270E383B06, 0x11E86EEBDA703527878100270E383B06, 0x00000000000000000000000000000000, '');
INSERT INTO `caja_movimientos` VALUES (0x11E871A7CEEED4F5987000270E383B06, '1529182618', '2018-06-28 06:51:36', 0x11E871624941FB5D9F9A00270E383B06, 0x11E871A7CEDC5BEE987000270E383B06, '11200000.00', 0x11E86EEF5F58642D878100270E383B06, 0x11E86EEBDA703527878100270E383B06, 0x00000000000000000000000000000000, 'xxxxxxxxx');
INSERT INTO `caja_movimientos` VALUES (0x11E871A9BDACAA7A987000270E383B06, '1529183448', '2018-06-28 06:51:36', 0x11E871624941FB5D9F9A00270E383B06, 0x11E871A9BD9EE2E0987000270E383B06, '10080000.00', 0x11E86EEF5F58642D878100270E383B06, 0x11E86EEBDA703527878100270E383B06, 0x00000000000000000000000000000000, 'zzzzzzz');
INSERT INTO `caja_movimientos` VALUES (0x11E871A9EF325E3A987000270E383B06, '1529183531', '2018-06-28 06:51:36', 0x11E871624941FB5D9F9A00270E383B06, 0x11E871A9EF288A9E987000270E383B06, '10080000.00', 0x11E86EEF5F58642D878100270E383B06, 0x11E86EEBDA703527878100270E383B06, 0x00000000000000000000000000000000, 'rrrrrrrrrrr');
INSERT INTO `caja_movimientos` VALUES (0x11E87399C1EBFE419BD600270E383B06, '1529396485', '2018-06-28 06:51:36', 0x11E7C39A3423F2A88F1A00E04C6F7E24, 0x11E87399C1D88CA19BD600270E383B06, '13440000.00', 0x11E86EEF5F58642D878100270E383B06, 0x11E86EEBDA703527878100270E383B06, 0x00000000000000000000000000000000, '1as');
INSERT INTO `caja_movimientos` VALUES (0x11E87399ED5E530C9BD600270E383B06, '1529396558', '2018-06-28 06:51:36', 0x11E7C39A40E0A2B78F1A00E04C6F7E24, 0x11E87399ED4BA7B79BD600270E383B06, '13440000.00', 0x11E86EEF5F58642D878100270E383B06, 0x11E86EEBDA703527878100270E383B06, 0x00000000000000000000000000000000, 'aaa');
INSERT INTO `caja_movimientos` VALUES (0x11E8739A7657B0269BD600270E383B06, '1529396788', '2018-06-28 06:51:36', 0x11E7C39A40E0A2B78F1A00E04C6F7E24, 0x11E8739A76458CF89BD600270E383B06, '13440000.00', 0x11E86EEF5F58642D878100270E383B06, 0x11E86EEBDA703527878100270E383B06, 0x00000000000000000000000000000000, 'a');
INSERT INTO `caja_movimientos` VALUES (0x11E87922AFDC0B878C9100270E383B06, '1530005052', '2018-06-28 06:51:36', 0x11E7C39A3423F2A88F1A00E04C6F7E24, 0x11E87922AF9A141C8C9100270E383B06, '99999999.99', 0x11E86EEF5F58642D878100270E383B06, 0x11E86EEBDA703527878100270E383B06, 0x00000000000000000000000000000000, '1111111111');

-- ----------------------------
-- Table structure for compras_operaciones
-- ----------------------------
DROP TABLE IF EXISTS `compras_operaciones`;
CREATE TABLE `compras_operaciones` (
  `id` binary(16) NOT NULL,
  `order_id` int(11) DEFAULT NULL,
  `id_empresa` binary(16) DEFAULT '0\0\0\0\0\0\0\0\0\0\0\0\0\0\0\0',
  `id_tipo` binary(16) DEFAULT '0\0\0\0\0\0\0\0\0\0\0\0\0\0\0\0',
  `numero` int(10) DEFAULT NULL,
  `nro_control` varchar(10) DEFAULT NULL,
  `fecha` datetime DEFAULT NULL,
  `fecha_registro` datetime DEFAULT NULL,
  `id_doc_origen` binary(16) DEFAULT '0\0\0\0\0\0\0\0\0\0\0\0\0\0\0\0',
  `id_proveedor` binary(16) DEFAULT '0\0\0\0\0\0\0\0\0\0\0\0\0\0\0\0',
  `id_destino` binary(16) DEFAULT '0\0\0\0\0\0\0\0\0\0\0\0\0\0\0\0',
  `monto_bruto` decimal(10,2) DEFAULT '0.00' COMMENT 'monto bruto',
  `pct_descuento` decimal(10,2) DEFAULT '0.00' COMMENT 'porcentaje de descuento',
  `pct_adicional` decimal(10,2) DEFAULT '0.00' COMMENT 'porcentaje adicional',
  `monto_neto` decimal(10,2) DEFAULT '0.00' COMMENT 'monto neto',
  `monto_iva` decimal(10,2) DEFAULT '0.00' COMMENT 'monto iva',
  `monto_total` decimal(10,2) DEFAULT '0.00' COMMENT 'monto total',
  `id_status` int(11) DEFAULT '0' COMMENT 'identificador del status',
  `id_estado` int(11) DEFAULT '0' COMMENT 'identificador del estado',
  `id_usuario` binary(16) DEFAULT '0\0\0\0\0\0\0\0\0\0\0\0\0\0\0\0' COMMENT 'identificador del usuario',
  `observacion` varchar(200) CHARACTER SET utf8 COLLATE utf8_spanish_ci DEFAULT NULL COMMENT 'observacion',
  PRIMARY KEY (`id`)
) ENGINE=InnoDB DEFAULT CHARSET=latin1;

-- ----------------------------
-- Records of compras_operaciones
-- ----------------------------
INSERT INTO `compras_operaciones` VALUES (0x11E879226B5E27428C9100270E383B06, '1530004937', 0x11E8671BDA538048BDE500270E383B06, 0x11E7C35C8B1444918F1A00E04C6F7E24, '1', '00000001', '2018-06-26 05:22:17', '2018-06-26 05:22:17', 0x00000000000000000000000000000000, 0x11E86BD0A24ED47DBDE500270E383B06, 0x11E869581BDFBD96BDE500270E383B06, '0.00', '0.00', '0.00', '0.00', '0.00', '0.00', '1', '0', 0x11E7A440B2401B7B8A4800E04C6F7E24, '');

-- ----------------------------
-- Table structure for compras_proveedores
-- ----------------------------
DROP TABLE IF EXISTS `compras_proveedores`;
CREATE TABLE `compras_proveedores` (
  `id` binary(16) NOT NULL,
  `order_id` int(11) DEFAULT NULL,
  `id_empresa` binary(16) DEFAULT '0\0\0\0\0\0\0\0\0\0\0\0\0\0\0\0' COMMENT 'identificador del banco en listas',
  `nombre` varchar(200) CHARACTER SET utf8 COLLATE utf8_spanish_ci DEFAULT NULL COMMENT 'nombre del proveedor',
  `rif` varchar(20) CHARACTER SET utf8 COLLATE utf8_spanish_ci DEFAULT NULL COMMENT 'rif del proveedor',
  `direccion` varchar(200) CHARACTER SET utf8 COLLATE utf8_spanish_ci DEFAULT NULL COMMENT 'direccion del proveedor',
  `telefono` varchar(45) CHARACTER SET utf8 COLLATE utf8_spanish_ci DEFAULT NULL COMMENT 'telefono del proveedor',
  `email` varchar(100) CHARACTER SET utf8 COLLATE utf8_spanish_ci DEFAULT NULL COMMENT 'correo electronico del proveedor',
  `representante` varchar(200) CHARACTER SET utf8 COLLATE utf8_spanish_ci DEFAULT NULL COMMENT 'representante legal del proveedor',
  `id_banco` binary(16) DEFAULT '0\0\0\0\0\0\0\0\0\0\0\0\0\0\0\0' COMMENT 'identificador del banco en listas',
  `numero_cuenta` varchar(26) CHARACTER SET utf8 COLLATE utf8_spanish_ci DEFAULT NULL COMMENT 'nuemero de cuenta',
  `observacion` varchar(200) CHARACTER SET utf8 COLLATE utf8_spanish_ci DEFAULT NULL COMMENT 'datos adicionales',
  PRIMARY KEY (`id`)
) ENGINE=InnoDB DEFAULT CHARSET=latin1;

-- ----------------------------
-- Records of compras_proveedores
-- ----------------------------
INSERT INTO `compras_proveedores` VALUES (0x11E7C316DCF1FF969B7800E04C6F7E24, '1509988862', 0x30000000000000000000000000000000, 'Montana', 'J4004040', 'unknow', '1234', '1212@fgg.com', 'luis', 0x11E7A6A5DC61415C9B0700270E383B06, '9784982367984', 'nad man');
INSERT INTO `compras_proveedores` VALUES (0x11E7C3614C38AB4D8F1A00E04C6F7E24, '1510020831', 0x30000000000000000000000000000000, 'Nuevo', 'J000000', '', '', '', '', 0x11E7A701C32410239B0700270E383B06, '0003423400', '');
INSERT INTO `compras_proveedores` VALUES (0x11E854F50831C073A72800270E383B06, '1526027201', 0x30000000000000000000000000000000, 'Nuevoddd', 'dd', '', '', '', '', 0x00000000000000000000000000000000, '', '');
INSERT INTO `compras_proveedores` VALUES (0x11E86BD06AA8338DBDE500270E383B06, '1528540352', 0x31314538363731424441353338303438, 'Nuevo VI', 'j45456456', '', '', '', '', 0x11E7A6A5DC61415C9B0700270E383B06, '564645646', '');
INSERT INTO `compras_proveedores` VALUES (0x11E86BD0A24ED47DBDE500270E383B06, '1528540445', 0x11E8671BDA538048BDE500270E383B06, 'Nuevo Proveedor VI', 'J834578934', '', '', '', '', 0x11E7A70D15F52A249B0700270E383B06, '34234234242', '');
INSERT INTO `compras_proveedores` VALUES (0x11E86BD0B5CCDB07BDE500270E383B06, '1528540478', 0x11E8676EAD11B2E6BDE500270E383B06, 'Proveedor VF', 'j4564564', '', '', '', '', 0x11E7A6A5DC61415C9B0700270E383B06, '3345345345354', 'yen');

-- ----------------------------
-- Table structure for empresa_personal
-- ----------------------------
DROP TABLE IF EXISTS `empresa_personal`;
CREATE TABLE `empresa_personal` (
  `id` binary(16) NOT NULL,
  `order_id` int(11) DEFAULT NULL,
  `id_empresa` binary(16) DEFAULT '0\0\0\0\0\0\0\0\0\0\0\0\0\0\0\0' COMMENT 'identificador del banco en listas',
  `id_tipo` binary(16) DEFAULT '0\0\0\0\0\0\0\0\0\0\0\0\0\0\0\0' COMMENT 'identificador del banco en listas',
  `cedula` varchar(30) CHARACTER SET latin1 COLLATE latin1_bin DEFAULT '0\0\0\0\0\0\0\0\0\0\0\0\0\0\0\0',
  `nombre` varchar(30) CHARACTER SET latin1 COLLATE latin1_bin DEFAULT '0\0\0\0\0\0\0\0\0\0\0\0\0\0\0\0',
  `pct_comision` double(3,2) DEFAULT NULL,
  PRIMARY KEY (`id`)
) ENGINE=InnoDB DEFAULT CHARSET=latin1;

-- ----------------------------
-- Records of empresa_personal
-- ----------------------------
INSERT INTO `empresa_personal` VALUES (0x11E872539430AD6AA3C700270E383B06, '1529256392', 0x11E8671BDA538048BDE500270E383B06, 0x11E87237BA4216B0A3C700270E383B06, '11888999', 'Carlos Lopez', '0.00');
INSERT INTO `empresa_personal` VALUES (0x11E8733D01A0ED4A9BD600270E383B06, '1529356649', 0x11E8671BDA538048BDE500270E383B06, 0x11E8733CF530C0F39BD600270E383B06, 'J4078654123', 'VERONA COLOR', '0.00');
INSERT INTO `empresa_personal` VALUES (0x11E8733D0A7B32CB9BD600270E383B06, '1529356664', 0x11E8671BDA538048BDE500270E383B06, 0x11E8733CF530C0F39BD600270E383B06, '349298331', 'LUIS PEREZ', '1.00');

-- ----------------------------
-- Table structure for empresa_vehiculos
-- ----------------------------
DROP TABLE IF EXISTS `empresa_vehiculos`;
CREATE TABLE `empresa_vehiculos` (
  `id` binary(16) NOT NULL,
  `order_id` int(11) DEFAULT NULL,
  `id_empresa` binary(16) DEFAULT '0\0\0\0\0\0\0\0\0\0\0\0\0\0\0\0' COMMENT 'identificador del banco en listas',
  `vehiculo` varchar(30) CHARACTER SET latin1 COLLATE latin1_bin DEFAULT '0\0\0\0\0\0\0\0\0\0\0\0\0\0\0\0',
  `modelo` varchar(30) CHARACTER SET latin1 COLLATE latin1_bin DEFAULT '0\0\0\0\0\0\0\0\0\0\0\0\0\0\0\0',
  `marca` varchar(30) CHARACTER SET latin1 COLLATE latin1_bin DEFAULT '',
  `color` varchar(30) DEFAULT NULL,
  `placa` varchar(30) DEFAULT NULL,
  `racda` varchar(30) DEFAULT NULL,
  PRIMARY KEY (`id`)
) ENGINE=InnoDB DEFAULT CHARSET=latin1;

-- ----------------------------
-- Records of empresa_vehiculos
-- ----------------------------
INSERT INTO `empresa_vehiculos` VALUES (0x11E8725126BCA5C7A3C700270E383B06, '1529255350', 0x11E8671BDA538048BDE500270E383B06, 'CAMION', 'TRAIL', 'CHEVROLET', 'BLANCO', 'YVHA89472', 'N/A');

-- ----------------------------
-- Table structure for inventario_almacenes
-- ----------------------------
DROP TABLE IF EXISTS `inventario_almacenes`;
CREATE TABLE `inventario_almacenes` (
  `id` binary(16) NOT NULL,
  `order_id` int(11) DEFAULT NULL,
  `id_empresa` binary(16) DEFAULT NULL,
  `nombre` varchar(100) DEFAULT NULL,
  `descrip` varchar(255) DEFAULT NULL,
  `es_default` tinyint(1) DEFAULT '0',
  PRIMARY KEY (`id`),
  UNIQUE KEY `id` (`id`) USING BTREE,
  KEY `timestamp` (`order_id`) USING BTREE
) ENGINE=InnoDB DEFAULT CHARSET=latin1 ROW_FORMAT=COMPACT;

-- ----------------------------
-- Records of inventario_almacenes
-- ----------------------------
INSERT INTO `inventario_almacenes` VALUES (0x11E7A944FFB40602B4A300E04C6F7E24, '1507149947', 0x00000000000000000000000000000000, 'Almacen', 'Galpón A', '0');
INSERT INTO `inventario_almacenes` VALUES (0x11E7A94511F2E5E3B4A300E04C6F7E24, '1507149977', 0x00000000000000000000000000000000, 'Planta', 'dddd', '0');
INSERT INTO `inventario_almacenes` VALUES (0x11E7A945333E55D8B4A300E04C6F7E24, '1507150033', 0x00000000000000000000000000000000, 'Deposito', 'ff', '1');
INSERT INTO `inventario_almacenes` VALUES (0x11E869581BDFBD96BDE500270E383B06, '1528268778', 0x11E8671BDA538048BDE500270E383B06, 'Nuevo vi', 'vi', '1');

-- ----------------------------
-- Table structure for inventario_atributos
-- ----------------------------
DROP TABLE IF EXISTS `inventario_atributos`;
CREATE TABLE `inventario_atributos` (
  `id` binary(16) NOT NULL,
  `order_id` int(11) DEFAULT NULL,
  `id_producto` binary(16) DEFAULT '0000000000000000',
  `nombre` varchar(100) CHARACTER SET latin1 COLLATE latin1_bin DEFAULT '',
  `valor` varchar(100) CHARACTER SET latin1 COLLATE latin1_bin DEFAULT '',
  PRIMARY KEY (`id`),
  UNIQUE KEY `id` (`id`) USING BTREE,
  KEY `timestamp` (`order_id`) USING BTREE
) ENGINE=InnoDB DEFAULT CHARSET=latin1 ROW_FORMAT=COMPACT;

-- ----------------------------
-- Records of inventario_atributos
-- ----------------------------
INSERT INTO `inventario_atributos` VALUES (0x11E7AF80959E5266A5F700270E383B06, '1507835245', 0x11E7AC364856C97EA15E00270E383B06, 'a1', 'a1');
INSERT INTO `inventario_atributos` VALUES (0x11E8674509B244BABDE500270E383B06, '1528040684', 0x11E8674504C2C319BDE500270E383B06, 'COLOR', 'VERDE');
INSERT INTO `inventario_atributos` VALUES (0x11E86AFA83C46BEABDE500270E383B06, '1528448481', 0x11E86AFA83B5FB63BDE500270E383B06, 'COLOR', 'VERDE');
INSERT INTO `inventario_atributos` VALUES (0x11E86AFA83CF6A67BDE500270E383B06, '1528448482', 0x11E86AFA83B5FB63BDE500270E383B06, 'CLASE', 'C');
INSERT INTO `inventario_atributos` VALUES (0x11E86BC3E064E026BDE500270E383B06, '1528534966', 0x11E86B041C0729CFBDE500270E383B06, 'color', 'azul');
INSERT INTO `inventario_atributos` VALUES (0x11E86BC3E071D873BDE500270E383B06, '1528534966', 0x11E86B041C0729CFBDE500270E383B06, 'tipo', 'c');

-- ----------------------------
-- Table structure for inventario_categorias
-- ----------------------------
DROP TABLE IF EXISTS `inventario_categorias`;
CREATE TABLE `inventario_categorias` (
  `id` binary(16) NOT NULL,
  `order_id` int(11) DEFAULT NULL,
  `nombre` varchar(100) DEFAULT NULL,
  `descrip` varchar(255) DEFAULT NULL,
  `id_padre` binary(16) DEFAULT '0000000000000000',
  `id_empresa` binary(16) NOT NULL,
  PRIMARY KEY (`id`),
  UNIQUE KEY `id` (`id`) USING BTREE,
  KEY `timestamp` (`order_id`) USING BTREE
) ENGINE=InnoDB DEFAULT CHARSET=latin1 ROW_FORMAT=COMPACT;

-- ----------------------------
-- Records of inventario_categorias
-- ----------------------------
INSERT INTO `inventario_categorias` VALUES (0x11E7A91763B79F758A4800E04C6F7E24, '1507130008', 'PINTURAS ARQUITECTONICAS', 'CASAS, EDIFICIOS, ETC', 0x00000000000000000000000000000000, 0x00000000000000000000000000000000);
INSERT INTO `inventario_categorias` VALUES (0x11E7A91C8DE28C038A4800E04C6F7E24, '1507132227', 'MATERIA PRIMA', 'Para fabricar', 0x00000000000000000000000000000000, 0x00000000000000000000000000000000);
INSERT INTO `inventario_categorias` VALUES (0x11E7A925F83AFDF78A4800E04C6F7E24, '1507136270', 'CAUCHO TIPO B', 'Caucho B', 0x11E7A91763B79F758A4800E04C6F7E24, 0x00000000000000000000000000000000);
INSERT INTO `inventario_categorias` VALUES (0x11E7AE96B3364F67AC8C00270E383B06, '1507734793', 'OTROS', 'OTROS', 0x00000000000000000000000000000000, 0x00000000000000000000000000000000);
INSERT INTO `inventario_categorias` VALUES (0x11E852979C441E2BA72800270E383B06, '1525767175', 'CAUCHO TIPO A', 'Pintura de caucho A', 0x11E7A91763B79F758A4800E04C6F7E24, 0x00000000000000000000000000000000);
INSERT INTO `inventario_categorias` VALUES (0x11E85297E2C750B4A72800270E383B06, '1525767293', 'SATINADO', 'Caucho satinado', 0x11E7A91763B79F758A4800E04C6F7E24, 0x00000000000000000000000000000000);
INSERT INTO `inventario_categorias` VALUES (0x11E854280AEF876AA72800270E383B06, '1525939159', 'CAUCHO TIPO C', 'ARADOS', 0x11E7A91763B79F758A4800E04C6F7E24, 0x00000000000000000000000000000000);
INSERT INTO `inventario_categorias` VALUES (0x11E86958AE44321DBDE500270E383B06, '1528269023', 'INDUSTRIAL', 'x', 0x00000000000000000000000000000000, 0x00000000000000000000000000000000);
INSERT INTO `inventario_categorias` VALUES (0x11E8695AF1DEE9F9BDE500270E383B06, '1528269996', 'Nuevo VI', 'vi x', 0x00000000000000000000000000000000, 0x11E8671BDA538048BDE500270E383B06);
INSERT INTO `inventario_categorias` VALUES (0x11E8695B01928225BDE500270E383B06, '1528270022', 'Nuevo sub vi', 'sub vi', 0x11E8695AF1DEE9F9BDE500270E383B06, 0x11E8671BDA538048BDE500270E383B06);
INSERT INTO `inventario_categorias` VALUES (0x11E86AFCC80C26EFBDE500270E383B06, '1528449455', 'GENERAL VF', 'GRL', 0x00000000000000000000000000000000, 0x11E8676EAD11B2E6BDE500270E383B06);
INSERT INTO `inventario_categorias` VALUES (0x11E86AFCD519DC00BDE500270E383B06, '1528449477', 'SUBCAT VF CAUCHO C', 'CAUCHO C', 0x00000000000000000000000000000000, 0x11E8676EAD11B2E6BDE500270E383B06);

-- ----------------------------
-- Table structure for inventario_existencias
-- ----------------------------
DROP TABLE IF EXISTS `inventario_existencias`;
CREATE TABLE `inventario_existencias` (
  `id` binary(16) NOT NULL,
  `order_id` int(11) DEFAULT NULL,
  `id_producto` binary(16) DEFAULT NULL,
  `id_almacen` binary(16) DEFAULT NULL,
  `cantidad` double(10,2) DEFAULT '0.00',
  PRIMARY KEY (`id`),
  UNIQUE KEY `id` (`id`) USING BTREE,
  KEY `timestamp` (`order_id`) USING BTREE
) ENGINE=InnoDB DEFAULT CHARSET=latin1 ROW_FORMAT=COMPACT;

-- ----------------------------
-- Records of inventario_existencias
-- ----------------------------
INSERT INTO `inventario_existencias` VALUES (0x11E7D41BE8530432BB1B00E04C6F7E24, '1511860185', 0x11E7D41AF5BD7C72BB1B00E04C6F7E24, 0x11E7A945333E55D8B4A300E04C6F7E24, '81.40');
INSERT INTO `inventario_existencias` VALUES (0x11E7D41BE87269EBBB1B00E04C6F7E24, '1511860185', 0x11E7D41B1B495DAFBB1B00E04C6F7E24, 0x11E7A945333E55D8B4A300E04C6F7E24, '92.00');
INSERT INTO `inventario_existencias` VALUES (0x11E7D41BE888762EBB1B00E04C6F7E24, '1511860185', 0x11E7D41B3B75D7DCBB1B00E04C6F7E24, 0x11E7A945333E55D8B4A300E04C6F7E24, '-15.40');
INSERT INTO `inventario_existencias` VALUES (0x11E7D41BE89267DDBB1B00E04C6F7E24, '1511860185', 0x11E7D41B5F52BE0CBB1B00E04C6F7E24, 0x11E7A945333E55D8B4A300E04C6F7E24, '5.00');
INSERT INTO `inventario_existencias` VALUES (0x11E7D41BE8A6A40FBB1B00E04C6F7E24, '1511860186', 0x11E7D41B7FB43D28BB1B00E04C6F7E24, 0x11E7A945333E55D8B4A300E04C6F7E24, '-38.00');
INSERT INTO `inventario_existencias` VALUES (0x11E7D5498B120839BB1B00E04C6F7E24, '1511989708', 0x11E7D41C5B496F11BB1B00E04C6F7E24, 0x11E7A944FFB40602B4A300E04C6F7E24, '19.00');
INSERT INTO `inventario_existencias` VALUES (0x11E7E1DA153446B3AC8A00E04C6F7E24, '1513371192', 0x11E7D41CB318AD1DBB1B00E04C6F7E24, 0x00000000000000000000000000000000, '10.00');
INSERT INTO `inventario_existencias` VALUES (0x11E7EAE75B4FE9AA897200E04C6F7E24, '1514366504', 0x11E7EAE71EA45D8C897200E04C6F7E24, 0x11E7A944FFB40602B4A300E04C6F7E24, '51.00');
INSERT INTO `inventario_existencias` VALUES (0x11E7EAEA72318160897200E04C6F7E24, '1514367831', 0x11E7D41CB318AD1DBB1B00E04C6F7E24, 0x11E7A944FFB40602B4A300E04C6F7E24, '-17.00');
INSERT INTO `inventario_existencias` VALUES (0x11E854268C8792C0A72800270E383B06, '1525938517', 0x11E7D41CB318AD1DBB1B00E04C6F7E24, 0x11E7A945333E55D8B4A300E04C6F7E24, '-13.00');
INSERT INTO `inventario_existencias` VALUES (0x11E85426C43C6E13A72800270E383B06, '1525938611', 0x11E7D41C5B496F11BB1B00E04C6F7E24, 0x11E7A945333E55D8B4A300E04C6F7E24, '0.00');
INSERT INTO `inventario_existencias` VALUES (0x11E8542956D8A395A72800270E383B06, '1525939716', 0x11E7D41B3B75D7DCBB1B00E04C6F7E24, 0x11E7A944FFB40602B4A300E04C6F7E24, '100.00');
INSERT INTO `inventario_existencias` VALUES (0x11E85429AADD552FA72800270E383B06, '1525939857', 0x11E7D41CB318AD1DBB1B00E04C6F7E24, 0x00000000000000000000000000000000, '20.00');
INSERT INTO `inventario_existencias` VALUES (0x11E85FF5B077CE7E9A3200270E383B06, '1527236946', 0x11E85298353DCAF5A72800270E383B06, 0x11E7A945333E55D8B4A300E04C6F7E24, '1.00');
INSERT INTO `inventario_existencias` VALUES (0x11E867451F77539CBDE500270E383B06, '1528040721', 0x11E8674504C2C319BDE500270E383B06, 0x11E7A944FFB40602B4A300E04C6F7E24, '50.00');
INSERT INTO `inventario_existencias` VALUES (0x11E86745861720DFBDE500270E383B06, '1528040893', 0x11E8674504C2C319BDE500270E383B06, 0x11E7A945333E55D8B4A300E04C6F7E24, '3.00');
INSERT INTO `inventario_existencias` VALUES (0x11E86A42055E9B87BDE500270E383B06, '1528369242', 0x11E86A3BE3698901BDE500270E383B06, 0x11E869581BDFBD96BDE500270E383B06, '215.00');
INSERT INTO `inventario_existencias` VALUES (0x11E86BC5E820D509BDE500270E383B06, '1528535838', 0x11E86AFA83B5FB63BDE500270E383B06, 0x11E869581BDFBD96BDE500270E383B06, '171.00');
INSERT INTO `inventario_existencias` VALUES (0x11E86BC5E833949CBDE500270E383B06, '1528535838', 0x11E86B041C0729CFBDE500270E383B06, 0x11E869581BDFBD96BDE500270E383B06, '174.00');
INSERT INTO `inventario_existencias` VALUES (0x11E86BCAF1A574ACBDE500270E383B06, '1528538001', 0x11E86AF719736482BDE500270E383B06, 0x11E869581BDFBD96BDE500270E383B06, '310.00');

-- ----------------------------
-- Table structure for inventario_formulas
-- ----------------------------
DROP TABLE IF EXISTS `inventario_formulas`;
CREATE TABLE `inventario_formulas` (
  `id` binary(16) NOT NULL,
  `order_id` int(11) DEFAULT NULL,
  `id_producto` binary(16) DEFAULT '0000000000000000',
  `id_componente` binary(16) DEFAULT '0000000000000000',
  `id_unidad` binary(16) DEFAULT '0000000000000000',
  `cantidad` double(10,2) DEFAULT '0.00',
  PRIMARY KEY (`id`),
  UNIQUE KEY `id` (`id`) USING BTREE,
  KEY `timestamp` (`order_id`) USING BTREE
) ENGINE=InnoDB DEFAULT CHARSET=latin1 ROW_FORMAT=COMPACT;

-- ----------------------------
-- Records of inventario_formulas
-- ----------------------------
INSERT INTO `inventario_formulas` VALUES (0x11E86BC3B221C494BDE500270E383B06, '1528534888', 0x11E86B041C0729CFBDE500270E383B06, 0x11E86AF719736482BDE500270E383B06, 0x11E7AF8DDC5D706EA5F700270E383B06, '1.00');
INSERT INTO `inventario_formulas` VALUES (0x11E86BC3B22D16E1BDE500270E383B06, '1528534888', 0x11E86B041C0729CFBDE500270E383B06, 0x11E86A3BE3698901BDE500270E383B06, 0x11E7AF8D8AE70507A5F700270E383B06, '1.00');

-- ----------------------------
-- Table structure for inventario_movimientos
-- ----------------------------
DROP TABLE IF EXISTS `inventario_movimientos`;
CREATE TABLE `inventario_movimientos` (
  `id` binary(16) NOT NULL,
  `order_id` int(11) DEFAULT NULL,
  `id_tipo` binary(16) DEFAULT '0000000000000000',
  `id_operacion` binary(16) DEFAULT '0000000000000000',
  `id_producto` binary(16) DEFAULT '0000000000000000',
  `id_producto_padre` binary(16) DEFAULT '0000000000000000',
  `id_unidad` binary(16) DEFAULT '0000000000000000',
  `costo_dolar` double(10,2) DEFAULT '0.00',
  `costo_bs` double(10,2) DEFAULT '0.00',
  `precio` double(10,2) DEFAULT '0.00',
  `cantidad` double(10,2) DEFAULT '0.00',
  `monto` double(10,2) DEFAULT '0.00',
  `id_impuesto` binary(16) DEFAULT '0000000000000000',
  `valor_impuesto` double(10,2) DEFAULT NULL,
  PRIMARY KEY (`id`),
  UNIQUE KEY `id` (`id`) USING BTREE,
  KEY `timestamp` (`order_id`) USING BTREE,
  KEY `tipo_mov` (`id_tipo`),
  KEY `id_prod` (`id_producto`),
  KEY `id_und_mov` (`id_unidad`),
  CONSTRAINT `id_prod` FOREIGN KEY (`id_producto`) REFERENCES `inventario_productos` (`id`),
  CONSTRAINT `id_und_mov` FOREIGN KEY (`id_unidad`) REFERENCES `sistema_unidades` (`id`),
  CONSTRAINT `tipo_mov` FOREIGN KEY (`id_tipo`) REFERENCES `sistema_operaciones` (`id`)
) ENGINE=InnoDB DEFAULT CHARSET=latin1 ROW_FORMAT=COMPACT;

-- ----------------------------
-- Records of inventario_movimientos
-- ----------------------------
INSERT INTO `inventario_movimientos` VALUES (0x11E87922086AEBEA8C9100270E383B06, '1530004771', 0x11E7A87DFE539BFA9B0700270E383B06, 0x11E87922085BBCAF8C9100270E383B06, 0x11E86AFA83B5FB63BDE500270E383B06, 0x00000000000000000000000000000000, 0x11E7AF8DDC5D706EA5F700270E383B06, '0.00', '0.00', '10000000.00', '100.00', '0.00', 0x11E7E1D6570F9A40AC8A00E04C6F7E24, '0.00');
INSERT INTO `inventario_movimientos` VALUES (0x11E879220881F3CA8C9100270E383B06, '1530004771', 0x11E7A87DFE539BFA9B0700270E383B06, 0x11E87922085BBCAF8C9100270E383B06, 0x11E86B041C0729CFBDE500270E383B06, 0x00000000000000000000000000000000, 0x11E7AF8DE9F3C53BA5F700270E383B06, '0.00', '0.00', '9000000.00', '80.00', '0.00', 0x11E7E1D6570F9A40AC8A00E04C6F7E24, '0.00');
INSERT INTO `inventario_movimientos` VALUES (0x11E879226B69F3528C9100270E383B06, '1530004937', 0x11E7C35C8B1444918F1A00E04C6F7E24, 0x11E879226B5E27428C9100270E383B06, 0x11E86A3BE3698901BDE500270E383B06, 0x00000000000000000000000000000000, 0x11E7AF8A165DB218A5F700270E383B06, '0.00', '0.00', '12000000.00', '50.00', '0.00', 0x11E7E1D6570F9A40AC8A00E04C6F7E24, '12.00');
INSERT INTO `inventario_movimientos` VALUES (0x11E879226B7EA6F58C9100270E383B06, '1530004937', 0x11E7C35C8B1444918F1A00E04C6F7E24, 0x11E879226B5E27428C9100270E383B06, 0x11E86AF719736482BDE500270E383B06, 0x00000000000000000000000000000000, 0x11E7A90D43325DA68A4800E04C6F7E24, '0.00', '0.00', '5000000.00', '70.00', '0.00', 0x11E7E1D6570F9A40AC8A00E04C6F7E24, '12.00');
INSERT INTO `inventario_movimientos` VALUES (0x11E879226B91792F8C9100270E383B06, '1530004937', 0x11E7C35C8B1444918F1A00E04C6F7E24, 0x11E879226B5E27428C9100270E383B06, 0x11E86AFA83B5FB63BDE500270E383B06, 0x00000000000000000000000000000000, 0x11E7AF8DDC5D706EA5F700270E383B06, '0.00', '0.00', '10000000.00', '80.00', '0.00', 0x11E7E1D6570F9A40AC8A00E04C6F7E24, '12.00');
INSERT INTO `inventario_movimientos` VALUES (0x11E879226B9CB36F8C9100270E383B06, '1530004937', 0x11E7C35C8B1444918F1A00E04C6F7E24, 0x11E879226B5E27428C9100270E383B06, 0x11E86B041C0729CFBDE500270E383B06, 0x00000000000000000000000000000000, 0x11E7AF8DE9F3C53BA5F700270E383B06, '0.00', '0.00', '9000000.00', '100.00', '0.00', 0x11E7E1D6570F9A40AC8A00E04C6F7E24, '12.00');
INSERT INTO `inventario_movimientos` VALUES (0x11E879228FB2662F8C9100270E383B06, '1530004998', 0x11E7C39A21EA52F58F1A00E04C6F7E24, 0x11E879228FACC2918C9100270E383B06, 0x11E86A3BE3698901BDE500270E383B06, 0x00000000000000000000000000000000, 0x11E7AF8A165DB218A5F700270E383B06, '0.00', '0.00', '12000000.00', '10.00', '0.00', 0x11E7E1D6570F9A40AC8A00E04C6F7E24, '12.00');
INSERT INTO `inventario_movimientos` VALUES (0x11E879228FB7D9648C9100270E383B06, '1530004998', 0x11E7C39A21EA52F58F1A00E04C6F7E24, 0x11E879228FACC2918C9100270E383B06, 0x11E86AF719736482BDE500270E383B06, 0x00000000000000000000000000000000, 0x11E7A90D43325DA68A4800E04C6F7E24, '0.00', '0.00', '5000000.00', '10.00', '0.00', 0x11E7E1D6570F9A40AC8A00E04C6F7E24, '12.00');
INSERT INTO `inventario_movimientos` VALUES (0x11E879228FBDCF3D8C9100270E383B06, '1530004998', 0x11E7C39A21EA52F58F1A00E04C6F7E24, 0x11E879228FACC2918C9100270E383B06, 0x11E86AFA83B5FB63BDE500270E383B06, 0x00000000000000000000000000000000, 0x11E7AF8DDC5D706EA5F700270E383B06, '0.00', '0.00', '10000000.00', '10.00', '0.00', 0x11E7E1D6570F9A40AC8A00E04C6F7E24, '12.00');
INSERT INTO `inventario_movimientos` VALUES (0x11E879228FCA67EF8C9100270E383B06, '1530004998', 0x11E7C39A21EA52F58F1A00E04C6F7E24, 0x11E879228FACC2918C9100270E383B06, 0x11E86B041C0729CFBDE500270E383B06, 0x00000000000000000000000000000000, 0x11E7AF8DE9F3C53BA5F700270E383B06, '0.00', '0.00', '9000000.00', '10.00', '0.00', 0x11E7E1D6570F9A40AC8A00E04C6F7E24, '12.00');
INSERT INTO `inventario_movimientos` VALUES (0x11E87922AFA4E0AB8C9100270E383B06, '1530005051', 0x11E7C39A3423F2A88F1A00E04C6F7E24, 0x11E87922AF9A141C8C9100270E383B06, 0x11E86A3BE3698901BDE500270E383B06, 0x00000000000000000000000000000000, 0x11E7AF8A165DB218A5F700270E383B06, '0.00', '0.00', '12000000.00', '10.00', '0.00', 0x11E7E1D6570F9A40AC8A00E04C6F7E24, '12.00');
INSERT INTO `inventario_movimientos` VALUES (0x11E87922AFBA87AB8C9100270E383B06, '1530005051', 0x11E7C39A3423F2A88F1A00E04C6F7E24, 0x11E87922AF9A141C8C9100270E383B06, 0x11E86AF719736482BDE500270E383B06, 0x00000000000000000000000000000000, 0x11E7A90D43325DA68A4800E04C6F7E24, '0.00', '0.00', '5000000.00', '10.00', '0.00', 0x11E7E1D6570F9A40AC8A00E04C6F7E24, '12.00');
INSERT INTO `inventario_movimientos` VALUES (0x11E87922AFCB42838C9100270E383B06, '1530005051', 0x11E7C39A3423F2A88F1A00E04C6F7E24, 0x11E87922AF9A141C8C9100270E383B06, 0x11E86AFA83B5FB63BDE500270E383B06, 0x00000000000000000000000000000000, 0x11E7AF8DDC5D706EA5F700270E383B06, '0.00', '0.00', '10000000.00', '10.00', '0.00', 0x11E7E1D6570F9A40AC8A00E04C6F7E24, '12.00');
INSERT INTO `inventario_movimientos` VALUES (0x11E87922AFD31D748C9100270E383B06, '1530005052', 0x11E7C39A3423F2A88F1A00E04C6F7E24, 0x11E87922AF9A141C8C9100270E383B06, 0x11E86B041C0729CFBDE500270E383B06, 0x00000000000000000000000000000000, 0x11E7AF8DE9F3C53BA5F700270E383B06, '0.00', '0.00', '9000000.00', '10.00', '0.00', 0x11E7E1D6570F9A40AC8A00E04C6F7E24, '12.00');
INSERT INTO `inventario_movimientos` VALUES (0x11E87AC13AA54DD9A26F00270E383B06, '1530183096', 0x11E7C39A21EA52F58F1A00E04C6F7E24, 0x11E87AC13A9E1875A26F00270E383B06, 0x11E86A3BE3698901BDE500270E383B06, 0x00000000000000000000000000000000, 0x11E7AF8A165DB218A5F700270E383B06, '0.00', '0.00', '12000000.00', '1.00', '0.00', 0x11E7E1D6570F9A40AC8A00E04C6F7E24, '12.00');

-- ----------------------------
-- Table structure for inventario_operaciones
-- ----------------------------
DROP TABLE IF EXISTS `inventario_operaciones`;
CREATE TABLE `inventario_operaciones` (
  `id` binary(16) NOT NULL,
  `order_id` int(11) DEFAULT NULL,
  `id_empresa` binary(16) DEFAULT '0\0\0\0\0\0\0\0\0\0\0\0\0\0\0\0',
  `id_tipo` binary(16) DEFAULT '0000000000000000',
  `numero` int(10) DEFAULT NULL,
  `nro_control` varchar(10) DEFAULT NULL,
  `fecha` datetime DEFAULT NULL,
  `fecha_registro` datetime DEFAULT NULL,
  `id_doc_origen` binary(16) DEFAULT '0\0\0\0\0\0\0\0\0\0\0\0\0\0\0\0',
  `id_origen` binary(16) DEFAULT '0000000000000000',
  `id_destino` binary(16) DEFAULT '0000000000000000',
  `id_usuario` binary(16) DEFAULT '0000000000000000',
  `id_status` tinyint(16) DEFAULT '0' COMMENT '1=procesado 2=anulado 3=pendiente',
  `id_estado` int(11) DEFAULT '0' COMMENT 'identificador del estado',
  `observacion` varchar(255) DEFAULT NULL,
  PRIMARY KEY (`id`),
  UNIQUE KEY `id` (`id`) USING BTREE,
  KEY `timestamp` (`order_id`) USING BTREE,
  KEY `tipo_oper` (`id_tipo`),
  KEY `origen` (`id_origen`),
  KEY `destino` (`id_destino`),
  KEY `usuario_oper` (`id_usuario`),
  KEY `status_oper` (`id_status`)
) ENGINE=InnoDB DEFAULT CHARSET=latin1 ROW_FORMAT=COMPACT;

-- ----------------------------
-- Records of inventario_operaciones
-- ----------------------------
INSERT INTO `inventario_operaciones` VALUES (0x11E87922085BBCAF8C9100270E383B06, '1530004771', 0x11E8671BDA538048BDE500270E383B06, 0x11E7A87DFE539BFA9B0700270E383B06, '1', '00000001', '2018-06-26 05:19:30', '2018-06-26 05:19:30', 0x00000000000000000000000000000000, 0x00000000000000000000000000000000, 0x11E869581BDFBD96BDE500270E383B06, 0x11E7A440B2401B7B8A4800E04C6F7E24, '1', '0', '');

-- ----------------------------
-- Table structure for inventario_productos
-- ----------------------------
DROP TABLE IF EXISTS `inventario_productos`;
CREATE TABLE `inventario_productos` (
  `id` binary(16) NOT NULL,
  `order_id` int(11) DEFAULT '0',
  `id_empresa` binary(16) DEFAULT '0\0\0\0\0\0\0\0\0\0\0\0\0\0\0\0',
  `id_producto` binary(16) DEFAULT '0\0\0\0\0\0\0\0\0\0\0\0\0\0\0\0',
  `id_tipo` binary(16) DEFAULT '0000000000000000',
  `id_categoria` binary(16) DEFAULT '0000000000000000',
  `codigo` varchar(30) DEFAULT NULL,
  `nombre` varchar(200) DEFAULT NULL,
  `nombre_display` varchar(200) DEFAULT NULL,
  `id_unidad_compra` binary(16) DEFAULT '0000000000000000',
  `id_unidad_venta` binary(16) DEFAULT '0000000000000000',
  `cantidad_unidad_compra` double(10,2) DEFAULT '0.00',
  `costo_pct_dcto` double(10,2) DEFAULT '0.00',
  `costo_pct_adic` double(10,2) DEFAULT '0.00',
  `dolar_costo_anterior` double(10,2) DEFAULT '0.00',
  `dolar_costo_dolar` double(10,2) DEFAULT '0.00',
  `dolar_pct_utilidad` double(10,8) DEFAULT '0.00000000',
  `factura_costo_anterior` double(10,2) DEFAULT '0.00',
  `factura_costo_bruto` double(10,2) DEFAULT '0.00',
  `factura_pct_utilidad` double(10,8) DEFAULT '0.00000000',
  `lista_costo_anterior` double(10,2) DEFAULT '0.00',
  `lista_costo_bruto` double(10,2) DEFAULT '0.00',
  `lista_pct_utilidad` double(10,8) DEFAULT '0.00000000',
  `id_impuesto` binary(16) DEFAULT '0000000000000000',
  `es_inactivo` tinyint(1) DEFAULT '0',
  `es_editable` tinyint(1) DEFAULT '0',
  PRIMARY KEY (`id`),
  UNIQUE KEY `id` (`id`) USING BTREE,
  KEY `timestamp` (`order_id`) USING BTREE,
  KEY `tipo` (`id_tipo`),
  KEY `categoria` (`id_categoria`),
  KEY `und_compra` (`id_unidad_compra`),
  KEY `und_venta` (`id_unidad_venta`),
  KEY `impuesto` (`id_impuesto`)
) ENGINE=InnoDB DEFAULT CHARSET=latin1 ROW_FORMAT=COMPACT;

-- ----------------------------
-- Records of inventario_productos
-- ----------------------------
INSERT INTO `inventario_productos` VALUES (0x11E7D41AF5BD7C72BB1B00E04C6F7E24, '1511859778', 0x30000000000000000000000000000000, 0x30000000000000000000000000000000, 0x11E7AC1ACC1DCFE0A15E00270E383B06, 0x11E7A91C8DE28C038A4800E04C6F7E24, 'pig01', 'Pigmento Amarillo Oxido', 'Pignmento Amarillo Oxido', 0x11E7AF8A08F0A02CA5F700270E383B06, 0x11E7AF8A08F0A02CA5F700270E383B06, '1.00', '0.00', '0.00', '0.00', '3.00', '30.00000000', '0.00', '0.00', '0.00000000', '0.00', '0.00', '0.00000000', 0x11E7A8257F863F079B0700270E383B06, '0', '0');
INSERT INTO `inventario_productos` VALUES (0x11E7D41B1B495DAFBB1B00E04C6F7E24, '1511859841', 0x30000000000000000000000000000000, 0x30000000000000000000000000000000, 0x11E7AC1ACC1DCFE0A15E00270E383B06, 0x11E7A91C8DE28C038A4800E04C6F7E24, 'pig02', 'Pigmento Azul', 'Pigmento Azul', 0x11E7AF8A08F0A02CA5F700270E383B06, 0x11E7AF8A08F0A02CA5F700270E383B06, '1.00', '0.00', '0.00', '0.00', '3.00', '30.00000000', '0.00', '0.00', '0.00000000', '0.00', '0.00', '0.00000000', 0x11E7A8257F863F079B0700270E383B06, '0', '0');
INSERT INTO `inventario_productos` VALUES (0x11E7D41B3B75D7DCBB1B00E04C6F7E24, '1511859895', 0x30000000000000000000000000000000, 0x30000000000000000000000000000000, 0x11E7AC1ACC1DCFE0A15E00270E383B06, 0x11E7A91C8DE28C038A4800E04C6F7E24, 'pig03', 'Pigmento Rojo', 'Pigmento Rojo', 0x11E7AF8A08F0A02CA5F700270E383B06, 0x11E7AF8A08F0A02CA5F700270E383B06, '1.00', '0.00', '0.00', '0.00', '3.00', '30.00000000', '0.00', '0.00', '0.00000000', '0.00', '0.00', '0.00000000', 0x11E7A8257F863F079B0700270E383B06, '0', '0');
INSERT INTO `inventario_productos` VALUES (0x11E7D41B5F52BE0CBB1B00E04C6F7E24, '1511859955', 0x30000000000000000000000000000000, 0x30000000000000000000000000000000, 0x11E7AC1ACC1DCFE0A15E00270E383B06, 0x11E7A91C8DE28C038A4800E04C6F7E24, 'resc01', 'Resina corta', 'Resina corta', 0x11E7AF8D73243B6CA5F700270E383B06, 0x11E7AF8D73243B6CA5F700270E383B06, '1.00', '0.00', '0.00', '0.00', '2.00', '30.00000000', '0.00', '0.00', '0.00000000', '0.00', '0.00', '0.00000000', 0x00000000000000000000000000000000, '0', '0');
INSERT INTO `inventario_productos` VALUES (0x11E7D41B7FB43D28BB1B00E04C6F7E24, '1511860010', 0x30000000000000000000000000000000, 0x30000000000000000000000000000000, 0x11E7AC1ACC1DCFE0A15E00270E383B06, 0x11E7A91C8DE28C038A4800E04C6F7E24, 'resl01', 'Resina larga', 'Resina larga', 0x11E7AF8D73243B6CA5F700270E383B06, 0x11E7AF8D73243B6CA5F700270E383B06, '1.00', '0.00', '0.00', '0.00', '2.00', '30.00000000', '0.00', '0.00', '0.00000000', '0.00', '0.00', '0.00000000', 0x11E7A8257F863F079B0700270E383B06, '0', '0');
INSERT INTO `inventario_productos` VALUES (0x11E7D41C5B496F11BB1B00E04C6F7E24, '1511860378', 0x30000000000000000000000000000000, 0x30000000000000000000000000000000, 0x11E7AC1AEC9B3C87A15E00270E383B06, 0x11E854280AEF876AA72800270E383B06, 'AD01', 'ARADOS CAUCHO VERDE', 'ARADOS CAUCHO VERDE', 0x11E7AF8DDC5D706EA5F700270E383B06, 0x11E7AF8DDC5D706EA5F700270E383B06, '1.00', '0.00', '0.00', '0.00', '9.60', '30.00000000', '0.00', '0.00', '0.00000000', '0.00', '0.00', '0.00000000', 0x11E7A8257F863F079B0700270E383B06, '0', '0');
INSERT INTO `inventario_productos` VALUES (0x11E7D41CB318AD1DBB1B00E04C6F7E24, '1511860525', 0x30000000000000000000000000000000, 0x30000000000000000000000000000000, 0x11E7AC1AEC9B3C87A15E00270E383B06, 0x11E854280AEF876AA72800270E383B06, 'AD02', 'ARADOS CAUCHO NARANJA', 'ARADOS CAUCHO NARANJA', 0x11E7AF8DDC5D706EA5F700270E383B06, 0x11E7AF8DDC5D706EA5F700270E383B06, '1.00', '0.00', '0.00', '0.00', '8.70', '30.00000000', '0.00', '0.00', '0.00000000', '0.00', '0.00', '0.00000000', 0x11E7A8257F863F079B0700270E383B06, '0', '0');
INSERT INTO `inventario_productos` VALUES (0x11E7EAE71EA45D8C897200E04C6F7E24, '1514366403', 0x30000000000000000000000000000000, 0x30000000000000000000000000000000, 0x11E7AC1AEC9B3C87A15E00270E383B06, 0x11E7A925F83AFDF78A4800E04C6F7E24, 'en01', 'esmalte negro', 'esmalte negro', 0x11E7AF8D8AE70507A5F700270E383B06, 0x11E7AF8D8AE70507A5F700270E383B06, '1.00', '0.00', '0.00', '0.00', '2.02', '30.00000000', '0.00', '0.00', '0.00000000', '0.00', '0.00', '0.00000000', 0x11E7A87A5A7F5C5A9B0700270E383B06, '0', '0');
INSERT INTO `inventario_productos` VALUES (0x11E85298353DCAF5A72800270E383B06, '1525767431', 0x30000000000000000000000000000000, 0x30000000000000000000000000000000, 0x11E7AC1AEC9B3C87A15E00270E383B06, 0x11E7A925F83AFDF78A4800E04C6F7E24, 'VERB001', 'CAUCHO VERONA BLANCO TIPO B', 'CAUCHO VERONA BLANCO TIPO B', 0x11E7AF8DDC5D706EA5F700270E383B06, 0x11E7AF8DDC5D706EA5F700270E383B06, '1.00', '0.00', '0.00', '0.00', '4.55', '31.85000000', '0.00', '0.00', '0.00000000', '0.00', '0.00', '0.00000000', 0x11E7A8257F863F079B0700270E383B06, '0', '0');
INSERT INTO `inventario_productos` VALUES (0x11E8674504C2C319BDE500270E383B06, '1528040676', 0x30000000000000000000000000000000, 0x30000000000000000000000000000000, 0x11E7AC1AEC9B3C87A15E00270E383B06, 0x11E852979C441E2BA72800270E383B06, 'A15S6D1', 'VERONA CAUCHO A VERDE', 'VER A', 0x11E7AF8DDC5D706EA5F700270E383B06, 0x11E7AF8DDC5D706EA5F700270E383B06, '1.00', '0.00', '0.00', '0.00', '5.00', '0.00000000', '0.00', '0.00', '0.00000000', '0.00', '0.00', '0.00000000', 0x11E7E1D6570F9A40AC8A00E04C6F7E24, '0', '0');
INSERT INTO `inventario_productos` VALUES (0x11E86A3BE3698901BDE500270E383B06, '1528366608', 0x11E8671BDA538048BDE500270E383B06, 0x11E87469D1B4E2F59BD600270E383B06, 0x11E7AC1ACC1DCFE0A15E00270E383B06, 0x11E8695B01928225BDE500270E383B06, null, null, 'litro bensol', 0x30303030303030303030303030303030, 0x30303030303030303030303030303030, '0.00', '0.00', '0.00', '0.00', '5.00', '20.00000000', '0.00', '0.00', '0.00000000', '0.00', '0.00', '0.00000000', 0x11E7E1D6570F9A40AC8A00E04C6F7E24, '0', '0');
INSERT INTO `inventario_productos` VALUES (0x11E86AF719736482BDE500270E383B06, '1528447015', 0x11E8671BDA538048BDE500270E383B06, 0x11E87469D06F468E9BD600270E383B06, 0x11E7AC1ACC1DCFE0A15E00270E383B06, 0x11E8695B01928225BDE500270E383B06, null, null, 'resina alquidica', 0x30303030303030303030303030303030, 0x30303030303030303030303030303030, '0.00', '0.00', '0.00', '0.00', '2.50', '0.00000000', '0.00', '0.00', '0.00000000', '0.00', '0.00', '0.00000000', 0x11E7E1D6570F9A40AC8A00E04C6F7E24, '0', '0');
INSERT INTO `inventario_productos` VALUES (0x11E86AFA83B5FB63BDE500270E383B06, '1528448481', 0x11E8671BDA538048BDE500270E383B06, 0x11E87469CDE2DEE19BD600270E383B06, 0x11E7AC1ACC1DCFE0A15E00270E383B06, 0x11E8695B01928225BDE500270E383B06, null, null, 'ARADOS CAUCHO VERDE GAL', 0x30303030303030303030303030303030, 0x30303030303030303030303030303030, '0.00', '0.00', '0.00', '0.00', '5.00', '0.00000000', '0.00', '0.00', '0.00000000', '0.00', '0.00', '0.00000000', 0x11E7E1D6570F9A40AC8A00E04C6F7E24, '0', '0');
INSERT INTO `inventario_productos` VALUES (0x11E86AFD00FF3F66BDE500270E383B06, '1528449551', 0x11E8676EAD11B2E6BDE500270E383B06, 0x11E86AF939AC69CABDE500270E383B06, 0x11E7AC1AEC9B3C87A15E00270E383B06, 0x11E86AFCD519DC00BDE500270E383B06, null, null, 'ARADOS CAUCHO ROJO CLASE C', 0x30303030303030303030303030303030, 0x30303030303030303030303030303030, '0.00', '0.00', '0.00', '0.00', '0.00', '0.00000000', '0.00', '0.00', '0.00000000', '0.00', '0.00', '0.00000000', 0x11E7E1D6570F9A40AC8A00E04C6F7E24, '0', '0');
INSERT INTO `inventario_productos` VALUES (0x11E86B041C0729CFBDE500270E383B06, '1528452602', 0x11E8671BDA538048BDE500270E383B06, 0x11E87469CDD26F0B9BD600270E383B06, 0x11E7AC1AEC9B3C87A15E00270E383B06, 0x11E8695B01928225BDE500270E383B06, null, null, 'caucho azul arados', 0x30303030303030303030303030303030, 0x30303030303030303030303030303030, '0.00', '0.00', '0.00', '0.00', '3.75', '20.00000000', '0.00', '0.00', '0.00000000', '0.00', '0.00', '0.00000000', 0x11E7E1D6570F9A40AC8A00E04C6F7E24, '0', '0');

-- ----------------------------
-- Table structure for sistema_cotizaciones
-- ----------------------------
DROP TABLE IF EXISTS `sistema_cotizaciones`;
CREATE TABLE `sistema_cotizaciones` (
  `id` binary(16) NOT NULL,
  `order_id` int(11) DEFAULT NULL,
  `fecha_registro` datetime DEFAULT NULL,
  `fecha` datetime DEFAULT NULL,
  `valor` double DEFAULT '0',
  PRIMARY KEY (`id`),
  UNIQUE KEY `id` (`id`),
  KEY `timestamp` (`order_id`)
) ENGINE=InnoDB DEFAULT CHARSET=latin1;

-- ----------------------------
-- Records of sistema_cotizaciones
-- ----------------------------
INSERT INTO `sistema_cotizaciones` VALUES (0x11E7AA9F0643F0C8847D00E04C6F7E24, '1507298563', '2017-10-06 10:02:43', '2017-10-06 18:02:39', '15000');
INSERT INTO `sistema_cotizaciones` VALUES (0x11E7AA9F4A2D76A7847D00E04C6F7E24, '1507298677', '2017-10-06 10:04:37', '2017-10-06 18:04:29', '17300');
INSERT INTO `sistema_cotizaciones` VALUES (0x11E7EAE6E359D19B897200E04C6F7E24, '1514366303', '2017-12-27 05:18:23', '2017-12-27 09:18:16', '112000');
INSERT INTO `sistema_cotizaciones` VALUES (0x11E852996925B890A72800270E383B06, '1525767948', '2018-05-08 04:25:48', '2018-05-08 08:25:42', '1000000');
INSERT INTO `sistema_cotizaciones` VALUES (0x11E86741F35F4244BDE500270E383B06, '1528039358', '2018-06-03 11:22:38', '2018-06-03 15:22:34', '2000000');

-- ----------------------------
-- Table structure for sistema_empresas
-- ----------------------------
DROP TABLE IF EXISTS `sistema_empresas`;
CREATE TABLE `sistema_empresas` (
  `id` binary(16) NOT NULL,
  `order_id` int(11) DEFAULT '0',
  `nombre` varchar(100) DEFAULT NULL,
  `rif` varchar(20) DEFAULT NULL,
  `direccion` varchar(255) DEFAULT NULL,
  `telefono` varchar(24) DEFAULT NULL,
  `es_inactivo` tinyint(1) DEFAULT '0',
  PRIMARY KEY (`id`)
) ENGINE=InnoDB DEFAULT CHARSET=latin1;

-- ----------------------------
-- Records of sistema_empresas
-- ----------------------------
INSERT INTO `sistema_empresas` VALUES (0x11E8671BDA538048BDE500270E383B06, '1528022995', 'VERONA IMPORT', 'J123456789', 'xx', '', '0');
INSERT INTO `sistema_empresas` VALUES (0x11E8676EAD11B2E6BDE500270E383B06, '1528058568', 'VERONA FABRICA', 'J975621315', 'GALPON', '', '0');
INSERT INTO `sistema_empresas` VALUES (0x11E8676EB799755BBDE500270E383B06, '1528058585', 'VERONA DISTRIBUIDORA', 'J7426151621', 'EEEE', '', '0');

-- ----------------------------
-- Table structure for sistema_impuestos
-- ----------------------------
DROP TABLE IF EXISTS `sistema_impuestos`;
CREATE TABLE `sistema_impuestos` (
  `id` binary(16) NOT NULL,
  `order_id` int(11) DEFAULT NULL,
  `id_tipo` binary(16) DEFAULT '0000000000000000',
  `codigo` varchar(10) DEFAULT NULL,
  `nombre` varchar(100) DEFAULT NULL,
  `valor_display` varchar(100) DEFAULT NULL,
  `valor` double(6,0) DEFAULT NULL,
  PRIMARY KEY (`id`),
  UNIQUE KEY `id` (`id`),
  KEY `timestamp` (`order_id`)
) ENGINE=InnoDB DEFAULT CHARSET=latin1;

-- ----------------------------
-- Records of sistema_impuestos
-- ----------------------------
INSERT INTO `sistema_impuestos` VALUES (0x11E7A8257F863F079B0700270E383B06, '1507026476', 0x11E7A7016E303D9D9B0700270E383B06, '000', 'EXENTO', '0%', '0');
INSERT INTO `sistema_impuestos` VALUES (0x11E7A87A5A7F5C5A9B0700270E383B06, '1507062921', 0x11E7A7016E303D9D9B0700270E383B06, '0000', 'tasa loca', '8%', '8');
INSERT INTO `sistema_impuestos` VALUES (0x11E7E1D6570F9A40AC8A00E04C6F7E24, '1513369585', 0x11E7A7016E303D9D9B0700270E383B06, '34', 'IVA', '12', '12');

-- ----------------------------
-- Table structure for sistema_listas
-- ----------------------------
DROP TABLE IF EXISTS `sistema_listas`;
CREATE TABLE `sistema_listas` (
  `id` binary(16) NOT NULL,
  `order_id` int(11) DEFAULT NULL,
  `campo` varchar(100) DEFAULT NULL,
  `nombre` varchar(100) DEFAULT NULL,
  `descrip` varchar(255) DEFAULT NULL,
  `id_padre` binary(16) DEFAULT '0\0\0\0\0\0\0\0\0\0\0\0\0\0\0\0',
  PRIMARY KEY (`id`),
  UNIQUE KEY `id` (`id`),
  KEY `timestamp` (`order_id`)
) ENGINE=InnoDB DEFAULT CHARSET=latin1;

-- ----------------------------
-- Records of sistema_listas
-- ----------------------------
INSERT INTO `sistema_listas` VALUES (0x11E7A6A4C7519DF09B0700270E383B06, '1506861238', 'sistema_unidades', 'Comercial', '0', 0x00000000000000000000000000000000);
INSERT INTO `sistema_listas` VALUES (0x11E7A6A5DC61415C9B0700270E383B06, '1506861703', 'bancos', 'Banesco', '', 0x00000000000000000000000000000000);
INSERT INTO `sistema_listas` VALUES (0x11E7A7016E303D9D9B0700270E383B06, '1506901032', 'impuestos', 'IVA', '', 0x00000000000000000000000000000000);
INSERT INTO `sistema_listas` VALUES (0x11E7A701C32410239B0700270E383B06, '1506901175', 'bancos', 'Mercantil', '', 0x00000000000000000000000000000000);
INSERT INTO `sistema_listas` VALUES (0x11E7A70D15F52A249B0700270E383B06, '1506906038', 'bancos', 'BBVA Provincial', null, 0x00000000000000000000000000000000);
INSERT INTO `sistema_listas` VALUES (0x11E7A71308397A0D9B0700270E383B06, '1506908592', 'bancos', 'Venezuela', '', 0x00000000000000000000000000000000);
INSERT INTO `sistema_listas` VALUES (0x11E7A87DDEF65E619B0700270E383B06, '1507064432', 'tipo_operacion', 'inventario', '', 0x00000000000000000000000000000000);
INSERT INTO `sistema_listas` VALUES (0x11E7A91B2A5A51708A4800E04C6F7E24, '1507131630', 'bancos', 'Caroni', null, 0x00000000000000000000000000000000);
INSERT INTO `sistema_listas` VALUES (0x11E7AC1ACC1DCFE0A15E00270E383B06, '1507461676', 'tipo_producto', 'Simple', '', 0x00000000000000000000000000000000);
INSERT INTO `sistema_listas` VALUES (0x11E7AC1AEC9B3C87A15E00270E383B06, '1507461730', 'tipo_producto', 'Manofacturado', '', 0x00000000000000000000000000000000);
INSERT INTO `sistema_listas` VALUES (0x11E7AC1AFED8C1D6A15E00270E383B06, '1507461761', 'tipo_producto', 'Compuesto', '', 0x00000000000000000000000000000000);
INSERT INTO `sistema_listas` VALUES (0x11E7AC1BDB6D6C05A15E00270E383B06, '1507462131', 'tipo_producto', 'Preparado', '', 0x00000000000000000000000000000000);
INSERT INTO `sistema_listas` VALUES (0x11E7AF898A29EC16A5F700270E383B06, '1507839092', 'sistema_unidades', 'Volumen', null, 0x00000000000000000000000000000000);
INSERT INTO `sistema_listas` VALUES (0x11E7AF89BE381EADA5F700270E383B06, '1507839179', 'sistema_unidades', 'Longitud', null, 0x00000000000000000000000000000000);
INSERT INTO `sistema_listas` VALUES (0x11E7AF89C533F696A5F700270E383B06, '1507839191', 'sistema_unidades', 'Peso/Masa', null, 0x00000000000000000000000000000000);
INSERT INTO `sistema_listas` VALUES (0x11E7C32315B604FF9B7800E04C6F7E24, '1509994111', 'tipo_operacion', 'compras', null, null);
INSERT INTO `sistema_listas` VALUES (0x11E7C39A0EACD9A08F1A00E04C6F7E24, '1510045194', 'tipo_operacion', 'ventas', null, null);
INSERT INTO `sistema_listas` VALUES (0x11E855F966D38F6EA72800270E383B06, '1526139029', 'tipo_cuenta_bancaria', 'Corriente', null, 0x00000000000000000000000000000000);
INSERT INTO `sistema_listas` VALUES (0x11E855F9829440ADA72800270E383B06, '1526139076', 'tipo_cuenta_bancaria', 'Ahorro', null, 0x00000000000000000000000000000000);
INSERT INTO `sistema_listas` VALUES (0x11E8561E545031B6A72800270E383B06, '1526154889', 'tipo_instrumento_pago', 'Efectivo', null, 0x00000000000000000000000000000000);
INSERT INTO `sistema_listas` VALUES (0x11E8561E6E975F3BA72800270E383B06, '1526154933', 'tipo_instrumento_pago', 'Cuenta', null, 0x00000000000000000000000000000000);
INSERT INTO `sistema_listas` VALUES (0x11E8561E74396814A72800270E383B06, '1526154943', 'tipo_instrumento_pago', 'Cheque', null, 0x00000000000000000000000000000000);
INSERT INTO `sistema_listas` VALUES (0x11E87237BA4216B0A3C700270E383B06, '1529244430', 'tipo_empleado', 'Chofer', null, null);
INSERT INTO `sistema_listas` VALUES (0x11E8733CF530C0F39BD600270E383B06, '1529356628', 'tipo_empleado', 'Vendedor', null, null);

-- ----------------------------
-- Table structure for sistema_menu
-- ----------------------------
DROP TABLE IF EXISTS `sistema_menu`;
CREATE TABLE `sistema_menu` (
  `id` binary(16) NOT NULL,
  `order_id` int(11) DEFAULT NULL,
  `id_seccion` tinyint(1) DEFAULT NULL,
  `id_padre` binary(16) NOT NULL DEFAULT '0000000000000000',
  `id_tipo` tinyint(1) DEFAULT NULL,
  `nombre` varchar(100) DEFAULT NULL,
  `descrip` varchar(255) DEFAULT NULL,
  `trigger` varchar(100) DEFAULT NULL,
  `orden_pos` tinyint(1) DEFAULT NULL,
  `icono` varchar(100) DEFAULT NULL,
  `tooltip` varchar(255) DEFAULT NULL,
  PRIMARY KEY (`id`),
  UNIQUE KEY `id` (`id`),
  KEY `timestamp` (`order_id`)
) ENGINE=InnoDB DEFAULT CHARSET=latin1;

-- ----------------------------
-- Records of sistema_menu
-- ----------------------------
INSERT INTO `sistema_menu` VALUES (0x11E7A44200A787428A4800E04C6F7E24, '1506598664', '2', 0x00000000000000000000000000000000, '3', 'Menu', '', 'config.listas-menu-lista', '0', '', '');
INSERT INTO `sistema_menu` VALUES (0x11E7A51F8CBA85598A4800E04C6F7E24, '1506693793', '1', 0x00000000000000000000000000000000, '1', 'Listas', null, null, '2', null, null);
INSERT INTO `sistema_menu` VALUES (0x11E7A70EE7C4AE249B0700270E383B06, '1506906819', '1', 0x01000000000000000000000000000000, '1', 'Nuevo item', '', null, '0', '0', '');
INSERT INTO `sistema_menu` VALUES (0x11E7A7131C59B43E9B0700270E383B06, '1506908626', '1', 0x00000000000000000000000000000000, '1', 'Ventas', '', null, '5', '0', '');
INSERT INTO `sistema_menu` VALUES (0x11E7A768D3F519758A4800E04C6F7E24, '1506945118', '1', 0x11E7A51F8CBA85598A4800E04C6F7E24, '3', 'Usuarios', '', 'menu.listas-usuarios-lista', '0', '0', '');
INSERT INTO `sistema_menu` VALUES (0x11E7A78A256FE0EF8A4800E04C6F7E24, '1506959428', '1', 0x11E7A51F8CBA85598A4800E04C6F7E24, '3', 'Listas', '', 'menu.listas-listas-lista', '0', '0', '');
INSERT INTO `sistema_menu` VALUES (0x11E7A8598792B7439B0700270E383B06, '1507048823', '1', 0x11E7A51F8CBA85598A4800E04C6F7E24, '3', 'Impuestos', '', 'menu.listas-impuestos-lista', '0', '0', '');
INSERT INTO `sistema_menu` VALUES (0x11E7A87B1C58062D9B0700270E383B06, '1507063246', '2', 0x00000000000000000000000000000000, '3', 'Operaciones', '', 'config.listas-operaciones-lista', '0', '0', '');
INSERT INTO `sistema_menu` VALUES (0x11E7A9015A806FF88A4800E04C6F7E24, '1507120555', '1', 0x00000000000000000000000000000000, '1', 'Inventario', '', '', '2', '0', '');
INSERT INTO `sistema_menu` VALUES (0x11E7A9017CA2C1648A4800E04C6F7E24, '1507120613', '1', 0x11E7A9015A806FF88A4800E04C6F7E24, '3', 'Operaciones', '', 'menu.inventario-operaciones-lista', '5', '0', '');
INSERT INTO `sistema_menu` VALUES (0x11E7A9133D4BE6968A4800E04C6F7E24, '1507128226', '1', 0x11E7A9015A806FF88A4800E04C6F7E24, '3', 'Categorias', '', 'menu.inventario-categorias-lista', '1', '0', '');
INSERT INTO `sistema_menu` VALUES (0x11E7A929626A044B8A4800E04C6F7E24, '1507137737', '1', 0x11E7A9015A806FF88A4800E04C6F7E24, '3', 'Almacenes', '', 'menu.inventario-almacenes-lista', '0', '0', '');
INSERT INTO `sistema_menu` VALUES (0x11E7A961DC7E09FE9B0700270E383B06, '1507162353', '1', 0x11E7A9015A806FF88A4800E04C6F7E24, '3', 'Productos', '', 'menu.inventario-productos-lista', '1', '0', '');
INSERT INTO `sistema_menu` VALUES (0x11E7AA9C23373F23847D00E04C6F7E24, '1507297324', '1', 0x11E7A51F8CBA85598A4800E04C6F7E24, '3', 'Cotizaciones', '', 'menu.listas-cotizaciones-lista', '3', '0', '');
INSERT INTO `sistema_menu` VALUES (0x11E7C3132FBCE9399B7800E04C6F7E24, '1509987283', '1', 0x00000000000000000000000000000000, '1', 'Compras', '', '', '0', '0', '');
INSERT INTO `sistema_menu` VALUES (0x11E7C3133A674ECB9B7800E04C6F7E24, '1509987300', '1', 0x11E7C3132FBCE9399B7800E04C6F7E24, '3', 'Proveedores', '', 'menu.compras-proveedores-lista', '0', '0', '');
INSERT INTO `sistema_menu` VALUES (0x11E7C31C26B1D3599B7800E04C6F7E24, '1509991133', '1', 0x11E7C3132FBCE9399B7800E04C6F7E24, '3', 'Operaciones', '', 'menu.compras-operaciones-lista', '0', '0', '');
INSERT INTO `sistema_menu` VALUES (0x11E7C366B77BB7DA8F1A00E04C6F7E24, '1510023159', '1', 0x11E7A7131C59B43E9B0700270E383B06, '3', 'Clientes', '', 'menu.ventas-clientes-lista', '0', '0', '');
INSERT INTO `sistema_menu` VALUES (0x11E7C39686D7E2188F1A00E04C6F7E24, '1510043677', '1', 0x11E7A7131C59B43E9B0700270E383B06, '3', 'Operaciones', '', 'menu.ventas-operaciones-lista', '0', '0', '');
INSERT INTO `sistema_menu` VALUES (0x11E7D5B0D64CB023BB1B00E04C6F7E24, '1512034058', '1', 0x11E7A51F8CBA85598A4800E04C6F7E24, '3', 'Unidades', '', 'menu.listas-unidades-lista', '4', '0', '');
INSERT INTO `sistema_menu` VALUES (0x11E7D5B1395309EFBB1B00E04C6F7E24, '1512034224', '1', 0x00000000000000000000000000000000, '1', 'Reportes', '', '', '5', '0', '');
INSERT INTO `sistema_menu` VALUES (0x11E7D5B1C23436FFBB1B00E04C6F7E24, '1512034454', '1', 0x11E7D5B1395309EFBB1B00E04C6F7E24, '3', 'Inventario', '', 'menu.reportes-inventario-lista', '0', '0', '');
INSERT INTO `sistema_menu` VALUES (0x11E7D82F9A1C21B4BB1B00E04C6F7E24, '1512308360', '1', 0x11E7A961DC7E09FE9B0700270E383B06, '4', 'Formulas', '', 'inventario-productos-btnFormulas', '0', '0', '');
INSERT INTO `sistema_menu` VALUES (0x11E8561CE6F379FAA72800270E383B06, '1526154276', '1', 0x00000000000000000000000000000000, '1', 'Caja', '', '', '0', '0', '');
INSERT INTO `sistema_menu` VALUES (0x11E8561CFAFF308AA72800270E383B06, '1526154310', '1', 0x11E8561CE6F379FAA72800270E383B06, '3', 'Instrumentos de pago', '', 'menu.caja-instrumentos-list', '0', '0', '');
INSERT INTO `sistema_menu` VALUES (0x11E8671A41583A69BDE500270E383B06, '1528022309', '1', 0x11E7A51F8CBA85598A4800E04C6F7E24, '1', 'Empresas', '', 'menu.listas-empresas-lista', '0', '0', '');
INSERT INTO `sistema_menu` VALUES (0x11E86831FF02AFEFBDE500270E383B06, '1528142457', '1', 0x11E7A51F8CBA85598A4800E04C6F7E24, '3', 'Productos', '', 'menu.listas-productos-lista', '0', '0', '');
INSERT INTO `sistema_menu` VALUES (0x11E86EE98E915CB8878100270E383B06, '1528881003', '1', 0x11E8561CE6F379FAA72800270E383B06, '1', 'Cuentas Bancarias', '', 'menu.caja-bancos-lista', '0', '0', '');
INSERT INTO `sistema_menu` VALUES (0x11E872481426088AA3C700270E383B06, '1529251453', '1', 0x00000000000000000000000000000000, '1', 'Empresa', '', '', '0', '0', '');
INSERT INTO `sistema_menu` VALUES (0x11E8724824D7E824A3C700270E383B06, '1529251481', '1', 0x11E872481426088AA3C700270E383B06, '3', 'Personal', '', 'menu.empresa-empleados-lista', '0', '0', '');
INSERT INTO `sistema_menu` VALUES (0x11E8724835FCF9F8A3C700270E383B06, '1529251510', '1', 0x11E872481426088AA3C700270E383B06, '3', 'Vehículos', '', 'menu.empresa-vehiculos-lista', '0', '0', '');
INSERT INTO `sistema_menu` VALUES (0x11E87ABBC6ED53ADA26F00270E383B06, '1530180754', '1', 0x11E7D5B1395309EFBB1B00E04C6F7E24, '3', 'Ventas', '', 'menu.reportes-ventas-lista', '0', '0', '');
INSERT INTO `sistema_menu` VALUES (0x11E87C87029B42FAA26F00270E383B06, '1530377994', '1', 0x11E7D5B1395309EFBB1B00E04C6F7E24, '3', 'Caja', '', 'menu.reportes-caja-lista', '0', '0', '');
INSERT INTO `sistema_menu` VALUES (0x11E87D69655AA9E3800B00270E383B06, '1530475226', '1', 0x11E7D5B1395309EFBB1B00E04C6F7E24, '1', 'Compras', '', 'menu.reportes-compras-lista', '0', '0', '');
INSERT INTO `sistema_menu` VALUES (0x11E87FCF5DA0D679A61100270E383B06, '1530738924', '1', 0x11E86831FF02AFEFBDE500270E383B06, '4', 'Eliminar', '', 'sistema-productos-btnEliminar', '0', '0', '');

-- ----------------------------
-- Table structure for sistema_operaciones
-- ----------------------------
DROP TABLE IF EXISTS `sistema_operaciones`;
CREATE TABLE `sistema_operaciones` (
  `id` binary(16) NOT NULL,
  `order_id` int(11) DEFAULT NULL,
  `id_tipo` binary(16) DEFAULT '0000000000000000',
  `nombre` varchar(100) DEFAULT NULL,
  `nombre_display` varchar(100) DEFAULT NULL,
  `descrip` varchar(255) DEFAULT NULL,
  `signo_inventario` varchar(1) DEFAULT NULL,
  `signo_caja` varchar(1) DEFAULT NULL,
  `es_fiscal` tinyint(1) DEFAULT '0',
  `es_autorizado` tinyint(1) DEFAULT '0',
  `es_visible` tinyint(1) DEFAULT '0',
  `es_derivado` tinyint(1) DEFAULT '0',
  `es_transporte` tinyint(1) DEFAULT '0',
  PRIMARY KEY (`id`),
  UNIQUE KEY `id` (`id`),
  KEY `timestamp` (`order_id`)
) ENGINE=InnoDB DEFAULT CHARSET=latin1;

-- ----------------------------
-- Records of sistema_operaciones
-- ----------------------------
INSERT INTO `sistema_operaciones` VALUES (0x11E7A87DFE539BFA9B0700270E383B06, '1507064484', 0x11E7A87DDEF65E619B0700270E383B06, 'Cargo', 'Cargo', 'cargo', '+', 'N', '0', '1', '1', '0', '0');
INSERT INTO `sistema_operaciones` VALUES (0x11E7B978A7D32697BB3C00E04C6F7E24, '1508931352', 0x11E7A87DDEF65E619B0700270E383B06, 'Descargo', 'Descargo', 'Descargo', '-', 'N', '0', '0', '1', '0', '0');
INSERT INTO `sistema_operaciones` VALUES (0x11E7C0C14C50CD20922D00E04C6F7E24, '1509732159', 0x11E7A87DDEF65E619B0700270E383B06, 'Traslados', 'Traslados', 'Traslados', 'M', 'N', '0', '0', '0', '0', '0');
INSERT INTO `sistema_operaciones` VALUES (0x11E7C25EDE4B02BB877D00E04C6F7E24, '1509909821', 0x11E7A87DDEF65E619B0700270E383B06, 'Orden de Producción', 'Orden de Producción', 'Orden de Producción', 'N', 'N', '0', '0', '0', '0', '0');
INSERT INTO `sistema_operaciones` VALUES (0x11E7C32321A13B749B7800E04C6F7E24, '1509994131', 0x11E7C32315B604FF9B7800E04C6F7E24, 'Orden de Compra', 'Orden de Compra', 'Orden de Compra', 'N', 'N', '0', '0', '0', '0', '0');
INSERT INTO `sistema_operaciones` VALUES (0x11E7C35C8B1444918F1A00E04C6F7E24, '1510018789', 0x11E7C32315B604FF9B7800E04C6F7E24, 'Recepción de Compras', 'Recepción de Compras', 'Recepción de Compras', '-', 'N', '0', '0', '0', '0', '0');
INSERT INTO `sistema_operaciones` VALUES (0x11E7C39A21EA52F58F1A00E04C6F7E24, '1510045226', 0x11E7C39A0EACD9A08F1A00E04C6F7E24, 'Presupuesto', 'Presupuesto', 'Presupuesto', 'N', 'N', '0', '0', '0', '0', '0');
INSERT INTO `sistema_operaciones` VALUES (0x11E7C39A3423F2A88F1A00E04C6F7E24, '1510045256', 0x11E7C39A0EACD9A08F1A00E04C6F7E24, 'Nota de Entrega', 'Nota de Entrega', 'Nota de Entrega', '-', '+', '0', '0', '0', '0', '0');
INSERT INTO `sistema_operaciones` VALUES (0x11E7C39A40E0A2B78F1A00E04C6F7E24, '1510045278', 0x11E7C39A0EACD9A08F1A00E04C6F7E24, 'Factura', 'Factura', 'Factura', '-', '+', '0', '0', '0', '0', '0');
INSERT INTO `sistema_operaciones` VALUES (0x11E871624941FB5D9F9A00270E383B06, '1529152758', 0x11E7C39A0EACD9A08F1A00E04C6F7E24, 'Nota de Crédito', 'Nota de Crédito', 'Nota de Crédito', '+', '-', '1', '0', '0', '1', '0');
INSERT INTO `sistema_operaciones` VALUES (0x11E8716C516B9EDF9F9A00270E383B06, '1529157067', 0x11E7C39A0EACD9A08F1A00E04C6F7E24, 'Guia Despacho', 'Guia Despacho', 'Guia Despacho', 'N', 'N', '0', '0', '0', '1', '1');

-- ----------------------------
-- Table structure for sistema_productos
-- ----------------------------
DROP TABLE IF EXISTS `sistema_productos`;
CREATE TABLE `sistema_productos` (
  `id` binary(16) NOT NULL,
  `order_id` int(11) DEFAULT '0',
  `codigo` varchar(30) DEFAULT NULL,
  `nombre` varchar(200) DEFAULT NULL,
  `empresas` varchar(255) DEFAULT NULL,
  `id_unidad_compra` binary(16) DEFAULT '0\0\0\0\0\0\0\0\0\0\0\0\0\0\0\0',
  `id_unidad_venta` binary(16) DEFAULT '0\0\0\0\0\0\0\0\0\0\0\0\0\0\0\0',
  `cantidad_unidad_compra` double(10,2) DEFAULT '0.00',
  PRIMARY KEY (`id`)
) ENGINE=InnoDB DEFAULT CHARSET=latin1;

-- ----------------------------
-- Records of sistema_productos
-- ----------------------------
INSERT INTO `sistema_productos` VALUES (0x11E87469CC1D2D679BD600270E383B06, '1529490325', 'ANT32100101', 'ANTMAN CAUCHO BLANCO', '[\"11E8676EAD11B2E6BDE500270E383B06\",\"11E8671BDA538048BDE500270E383B06\"]', 0x11E7AF8DDC5D706EA5F700270E383B06, 0x11E7AF8DDC5D706EA5F700270E383B06, '1.00');
INSERT INTO `sistema_productos` VALUES (0x11E87469CC236FC69BD600270E383B06, '1529490325', 'ARA23100250', 'ARADOS CAUCHO TIPO B GRIS CEMENTO', '[\"11E8676EAD11B2E6BDE500270E383B06\",\"11E8671BDA538048BDE500270E383B06\"]', 0x11E7AF8DF65CB995A5F700270E383B06, 0x11E7AF8DF65CB995A5F700270E383B06, '1.00');
INSERT INTO `sistema_productos` VALUES (0x11E87469CC289BDB9BD600270E383B06, '1529490325', 'ARA23100240', 'ARADOS CAUCHO TIPO B GRIS CEMENTO', '[\"11E8676EAD11B2E6BDE500270E383B06\",\"11E8671BDA538048BDE500270E383B06\"]', 0x11E7AF8DE9F3C53BA5F700270E383B06, 0x11E7AF8DE9F3C53BA5F700270E383B06, '1.00');
INSERT INTO `sistema_productos` VALUES (0x11E87469CC310B319BD600270E383B06, '1529490325', 'VER13100101', 'VERONA CAUCHO EXTERIOR BLANCO', '[\"11E8676EAD11B2E6BDE500270E383B06\",\"11E8671BDA538048BDE500270E383B06\"]', 0x11E7AF8DDC5D706EA5F700270E383B06, 0x11E7AF8DDC5D706EA5F700270E383B06, '1.00');
INSERT INTO `sistema_productos` VALUES (0x11E87469CC33D6BD9BD600270E383B06, '1529490326', 'VER13100201', 'VERONA CAUCHO EXTERIOR GRIS CEMENTO', '[\"11E8676EAD11B2E6BDE500270E383B06\",\"11E8671BDA538048BDE500270E383B06\"]', 0x11E7AF8DDC5D706EA5F700270E383B06, 0x11E7AF8DDC5D706EA5F700270E383B06, '1.00');
INSERT INTO `sistema_productos` VALUES (0x11E87469CC391ADD9BD600270E383B06, '1529490326', 'VER13100301', 'VERONA CAUCHO EXTERIOR GRIS CLARO', '[\"11E8676EAD11B2E6BDE500270E383B06\",\"11E8671BDA538048BDE500270E383B06\"]', 0x11E7AF8DDC5D706EA5F700270E383B06, 0x11E7AF8DDC5D706EA5F700270E383B06, '1.00');
INSERT INTO `sistema_productos` VALUES (0x11E87469CC3F82909BD600270E383B06, '1529490326', 'VER13100401', 'VERONA CAUCHO EXTERIOR BLANCO OSTRA', '[\"11E8676EAD11B2E6BDE500270E383B06\",\"11E8671BDA538048BDE500270E383B06\"]', 0x11E7AF8DDC5D706EA5F700270E383B06, 0x11E7AF8DDC5D706EA5F700270E383B06, '1.00');
INSERT INTO `sistema_productos` VALUES (0x11E87469CC4488339BD600270E383B06, '1529490326', 'VER13100501', 'VERONA CAUCHO EXTERIOR MARFIL', '[\"11E8676EAD11B2E6BDE500270E383B06\",\"11E8671BDA538048BDE500270E383B06\"]', 0x11E7AF8DDC5D706EA5F700270E383B06, 0x11E7AF8DDC5D706EA5F700270E383B06, '1.00');
INSERT INTO `sistema_productos` VALUES (0x11E87469CC49B03D9BD600270E383B06, '1529490326', 'VER13100601', 'VERONA CAUCHO EXTERIOR BEIGE', '[\"11E8676EAD11B2E6BDE500270E383B06\",\"11E8671BDA538048BDE500270E383B06\"]', 0x11E7AF8DDC5D706EA5F700270E383B06, 0x11E7AF8DDC5D706EA5F700270E383B06, '1.00');
INSERT INTO `sistema_productos` VALUES (0x11E87469CC4D43D69BD600270E383B06, '1529490326', 'ARA33102301', 'ARADOS CAUCHO TIPO C LILA', '[\"11E8676EAD11B2E6BDE500270E383B06\",\"11E8671BDA538048BDE500270E383B06\"]', 0x11E7AF8DDC5D706EA5F700270E383B06, 0x11E7AF8DDC5D706EA5F700270E383B06, '1.00');
INSERT INTO `sistema_productos` VALUES (0x11E87469CC500BFB9BD600270E383B06, '1529490326', 'ANT32100150', 'ANTMAN CAUCHO BLANCO', '[\"11E8676EAD11B2E6BDE500270E383B06\",\"11E8671BDA538048BDE500270E383B06\"]', 0x11E7AF8DF65CB995A5F700270E383B06, 0x11E7AF8DF65CB995A5F700270E383B06, '1.00');
INSERT INTO `sistema_productos` VALUES (0x11E87469CC57DC579BD600270E383B06, '1529490326', 'ANT32100201', 'ANTMAN CAUCHO GRIS CEMENTO', '[\"11E8676EAD11B2E6BDE500270E383B06\",\"11E8671BDA538048BDE500270E383B06\"]', 0x11E7AF8DDC5D706EA5F700270E383B06, 0x11E7AF8DDC5D706EA5F700270E383B06, '1.00');
INSERT INTO `sistema_productos` VALUES (0x11E87469CC5CC3E59BD600270E383B06, '1529490326', 'ANT32100240', 'ANTMAN CAUCHO GRIS CEMENTO', '[\"11E8676EAD11B2E6BDE500270E383B06\",\"11E8671BDA538048BDE500270E383B06\"]', 0x11E7AF8DE9F3C53BA5F700270E383B06, 0x11E7AF8DE9F3C53BA5F700270E383B06, '1.00');
INSERT INTO `sistema_productos` VALUES (0x11E87469CC630B159BD600270E383B06, '1529490326', 'ANT32100250', 'ANTMAN CAUCHO GRIS CEMENTO', '[\"11E8676EAD11B2E6BDE500270E383B06\",\"11E8671BDA538048BDE500270E383B06\"]', 0x11E7AF8DF65CB995A5F700270E383B06, 0x11E7AF8DF65CB995A5F700270E383B06, '1.00');
INSERT INTO `sistema_productos` VALUES (0x11E87469CC6836A69BD600270E383B06, '1529490326', 'ANT32100301', 'ANTMAN CAUCHO GRIS CLARO', '[\"11E8676EAD11B2E6BDE500270E383B06\",\"11E8671BDA538048BDE500270E383B06\"]', 0x11E7AF8DDC5D706EA5F700270E383B06, 0x11E7AF8DDC5D706EA5F700270E383B06, '1.00');
INSERT INTO `sistema_productos` VALUES (0x11E87469CC6BC8759BD600270E383B06, '1529490326', 'ANT32100340', 'ANTMAN CAUCHO GRIS CLARO', '[\"11E8676EAD11B2E6BDE500270E383B06\",\"11E8671BDA538048BDE500270E383B06\"]', 0x11E7AF8DE9F3C53BA5F700270E383B06, 0x11E7AF8DE9F3C53BA5F700270E383B06, '1.00');
INSERT INTO `sistema_productos` VALUES (0x11E87469CC6EA32D9BD600270E383B06, '1529490326', 'ANT32100350', 'ANTMAN CAUCHO GRIS CLARO', '[\"11E8676EAD11B2E6BDE500270E383B06\",\"11E8671BDA538048BDE500270E383B06\"]', 0x11E7AF8DF65CB995A5F700270E383B06, 0x11E7AF8DF65CB995A5F700270E383B06, '1.00');
INSERT INTO `sistema_productos` VALUES (0x11E87469CC7229C69BD600270E383B06, '1529490326', 'ANT32100401', 'ANTMAN CAUCHO BLANCO OSTRA', '[\"11E8676EAD11B2E6BDE500270E383B06\",\"11E8671BDA538048BDE500270E383B06\"]', 0x11E7AF8DDC5D706EA5F700270E383B06, 0x11E7AF8DDC5D706EA5F700270E383B06, '1.00');
INSERT INTO `sistema_productos` VALUES (0x11E87469CC82E0E19BD600270E383B06, '1529490326', 'ANT32100440', 'ANTMAN CAUCHO BLANCO OSTRA', '[\"11E8676EAD11B2E6BDE500270E383B06\",\"11E8671BDA538048BDE500270E383B06\"]', 0x11E7AF8DE9F3C53BA5F700270E383B06, 0x11E7AF8DE9F3C53BA5F700270E383B06, '1.00');
INSERT INTO `sistema_productos` VALUES (0x11E87469CC867CBB9BD600270E383B06, '1529490326', 'ANT32100450', 'ANTMAN CAUCHO BLANCO OSTRA', '[\"11E8676EAD11B2E6BDE500270E383B06\",\"11E8671BDA538048BDE500270E383B06\"]', 0x11E7AF8DF65CB995A5F700270E383B06, 0x11E7AF8DF65CB995A5F700270E383B06, '1.00');
INSERT INTO `sistema_productos` VALUES (0x11E87469CC8949A29BD600270E383B06, '1529490326', 'ANT32100501', 'ANTMAN CAUCHO MARFIL', '[\"11E8676EAD11B2E6BDE500270E383B06\",\"11E8671BDA538048BDE500270E383B06\"]', 0x11E7AF8DDC5D706EA5F700270E383B06, 0x11E7AF8DDC5D706EA5F700270E383B06, '1.00');
INSERT INTO `sistema_productos` VALUES (0x11E87469CC8CDAEE9BD600270E383B06, '1529490326', 'ANT32100540', 'ANTMAN CAUCHO MARFIL', '[\"11E8676EAD11B2E6BDE500270E383B06\",\"11E8671BDA538048BDE500270E383B06\"]', 0x11E7AF8DE9F3C53BA5F700270E383B06, 0x11E7AF8DE9F3C53BA5F700270E383B06, '1.00');
INSERT INTO `sistema_productos` VALUES (0x11E87469CC8F9E139BD600270E383B06, '1529490326', 'ANT32100550', 'ANTMAN CAUCHO MARFIL', '[\"11E8676EAD11B2E6BDE500270E383B06\",\"11E8671BDA538048BDE500270E383B06\"]', 0x11E7AF8DF65CB995A5F700270E383B06, 0x11E7AF8DF65CB995A5F700270E383B06, '1.00');
INSERT INTO `sistema_productos` VALUES (0x11E87469CC9338809BD600270E383B06, '1529490326', 'ANT32100601', 'ANTMAN CAUCHO BEIGE', '[\"11E8676EAD11B2E6BDE500270E383B06\",\"11E8671BDA538048BDE500270E383B06\"]', 0x11E7AF8DDC5D706EA5F700270E383B06, 0x11E7AF8DDC5D706EA5F700270E383B06, '1.00');
INSERT INTO `sistema_productos` VALUES (0x11E87469CC96044E9BD600270E383B06, '1529490326', 'ANT32100640', 'ANTMAN CAUCHO BEIGE', '[\"11E8676EAD11B2E6BDE500270E383B06\",\"11E8671BDA538048BDE500270E383B06\"]', 0x11E7AF8DE9F3C53BA5F700270E383B06, 0x11E7AF8DE9F3C53BA5F700270E383B06, '1.00');
INSERT INTO `sistema_productos` VALUES (0x11E87469CC9990509BD600270E383B06, '1529490326', 'ANT32100650', 'ANTMAN CAUCHO BEIGE', '[\"11E8676EAD11B2E6BDE500270E383B06\",\"11E8671BDA538048BDE500270E383B06\"]', 0x11E7AF8DF65CB995A5F700270E383B06, 0x11E7AF8DF65CB995A5F700270E383B06, '1.00');
INSERT INTO `sistema_productos` VALUES (0x11E87469CCA02FA49BD600270E383B06, '1529490326', 'ANT32100701', 'ANTMAN CAUCHO MOSTAZA CLARO', '[\"11E8676EAD11B2E6BDE500270E383B06\",\"11E8671BDA538048BDE500270E383B06\"]', 0x11E7AF8DDC5D706EA5F700270E383B06, 0x11E7AF8DDC5D706EA5F700270E383B06, '1.00');
INSERT INTO `sistema_productos` VALUES (0x11E87469CCA3BF239BD600270E383B06, '1529490326', 'ANT32100740', 'ANTMAN CAUCHO MOSTAZA CLARO', '[\"11E8676EAD11B2E6BDE500270E383B06\",\"11E8671BDA538048BDE500270E383B06\"]', 0x11E7AF8DE9F3C53BA5F700270E383B06, 0x11E7AF8DE9F3C53BA5F700270E383B06, '1.00');
INSERT INTO `sistema_productos` VALUES (0x11E87469CCAA5AC79BD600270E383B06, '1529490326', 'ANT32100750', 'ANTMAN CAUCHO MOSTAZA CLARO', '[\"11E8676EAD11B2E6BDE500270E383B06\",\"11E8671BDA538048BDE500270E383B06\"]', 0x11E7AF8DF65CB995A5F700270E383B06, 0x11E7AF8DF65CB995A5F700270E383B06, '1.00');
INSERT INTO `sistema_productos` VALUES (0x11E87469CCAF6B5C9BD600270E383B06, '1529490326', 'ANT32100801', 'ANTMAN CAUCHO MOSTAZA OSCURO', '[\"11E8676EAD11B2E6BDE500270E383B06\",\"11E8671BDA538048BDE500270E383B06\"]', 0x11E7AF8DDC5D706EA5F700270E383B06, 0x11E7AF8DDC5D706EA5F700270E383B06, '1.00');
INSERT INTO `sistema_productos` VALUES (0x11E87469CCB482AB9BD600270E383B06, '1529490326', 'ANT32100840', 'ANTMAN CAUCHO MOSTAZA OSCURO', '[\"11E8676EAD11B2E6BDE500270E383B06\",\"11E8671BDA538048BDE500270E383B06\"]', 0x11E7AF8DE9F3C53BA5F700270E383B06, 0x11E7AF8DE9F3C53BA5F700270E383B06, '1.00');
INSERT INTO `sistema_productos` VALUES (0x11E87469CCB817239BD600270E383B06, '1529490326', 'ANT32100840', 'ANTMAN CAUCHO MOSTAZA OSCURO', '[\"11E8676EAD11B2E6BDE500270E383B06\",\"11E8671BDA538048BDE500270E383B06\"]', 0x11E7AF8DF65CB995A5F700270E383B06, 0x11E7AF8DF65CB995A5F700270E383B06, '1.00');
INSERT INTO `sistema_productos` VALUES (0x11E87469CCBAE13D9BD600270E383B06, '1529490327', 'ANT32100901', 'ANTMAN CAUCHO LADRILLO', '[\"11E8676EAD11B2E6BDE500270E383B06\",\"11E8671BDA538048BDE500270E383B06\"]', 0x11E7AF8DDC5D706EA5F700270E383B06, 0x11E7AF8DDC5D706EA5F700270E383B06, '1.00');
INSERT INTO `sistema_productos` VALUES (0x11E87469CCBE70709BD600270E383B06, '1529490327', 'ANT32100940', 'ANTMAN CAUCHO LADRILLO', '[\"11E8676EAD11B2E6BDE500270E383B06\",\"11E8671BDA538048BDE500270E383B06\"]', 0x11E7AF8DE9F3C53BA5F700270E383B06, 0x11E7AF8DE9F3C53BA5F700270E383B06, '1.00');
INSERT INTO `sistema_productos` VALUES (0x11E87469CCC142D09BD600270E383B06, '1529490327', 'ANT32100950', 'ANTMAN CAUCHO LADRILLO', '[\"11E8676EAD11B2E6BDE500270E383B06\",\"11E8671BDA538048BDE500270E383B06\"]', 0x11E7AF8DF65CB995A5F700270E383B06, 0x11E7AF8DF65CB995A5F700270E383B06, '1.00');
INSERT INTO `sistema_productos` VALUES (0x11E87469CCC71CEE9BD600270E383B06, '1529490327', 'ANT32101001', 'ANTMAN CAUCHO SAHARA', '[\"11E8676EAD11B2E6BDE500270E383B06\",\"11E8671BDA538048BDE500270E383B06\"]', 0x11E7AF8DDC5D706EA5F700270E383B06, 0x11E7AF8DDC5D706EA5F700270E383B06, '1.00');
INSERT INTO `sistema_productos` VALUES (0x11E87469CCCB7D939BD600270E383B06, '1529490327', 'ANT32101040', 'ANTMAN CAUCHO SAHARA', '[\"11E8676EAD11B2E6BDE500270E383B06\",\"11E8671BDA538048BDE500270E383B06\"]', 0x11E7AF8DE9F3C53BA5F700270E383B06, 0x11E7AF8DE9F3C53BA5F700270E383B06, '1.00');
INSERT INTO `sistema_productos` VALUES (0x11E87469CCD479919BD600270E383B06, '1529490327', 'ANT32101050', 'ANTMAN CAUCHO SAHARA', '[\"11E8676EAD11B2E6BDE500270E383B06\",\"11E8671BDA538048BDE500270E383B06\"]', 0x11E7AF8DF65CB995A5F700270E383B06, 0x11E7AF8DF65CB995A5F700270E383B06, '1.00');
INSERT INTO `sistema_productos` VALUES (0x11E87469CCDE1D739BD600270E383B06, '1529490327', 'ARA33100101', 'ARADOS CAUCHO TIPO C BLANCO', '[\"11E8676EAD11B2E6BDE500270E383B06\",\"11E8671BDA538048BDE500270E383B06\"]', 0x11E7AF8DDC5D706EA5F700270E383B06, 0x11E7AF8DDC5D706EA5F700270E383B06, '1.00');
INSERT INTO `sistema_productos` VALUES (0x11E87469CCE234E69BD600270E383B06, '1529490327', 'ARA33100140', 'ARADOS CAUCHO TIPO C BLANCO', '[\"11E8676EAD11B2E6BDE500270E383B06\",\"11E8671BDA538048BDE500270E383B06\"]', 0x11E7AF8DE9F3C53BA5F700270E383B06, 0x11E7AF8DE9F3C53BA5F700270E383B06, '1.00');
INSERT INTO `sistema_productos` VALUES (0x11E87469CCE5D8739BD600270E383B06, '1529490327', 'ARA33100150', 'ARADOS CAUCHO TIPO C BLANCO', '[\"11E8676EAD11B2E6BDE500270E383B06\",\"11E8671BDA538048BDE500270E383B06\"]', 0x11E7AF8DF65CB995A5F700270E383B06, 0x11E7AF8DF65CB995A5F700270E383B06, '1.00');
INSERT INTO `sistema_productos` VALUES (0x11E87469CCE88EDB9BD600270E383B06, '1529490327', 'ARA33100201', 'ARADOS CAUCHO TIPO C GRIS CEMENTO', '[\"11E8676EAD11B2E6BDE500270E383B06\",\"11E8671BDA538048BDE500270E383B06\"]', 0x11E7AF8DDC5D706EA5F700270E383B06, 0x11E7AF8DDC5D706EA5F700270E383B06, '1.00');
INSERT INTO `sistema_productos` VALUES (0x11E87469CCEC36CB9BD600270E383B06, '1529490327', 'ARA33100240', 'ARADOS CAUCHO TIPO C GRIS CEMENTO', '[\"11E8676EAD11B2E6BDE500270E383B06\",\"11E8671BDA538048BDE500270E383B06\"]', 0x11E7AF8DE9F3C53BA5F700270E383B06, 0x11E7AF8DE9F3C53BA5F700270E383B06, '1.00');
INSERT INTO `sistema_productos` VALUES (0x11E87469CCF1796E9BD600270E383B06, '1529490327', 'ARA33100250', 'ARADOS CAUCHO TIPO C GRIS CEMENTO', '[\"11E8676EAD11B2E6BDE500270E383B06\",\"11E8671BDA538048BDE500270E383B06\"]', 0x11E7AF8DF65CB995A5F700270E383B06, 0x11E7AF8DF65CB995A5F700270E383B06, '1.00');
INSERT INTO `sistema_productos` VALUES (0x11E87469CCF7EB669BD600270E383B06, '1529490327', 'ARA33100301', 'ARADOS CAUCHO TIPO C GRIS CLARO', '[\"11E8676EAD11B2E6BDE500270E383B06\",\"11E8671BDA538048BDE500270E383B06\"]', 0x11E7AF8DDC5D706EA5F700270E383B06, 0x11E7AF8DDC5D706EA5F700270E383B06, '1.00');
INSERT INTO `sistema_productos` VALUES (0x11E87469CCFE31259BD600270E383B06, '1529490327', 'ARA33100340', 'ARADOS CAUCHO TIPO C GRIS CLARO', '[\"11E8676EAD11B2E6BDE500270E383B06\",\"11E8671BDA538048BDE500270E383B06\"]', 0x11E7AF8DE9F3C53BA5F700270E383B06, 0x11E7AF8DE9F3C53BA5F700270E383B06, '1.00');
INSERT INTO `sistema_productos` VALUES (0x11E87469CD04A9C59BD600270E383B06, '1529490327', 'ARA33100350', 'ARADOS CAUCHO TIPO C GRIS CLARO', '[\"11E8676EAD11B2E6BDE500270E383B06\",\"11E8671BDA538048BDE500270E383B06\"]', 0x11E7AF8DF65CB995A5F700270E383B06, 0x11E7AF8DF65CB995A5F700270E383B06, '1.00');
INSERT INTO `sistema_productos` VALUES (0x11E87469CD103A2E9BD600270E383B06, '1529490327', 'ARA33100401', 'ARADOS CAUCHO TIPO C BLANCO OSTRA', '[\"11E8676EAD11B2E6BDE500270E383B06\",\"11E8671BDA538048BDE500270E383B06\"]', 0x11E7AF8DDC5D706EA5F700270E383B06, 0x11E7AF8DDC5D706EA5F700270E383B06, '1.00');
INSERT INTO `sistema_productos` VALUES (0x11E87469CD1C2BBA9BD600270E383B06, '1529490327', 'ARA33100440', 'ARADOS CAUCHO TIPO C BLANCO OSTRA', '[\"11E8676EAD11B2E6BDE500270E383B06\",\"11E8671BDA538048BDE500270E383B06\"]', 0x11E7AF8DE9F3C53BA5F700270E383B06, 0x11E7AF8DE9F3C53BA5F700270E383B06, '1.00');
INSERT INTO `sistema_productos` VALUES (0x11E87469CD25C9199BD600270E383B06, '1529490327', 'ARA33100450', 'ARADOS CAUCHO TIPO C BLANCO OSTRA', '[\"11E8676EAD11B2E6BDE500270E383B06\",\"11E8671BDA538048BDE500270E383B06\"]', 0x11E7AF8DF65CB995A5F700270E383B06, 0x11E7AF8DF65CB995A5F700270E383B06, '1.00');
INSERT INTO `sistema_productos` VALUES (0x11E87469CD29826C9BD600270E383B06, '1529490327', 'ARA33100501', 'ARADOS CAUCHO TIPO C MARFIL', '[\"11E8676EAD11B2E6BDE500270E383B06\",\"11E8671BDA538048BDE500270E383B06\"]', 0x11E7AF8DDC5D706EA5F700270E383B06, 0x11E7AF8DDC5D706EA5F700270E383B06, '1.00');
INSERT INTO `sistema_productos` VALUES (0x11E87469CD2F82BD9BD600270E383B06, '1529490327', 'ARA33100540', 'ARADOS CAUCHO TIPO C MARFIL', '[\"11E8676EAD11B2E6BDE500270E383B06\",\"11E8671BDA538048BDE500270E383B06\"]', 0x11E7AF8DE9F3C53BA5F700270E383B06, 0x11E7AF8DE9F3C53BA5F700270E383B06, '1.00');
INSERT INTO `sistema_productos` VALUES (0x11E87469CD33B1BE9BD600270E383B06, '1529490327', 'ARA33100550', 'ARADOS CAUCHO TIPO C MARFIL', '[\"11E8676EAD11B2E6BDE500270E383B06\",\"11E8671BDA538048BDE500270E383B06\"]', 0x11E7AF8DF65CB995A5F700270E383B06, 0x11E7AF8DF65CB995A5F700270E383B06, '1.00');
INSERT INTO `sistema_productos` VALUES (0x11E87469CD39F9E69BD600270E383B06, '1529490327', 'ARA33100601', 'ARADOS CAUCHO TIPO C BEIGE', '[\"11E8676EAD11B2E6BDE500270E383B06\",\"11E8671BDA538048BDE500270E383B06\"]', 0x11E7AF8DDC5D706EA5F700270E383B06, 0x11E7AF8DDC5D706EA5F700270E383B06, '1.00');
INSERT INTO `sistema_productos` VALUES (0x11E87469CD3DA0C19BD600270E383B06, '1529490327', 'ARA33100640', 'ARADOS CAUCHO TIPO C BEIGE', '[\"11E8676EAD11B2E6BDE500270E383B06\",\"11E8671BDA538048BDE500270E383B06\"]', 0x11E7AF8DE9F3C53BA5F700270E383B06, 0x11E7AF8DE9F3C53BA5F700270E383B06, '1.00');
INSERT INTO `sistema_productos` VALUES (0x11E87469CD404E8F9BD600270E383B06, '1529490327', 'ARA33100650', 'ARADOS CAUCHO TIPO C BEIGE', '[\"11E8676EAD11B2E6BDE500270E383B06\",\"11E8671BDA538048BDE500270E383B06\"]', 0x11E7AF8DF65CB995A5F700270E383B06, 0x11E7AF8DF65CB995A5F700270E383B06, '1.00');
INSERT INTO `sistema_productos` VALUES (0x11E87469CD4592399BD600270E383B06, '1529490327', 'ARA33100701', 'ARADOS CAUCHO TIPO C MOSTAZA CLARO', '[\"11E8676EAD11B2E6BDE500270E383B06\",\"11E8671BDA538048BDE500270E383B06\"]', 0x11E7AF8DDC5D706EA5F700270E383B06, 0x11E7AF8DDC5D706EA5F700270E383B06, '1.00');
INSERT INTO `sistema_productos` VALUES (0x11E87469CD4A78319BD600270E383B06, '1529490327', 'ARA33100740', 'ARADOS CAUCHO TIPO C MOSTAZA CLARO', '[\"11E8676EAD11B2E6BDE500270E383B06\",\"11E8671BDA538048BDE500270E383B06\"]', 0x11E7AF8DE9F3C53BA5F700270E383B06, 0x11E7AF8DE9F3C53BA5F700270E383B06, '1.00');
INSERT INTO `sistema_productos` VALUES (0x11E87469CD4E1BCE9BD600270E383B06, '1529490327', 'ARA33100750', 'ARADOS CAUCHO TIPO C MOSTAZA CLARO', '[\"11E8676EAD11B2E6BDE500270E383B06\",\"11E8671BDA538048BDE500270E383B06\"]', 0x11E7AF8DF65CB995A5F700270E383B06, 0x11E7AF8DF65CB995A5F700270E383B06, '1.00');
INSERT INTO `sistema_productos` VALUES (0x11E87469CD50CFE59BD600270E383B06, '1529490328', 'ARA33100801', 'ARADOS CAUCHO TIPO C MOSTAZA OSCURO', '[\"11E8676EAD11B2E6BDE500270E383B06\",\"11E8671BDA538048BDE500270E383B06\"]', 0x11E7AF8DDC5D706EA5F700270E383B06, 0x11E7AF8DDC5D706EA5F700270E383B06, '1.00');
INSERT INTO `sistema_productos` VALUES (0x11E87469CD5471B89BD600270E383B06, '1529490328', 'ARA33100840', 'ARADOS CAUCHO TIPO C MOSTAZA OSCURO', '[\"11E8676EAD11B2E6BDE500270E383B06\",\"11E8671BDA538048BDE500270E383B06\"]', 0x11E7AF8DE9F3C53BA5F700270E383B06, 0x11E7AF8DE9F3C53BA5F700270E383B06, '1.00');
INSERT INTO `sistema_productos` VALUES (0x11E87469CD5729529BD600270E383B06, '1529490328', 'ARA33100850', 'ARADOS CAUCHO TIPO C MOSTAZA OSCURO', '[\"11E8676EAD11B2E6BDE500270E383B06\",\"11E8671BDA538048BDE500270E383B06\"]', 0x11E7AF8DF65CB995A5F700270E383B06, 0x11E7AF8DF65CB995A5F700270E383B06, '1.00');
INSERT INTO `sistema_productos` VALUES (0x11E87469CD5ACBAC9BD600270E383B06, '1529490328', 'ARA33100901', 'ARADOS CAUCHO TIPO C LADRILLO', '[\"11E8676EAD11B2E6BDE500270E383B06\",\"11E8671BDA538048BDE500270E383B06\"]', 0x11E7AF8DDC5D706EA5F700270E383B06, 0x11E7AF8DDC5D706EA5F700270E383B06, '1.00');
INSERT INTO `sistema_productos` VALUES (0x11E87469CD5D88359BD600270E383B06, '1529490328', 'ARA33100940', 'ARADOS CAUCHO TIPO C LADRILLO', '[\"11E8676EAD11B2E6BDE500270E383B06\",\"11E8671BDA538048BDE500270E383B06\"]', 0x11E7AF8DE9F3C53BA5F700270E383B06, 0x11E7AF8DE9F3C53BA5F700270E383B06, '1.00');
INSERT INTO `sistema_productos` VALUES (0x11E87469CD612C469BD600270E383B06, '1529490328', 'ARA33100950', 'ARADOS CAUCHO TIPO C LADRILLO', '[\"11E8676EAD11B2E6BDE500270E383B06\",\"11E8671BDA538048BDE500270E383B06\"]', 0x11E7AF8DF65CB995A5F700270E383B06, 0x11E7AF8DF65CB995A5F700270E383B06, '1.00');
INSERT INTO `sistema_productos` VALUES (0x11E87469CD63E1C79BD600270E383B06, '1529490328', 'ARA33101101', 'ARADOS CAUCHO TIPO C CHOCOLATE', '[\"11E8676EAD11B2E6BDE500270E383B06\",\"11E8671BDA538048BDE500270E383B06\"]', 0x11E7AF8DDC5D706EA5F700270E383B06, 0x11E7AF8DDC5D706EA5F700270E383B06, '1.00');
INSERT INTO `sistema_productos` VALUES (0x11E87469CD67855F9BD600270E383B06, '1529490328', 'ARA33101140', 'ARADOS CAUCHO TIPO C CHOCOLATE', '[\"11E8676EAD11B2E6BDE500270E383B06\",\"11E8671BDA538048BDE500270E383B06\"]', 0x11E7AF8DE9F3C53BA5F700270E383B06, 0x11E7AF8DE9F3C53BA5F700270E383B06, '1.00');
INSERT INTO `sistema_productos` VALUES (0x11E87469CD6A3DE49BD600270E383B06, '1529490328', 'ARA33101150', 'ARADOS CAUCHO TIPO C CHOCOLATE', '[\"11E8676EAD11B2E6BDE500270E383B06\",\"11E8671BDA538048BDE500270E383B06\"]', 0x11E7AF8DF65CB995A5F700270E383B06, 0x11E7AF8DF65CB995A5F700270E383B06, '1.00');
INSERT INTO `sistema_productos` VALUES (0x11E87469CD6DDD1A9BD600270E383B06, '1529490328', 'ARA33101201', 'ARADOS CAUCHO TIPO C CANELA', '[\"11E8676EAD11B2E6BDE500270E383B06\",\"11E8671BDA538048BDE500270E383B06\"]', 0x11E7AF8DDC5D706EA5F700270E383B06, 0x11E7AF8DDC5D706EA5F700270E383B06, '1.00');
INSERT INTO `sistema_productos` VALUES (0x11E87469CD709BEF9BD600270E383B06, '1529490328', 'ARA33101240', 'ARADOS CAUCHO TIPO C CANELA', '[\"11E8676EAD11B2E6BDE500270E383B06\",\"11E8671BDA538048BDE500270E383B06\"]', 0x11E7AF8DE9F3C53BA5F700270E383B06, 0x11E7AF8DE9F3C53BA5F700270E383B06, '1.00');
INSERT INTO `sistema_productos` VALUES (0x11E87469CD743FD09BD600270E383B06, '1529490328', 'ARA33101250', 'ARADOS CAUCHO TIPO C CANELA', '[\"11E8676EAD11B2E6BDE500270E383B06\",\"11E8671BDA538048BDE500270E383B06\"]', 0x11E7AF8DF65CB995A5F700270E383B06, 0x11E7AF8DF65CB995A5F700270E383B06, '1.00');
INSERT INTO `sistema_productos` VALUES (0x11E87469CD76F7649BD600270E383B06, '1529490328', 'ARA33101301', 'ARADOS CAUCHO TIPO C FUCSIA', '[\"11E8676EAD11B2E6BDE500270E383B06\",\"11E8671BDA538048BDE500270E383B06\"]', 0x11E7AF8DDC5D706EA5F700270E383B06, 0x11E7AF8DDC5D706EA5F700270E383B06, '1.00');
INSERT INTO `sistema_productos` VALUES (0x11E87469CD7A9AAC9BD600270E383B06, '1529490328', 'ARA33101340', 'ARADOS CAUCHO TIPO C FUCSIA', '[\"11E8676EAD11B2E6BDE500270E383B06\",\"11E8671BDA538048BDE500270E383B06\"]', 0x11E7AF8DE9F3C53BA5F700270E383B06, 0x11E7AF8DE9F3C53BA5F700270E383B06, '1.00');
INSERT INTO `sistema_productos` VALUES (0x11E87469CD7D53089BD600270E383B06, '1529490328', 'ARA33101350', 'ARADOS CAUCHO TIPO C FUCSIA', '[\"11E8676EAD11B2E6BDE500270E383B06\",\"11E8671BDA538048BDE500270E383B06\"]', 0x11E7AF8DF65CB995A5F700270E383B06, 0x11E7AF8DF65CB995A5F700270E383B06, '1.00');
INSERT INTO `sistema_productos` VALUES (0x11E87469CD80F6B39BD600270E383B06, '1529490328', 'ARA33101401', 'ARADOS CAUCHO TIPO C ROSA CLARO', '[\"11E8676EAD11B2E6BDE500270E383B06\",\"11E8671BDA538048BDE500270E383B06\"]', 0x11E7AF8DDC5D706EA5F700270E383B06, 0x11E7AF8DDC5D706EA5F700270E383B06, '1.00');
INSERT INTO `sistema_productos` VALUES (0x11E87469CD957ED09BD600270E383B06, '1529490328', 'ARA33101440', 'ARADOS CAUCHO TIPO C ROSA CLARO', '[\"11E8676EAD11B2E6BDE500270E383B06\",\"11E8671BDA538048BDE500270E383B06\"]', 0x11E7AF8DE9F3C53BA5F700270E383B06, 0x11E7AF8DE9F3C53BA5F700270E383B06, '1.00');
INSERT INTO `sistema_productos` VALUES (0x11E87469CD9998519BD600270E383B06, '1529490328', 'ARA33101450', 'ARADOS CAUCHO TIPO C ROSA CLARO', '[\"11E8676EAD11B2E6BDE500270E383B06\",\"11E8671BDA538048BDE500270E383B06\"]', 0x11E7AF8DF65CB995A5F700270E383B06, 0x11E7AF8DF65CB995A5F700270E383B06, '1.00');
INSERT INTO `sistema_productos` VALUES (0x11E87469CD9D34199BD600270E383B06, '1529490328', 'ARA33101501', 'ARADOS CAUCHO TIPO C ROSA BEBE', '[\"11E8676EAD11B2E6BDE500270E383B06\",\"11E8671BDA538048BDE500270E383B06\"]', 0x11E7AF8DDC5D706EA5F700270E383B06, 0x11E7AF8DDC5D706EA5F700270E383B06, '1.00');
INSERT INTO `sistema_productos` VALUES (0x11E87469CDA2637F9BD600270E383B06, '1529490328', 'ARA33101540', 'ARADOS CAUCHO TIPO C ROSA BEBE', '[\"11E8676EAD11B2E6BDE500270E383B06\",\"11E8671BDA538048BDE500270E383B06\"]', 0x11E7AF8DE9F3C53BA5F700270E383B06, 0x11E7AF8DE9F3C53BA5F700270E383B06, '1.00');
INSERT INTO `sistema_productos` VALUES (0x11E87469CDAA06879BD600270E383B06, '1529490328', 'ARA33101550', 'ARADOS CAUCHO TIPO C ROSA BEBE', '[\"11E8676EAD11B2E6BDE500270E383B06\",\"11E8671BDA538048BDE500270E383B06\"]', 0x11E7AF8DF65CB995A5F700270E383B06, 0x11E7AF8DF65CB995A5F700270E383B06, '1.00');
INSERT INTO `sistema_productos` VALUES (0x11E87469CDB6C6AE9BD600270E383B06, '1529490328', 'ARA33101601', 'ARADOS CAUCHO TIPO C SALMON', '[\"11E8676EAD11B2E6BDE500270E383B06\",\"11E8671BDA538048BDE500270E383B06\"]', 0x11E7AF8DDC5D706EA5F700270E383B06, 0x11E7AF8DDC5D706EA5F700270E383B06, '1.00');
INSERT INTO `sistema_productos` VALUES (0x11E87469CDBF63F69BD600270E383B06, '1529490328', 'ARA33101640', 'ARADOS CAUCHO TIPO C SALMON', '[\"11E8676EAD11B2E6BDE500270E383B06\",\"11E8671BDA538048BDE500270E383B06\"]', 0x11E7AF8DE9F3C53BA5F700270E383B06, 0x11E7AF8DE9F3C53BA5F700270E383B06, '1.00');
INSERT INTO `sistema_productos` VALUES (0x11E87469CDC316039BD600270E383B06, '1529490328', 'ARA33101650', 'ARADOS CAUCHO TIPO C SALMON', '[\"11E8676EAD11B2E6BDE500270E383B06\",\"11E8671BDA538048BDE500270E383B06\"]', 0x11E7AF8DF65CB995A5F700270E383B06, 0x11E7AF8DF65CB995A5F700270E383B06, '1.00');
INSERT INTO `sistema_productos` VALUES (0x11E87469CDC5BC1A9BD600270E383B06, '1529490328', 'ARA33101701', 'ARADOS CAUCHO TIPO C ALBARICOQUE', '[\"11E8676EAD11B2E6BDE500270E383B06\",\"11E8671BDA538048BDE500270E383B06\"]', 0x11E7AF8DDC5D706EA5F700270E383B06, 0x11E7AF8DDC5D706EA5F700270E383B06, '1.00');
INSERT INTO `sistema_productos` VALUES (0x11E87469CDC96ED09BD600270E383B06, '1529490328', 'ARA33101740', 'ARADOS CAUCHO TIPO C ALBARICOQUE', '[\"11E8676EAD11B2E6BDE500270E383B06\",\"11E8671BDA538048BDE500270E383B06\"]', 0x11E7AF8DE9F3C53BA5F700270E383B06, 0x11E7AF8DE9F3C53BA5F700270E383B06, '1.00');
INSERT INTO `sistema_productos` VALUES (0x11E87469CDCC15EE9BD600270E383B06, '1529490328', 'ARA33101750', 'ARADOS CAUCHO TIPO C ALBARICOQUE', '[\"11E8676EAD11B2E6BDE500270E383B06\",\"11E8671BDA538048BDE500270E383B06\"]', 0x11E7AF8DF65CB995A5F700270E383B06, 0x11E7AF8DF65CB995A5F700270E383B06, '1.00');
INSERT INTO `sistema_productos` VALUES (0x11E87469CDCFD47B9BD600270E383B06, '1529490328', 'ARA33101801', 'ARADOS CAUCHO TIPO C AZUL BEBE', '[\"11E8676EAD11B2E6BDE500270E383B06\",\"11E8671BDA538048BDE500270E383B06\"]', 0x11E7AF8DDC5D706EA5F700270E383B06, 0x11E7AF8DDC5D706EA5F700270E383B06, '1.00');
INSERT INTO `sistema_productos` VALUES (0x11E87469CDD26F0B9BD600270E383B06, '1529490328', 'ARA33101840', 'ARADOS CAUCHO TIPO C AZUL BEBE', '[\"11E8676EAD11B2E6BDE500270E383B06\",\"11E8671BDA538048BDE500270E383B06\"]', 0x11E7AF8DE9F3C53BA5F700270E383B06, 0x11E7AF8DE9F3C53BA5F700270E383B06, '1.00');
INSERT INTO `sistema_productos` VALUES (0x11E87469CDD62A3D9BD600270E383B06, '1529490328', 'ARA33101850', 'ARADOS CAUCHO TIPO C AZUL BEBE', '[\"11E8676EAD11B2E6BDE500270E383B06\",\"11E8671BDA538048BDE500270E383B06\"]', 0x11E7AF8DF65CB995A5F700270E383B06, 0x11E7AF8DF65CB995A5F700270E383B06, '1.00');
INSERT INTO `sistema_productos` VALUES (0x11E87469CDD8D2BB9BD600270E383B06, '1529490328', 'ARA33101901', 'ARADOS CAUCHO TIPO C AZUL CELESTE', '[\"11E8676EAD11B2E6BDE500270E383B06\",\"11E8671BDA538048BDE500270E383B06\"]', 0x11E7AF8DDC5D706EA5F700270E383B06, 0x11E7AF8DDC5D706EA5F700270E383B06, '1.00');
INSERT INTO `sistema_productos` VALUES (0x11E87469CDDC86919BD600270E383B06, '1529490328', 'ARA33101940', 'ARADOS CAUCHO TIPO C AZUL CELESTE', '[\"11E8676EAD11B2E6BDE500270E383B06\",\"11E8671BDA538048BDE500270E383B06\"]', 0x11E7AF8DE9F3C53BA5F700270E383B06, 0x11E7AF8DE9F3C53BA5F700270E383B06, '1.00');
INSERT INTO `sistema_productos` VALUES (0x11E87469CDDF27AC9BD600270E383B06, '1529490328', 'ARA33101950', 'ARADOS CAUCHO TIPO C AZUL CELESTE', '[\"11E8676EAD11B2E6BDE500270E383B06\",\"11E8671BDA538048BDE500270E383B06\"]', 0x11E7AF8DF65CB995A5F700270E383B06, 0x11E7AF8DF65CB995A5F700270E383B06, '1.00');
INSERT INTO `sistema_productos` VALUES (0x11E87469CDE2DEE19BD600270E383B06, '1529490328', 'ARA33102001', 'ARADOS CAUCHO TIPO C VERDE MOHO (OLIVO)', '[\"11E8676EAD11B2E6BDE500270E383B06\",\"11E8671BDA538048BDE500270E383B06\"]', 0x11E7AF8DDC5D706EA5F700270E383B06, 0x11E7AF8DDC5D706EA5F700270E383B06, '1.00');
INSERT INTO `sistema_productos` VALUES (0x11E87469CDE584129BD600270E383B06, '1529490328', 'ARA33102040', 'ARADOS CAUCHO TIPO C VERDE MOHO (OLIVO)', '[\"11E8676EAD11B2E6BDE500270E383B06\",\"11E8671BDA538048BDE500270E383B06\"]', 0x11E7AF8DE9F3C53BA5F700270E383B06, 0x11E7AF8DE9F3C53BA5F700270E383B06, '1.00');
INSERT INTO `sistema_productos` VALUES (0x11E87469CDE93DF79BD600270E383B06, '1529490328', 'ARA33102050', 'ARADOS CAUCHO TIPO C VERDE MOHO (OLIVO)', '[\"11E8676EAD11B2E6BDE500270E383B06\",\"11E8671BDA538048BDE500270E383B06\"]', 0x11E7AF8DF65CB995A5F700270E383B06, 0x11E7AF8DF65CB995A5F700270E383B06, '1.00');
INSERT INTO `sistema_productos` VALUES (0x11E87469CDEBE6AC9BD600270E383B06, '1529490328', 'ARA33102101', 'ARADOS CAUCHO TIPO C VERDE CASCADA', '[\"11E8676EAD11B2E6BDE500270E383B06\",\"11E8671BDA538048BDE500270E383B06\"]', 0x11E7AF8DDC5D706EA5F700270E383B06, 0x11E7AF8DDC5D706EA5F700270E383B06, '1.00');
INSERT INTO `sistema_productos` VALUES (0x11E87469CDEF9D1F9BD600270E383B06, '1529490328', 'ARA33102140', 'ARADOS CAUCHO TIPO C VERDE CASCADA', '[\"11E8676EAD11B2E6BDE500270E383B06\",\"11E8671BDA538048BDE500270E383B06\"]', 0x11E7AF8DE9F3C53BA5F700270E383B06, 0x11E7AF8DE9F3C53BA5F700270E383B06, '1.00');
INSERT INTO `sistema_productos` VALUES (0x11E87469CDF23EED9BD600270E383B06, '1529490329', 'ARA33102150', 'ARADOS CAUCHO TIPO C VERDE CASCADA', '[\"11E8676EAD11B2E6BDE500270E383B06\",\"11E8671BDA538048BDE500270E383B06\"]', 0x11E7AF8DF65CB995A5F700270E383B06, 0x11E7AF8DF65CB995A5F700270E383B06, '1.00');
INSERT INTO `sistema_productos` VALUES (0x11E87469CDF5FDB19BD600270E383B06, '1529490329', 'ARA33102201', 'ARADOS CAUCHO TIPO C VERDE BEBE', '[\"11E8676EAD11B2E6BDE500270E383B06\",\"11E8671BDA538048BDE500270E383B06\"]', 0x11E7AF8DDC5D706EA5F700270E383B06, 0x11E7AF8DDC5D706EA5F700270E383B06, '1.00');
INSERT INTO `sistema_productos` VALUES (0x11E87469CDF899CC9BD600270E383B06, '1529490329', 'ARA33102240', 'ARADOS CAUCHO TIPO C VERDE BEBE', '[\"11E8676EAD11B2E6BDE500270E383B06\",\"11E8671BDA538048BDE500270E383B06\"]', 0x11E7AF8DE9F3C53BA5F700270E383B06, 0x11E7AF8DE9F3C53BA5F700270E383B06, '1.00');
INSERT INTO `sistema_productos` VALUES (0x11E87469CDFF0CBD9BD600270E383B06, '1529490329', 'ARA33102250', 'ARADOS CAUCHO TIPO C VERDE BEBE', '[\"11E8676EAD11B2E6BDE500270E383B06\",\"11E8671BDA538048BDE500270E383B06\"]', 0x11E7AF8DF65CB995A5F700270E383B06, 0x11E7AF8DF65CB995A5F700270E383B06, '1.00');
INSERT INTO `sistema_productos` VALUES (0x11E87469CE055E4C9BD600270E383B06, '1529490329', 'ARA23100150', 'ARADOS CAUCHO TIPO B BLANCO', '[\"11E8676EAD11B2E6BDE500270E383B06\",\"11E8671BDA538048BDE500270E383B06\"]', 0x11E7AF8DF65CB995A5F700270E383B06, 0x11E7AF8DF65CB995A5F700270E383B06, '1.00');
INSERT INTO `sistema_productos` VALUES (0x11E87469CE090EAD9BD600270E383B06, '1529490329', 'ARA23100301', 'ARADOS CAUCHO TIPO B GRIS CLARO', '[\"11E8676EAD11B2E6BDE500270E383B06\",\"11E8671BDA538048BDE500270E383B06\"]', 0x11E7AF8DDC5D706EA5F700270E383B06, 0x11E7AF8DDC5D706EA5F700270E383B06, '1.00');
INSERT INTO `sistema_productos` VALUES (0x11E87469CE10BEE89BD600270E383B06, '1529490329', 'ARA23100340', 'ARADOS CAUCHO TIPO B GRIS CLARO', '[\"11E8676EAD11B2E6BDE500270E383B06\",\"11E8671BDA538048BDE500270E383B06\"]', 0x11E7AF8DE9F3C53BA5F700270E383B06, 0x11E7AF8DE9F3C53BA5F700270E383B06, '1.00');
INSERT INTO `sistema_productos` VALUES (0x11E87469CE14AD669BD600270E383B06, '1529490329', 'ARA23100350', 'ARADOS CAUCHO TIPO B GRIS CLARO', '[\"11E8676EAD11B2E6BDE500270E383B06\",\"11E8671BDA538048BDE500270E383B06\"]', 0x11E7AF8DF65CB995A5F700270E383B06, 0x11E7AF8DF65CB995A5F700270E383B06, '1.00');
INSERT INTO `sistema_productos` VALUES (0x11E87469CE184D7B9BD600270E383B06, '1529490329', 'ARA23100401', 'ARADOS CAUCHO TIPO B BLANCO OSTRA', '[\"11E8676EAD11B2E6BDE500270E383B06\",\"11E8671BDA538048BDE500270E383B06\"]', 0x11E7AF8DDC5D706EA5F700270E383B06, 0x11E7AF8DDC5D706EA5F700270E383B06, '1.00');
INSERT INTO `sistema_productos` VALUES (0x11E87469CE1B0AEA9BD600270E383B06, '1529490329', 'ARA23100440', 'ARADOS CAUCHO TIPO B BLANCO OSTRA', '[\"11E8676EAD11B2E6BDE500270E383B06\",\"11E8671BDA538048BDE500270E383B06\"]', 0x11E7AF8DE9F3C53BA5F700270E383B06, 0x11E7AF8DE9F3C53BA5F700270E383B06, '1.00');
INSERT INTO `sistema_productos` VALUES (0x11E87469CE1EA5029BD600270E383B06, '1529490329', 'ARA23100450', 'ARADOS CAUCHO TIPO B BLANCO OSTRA', '[\"11E8676EAD11B2E6BDE500270E383B06\",\"11E8671BDA538048BDE500270E383B06\"]', 0x11E7AF8DF65CB995A5F700270E383B06, 0x11E7AF8DF65CB995A5F700270E383B06, '1.00');
INSERT INTO `sistema_productos` VALUES (0x11E87469CE21664C9BD600270E383B06, '1529490329', 'ARA23100501', 'ARADOS CAUCHO TIPO B MARFIL', '[\"11E8676EAD11B2E6BDE500270E383B06\",\"11E8671BDA538048BDE500270E383B06\"]', 0x11E7AF8DDC5D706EA5F700270E383B06, 0x11E7AF8DDC5D706EA5F700270E383B06, '1.00');
INSERT INTO `sistema_productos` VALUES (0x11E87469CE2502119BD600270E383B06, '1529490329', 'ARA23100540', 'ARADOS CAUCHO TIPO B MARFIL', '[\"11E8676EAD11B2E6BDE500270E383B06\",\"11E8671BDA538048BDE500270E383B06\"]', 0x11E7AF8DE9F3C53BA5F700270E383B06, 0x11E7AF8DE9F3C53BA5F700270E383B06, '1.00');
INSERT INTO `sistema_productos` VALUES (0x11E87469CE27BF669BD600270E383B06, '1529490329', 'ARA23100550', 'ARADOS CAUCHO TIPO B MARFIL', '[\"11E8676EAD11B2E6BDE500270E383B06\",\"11E8671BDA538048BDE500270E383B06\"]', 0x11E7AF8DF65CB995A5F700270E383B06, 0x11E7AF8DF65CB995A5F700270E383B06, '1.00');
INSERT INTO `sistema_productos` VALUES (0x11E87469CE2B60619BD600270E383B06, '1529490329', 'CRN001', 'CARBONATO CALCIO Nigta 1', '[\"11E8676EAD11B2E6BDE500270E383B06\",\"11E8671BDA538048BDE500270E383B06\"]', 0x11E7AF8A08F0A02CA5F700270E383B06, 0x11E7AF8A08F0A02CA5F700270E383B06, '1.00');
INSERT INTO `sistema_productos` VALUES (0x11E87469CE2E1F839BD600270E383B06, '1529490329', 'MTI001', 'DIOXIDO TITANIO CINKARNA 823', '[\"11E8676EAD11B2E6BDE500270E383B06\",\"11E8671BDA538048BDE500270E383B06\"]', 0x11E7AF8A08F0A02CA5F700270E383B06, 0x11E7AF8A08F0A02CA5F700270E383B06, '1.00');
INSERT INTO `sistema_productos` VALUES (0x11E87469CE3476A09BD600270E383B06, '1529490329', 'MCRL001', 'CARBONATO CALCIO LARA', '[\"11E8676EAD11B2E6BDE500270E383B06\",\"11E8671BDA538048BDE500270E383B06\"]', 0x11E7AF8A08F0A02CA5F700270E383B06, 0x11E7AF8A08F0A02CA5F700270E383B06, '1.00');
INSERT INTO `sistema_productos` VALUES (0x11E87469CE3815A69BD600270E383B06, '1529490329', 'ARA23100601', 'ARADOS CAUCHO TIPO B BEIGE', '[\"11E8676EAD11B2E6BDE500270E383B06\",\"11E8671BDA538048BDE500270E383B06\"]', 0x11E7AF8DDC5D706EA5F700270E383B06, 0x11E7AF8DDC5D706EA5F700270E383B06, '1.00');
INSERT INTO `sistema_productos` VALUES (0x11E87469CE3AD58E9BD600270E383B06, '1529490329', 'ARA23100640', 'ARADOS CAUCHO TIPO B BEIGE', '[\"11E8676EAD11B2E6BDE500270E383B06\",\"11E8671BDA538048BDE500270E383B06\"]', 0x11E7AF8DE9F3C53BA5F700270E383B06, 0x11E7AF8DE9F3C53BA5F700270E383B06, '1.00');
INSERT INTO `sistema_productos` VALUES (0x11E87469CE3E73C39BD600270E383B06, '1529490329', 'ARA23100650', 'ARADOS CAUCHO TIPO B BEIGE', '[\"11E8676EAD11B2E6BDE500270E383B06\",\"11E8671BDA538048BDE500270E383B06\"]', 0x11E7AF8DF65CB995A5F700270E383B06, 0x11E7AF8DF65CB995A5F700270E383B06, '1.00');
INSERT INTO `sistema_productos` VALUES (0x11E87469CE4550939BD600270E383B06, '1529490329', 'ARA23100701', 'ARADOS CAUCHO TIPO B MOSTAZA CLARO', '[\"11E8676EAD11B2E6BDE500270E383B06\",\"11E8671BDA538048BDE500270E383B06\"]', 0x11E7AF8DDC5D706EA5F700270E383B06, 0x11E7AF8DDC5D706EA5F700270E383B06, '1.00');
INSERT INTO `sistema_productos` VALUES (0x11E87469CE4F199D9BD600270E383B06, '1529490329', 'ARA23100740', 'ARADOS CAUCHO TIPO B MOSTAZA CLARO', '[\"11E8676EAD11B2E6BDE500270E383B06\",\"11E8671BDA538048BDE500270E383B06\"]', 0x11E7AF8DE9F3C53BA5F700270E383B06, 0x11E7AF8DE9F3C53BA5F700270E383B06, '1.00');
INSERT INTO `sistema_productos` VALUES (0x11E87469CE52C9CB9BD600270E383B06, '1529490329', 'ARA23100801', 'ARADOS CAUCHO TIPO B MOSTAZA OSCURO', '[\"11E8676EAD11B2E6BDE500270E383B06\",\"11E8671BDA538048BDE500270E383B06\"]', 0x11E7AF8DDC5D706EA5F700270E383B06, 0x11E7AF8DDC5D706EA5F700270E383B06, '1.00');
INSERT INTO `sistema_productos` VALUES (0x11E87469CE5573579BD600270E383B06, '1529490329', 'ARA23100750', 'ARADOS CAUCHO TIPO B MOSTAZA CLARO', '[\"11E8676EAD11B2E6BDE500270E383B06\",\"11E8671BDA538048BDE500270E383B06\"]', 0x11E7AF8DF65CB995A5F700270E383B06, 0x11E7AF8DF65CB995A5F700270E383B06, '1.00');
INSERT INTO `sistema_productos` VALUES (0x11E87469CE5925689BD600270E383B06, '1529490329', 'ARA23100840', 'ARADOS CAUCHO TIPO B MOSTAZA OSCURO', '[\"11E8676EAD11B2E6BDE500270E383B06\",\"11E8671BDA538048BDE500270E383B06\"]', 0x11E7AF8DE9F3C53BA5F700270E383B06, 0x11E7AF8DE9F3C53BA5F700270E383B06, '1.00');
INSERT INTO `sistema_productos` VALUES (0x11E87469CE5BCD369BD600270E383B06, '1529490329', 'ARA23100850', 'ARADOS CAUCHO TIPO B MOSTAZA OSCURO', '[\"11E8676EAD11B2E6BDE500270E383B06\",\"11E8671BDA538048BDE500270E383B06\"]', 0x11E7AF8DF65CB995A5F700270E383B06, 0x11E7AF8DF65CB995A5F700270E383B06, '1.00');
INSERT INTO `sistema_productos` VALUES (0x11E87469CE5F82F39BD600270E383B06, '1529490329', 'ARA23100901', 'ARADOS CAUCHO TIPO B LADRILLO', '[\"11E8676EAD11B2E6BDE500270E383B06\",\"11E8671BDA538048BDE500270E383B06\"]', 0x11E7AF8DDC5D706EA5F700270E383B06, 0x11E7AF8DDC5D706EA5F700270E383B06, '1.00');
INSERT INTO `sistema_productos` VALUES (0x11E87469CE622BB29BD600270E383B06, '1529490329', 'ARA23100940', 'ARADOS CAUCHO TIPO B LADRILLO', '[\"11E8676EAD11B2E6BDE500270E383B06\",\"11E8671BDA538048BDE500270E383B06\"]', 0x11E7AF8DE9F3C53BA5F700270E383B06, 0x11E7AF8DE9F3C53BA5F700270E383B06, '1.00');
INSERT INTO `sistema_productos` VALUES (0x11E87469CE65DF529BD600270E383B06, '1529490329', 'ARA23100950', 'ARADOS CAUCHO TIPO B LADRILLO', '[\"11E8676EAD11B2E6BDE500270E383B06\",\"11E8671BDA538048BDE500270E383B06\"]', 0x11E7AF8DF65CB995A5F700270E383B06, 0x11E7AF8DF65CB995A5F700270E383B06, '1.00');
INSERT INTO `sistema_productos` VALUES (0x11E87469CE688ED79BD600270E383B06, '1529490329', 'ARA23102401', 'ARADOS CAUCHO TIPO B VINO', '[\"11E8676EAD11B2E6BDE500270E383B06\",\"11E8671BDA538048BDE500270E383B06\"]', 0x11E7AF8DDC5D706EA5F700270E383B06, 0x11E7AF8DDC5D706EA5F700270E383B06, '1.00');
INSERT INTO `sistema_productos` VALUES (0x11E87469CE6C4DC79BD600270E383B06, '1529490330', 'ARA23102440', 'ARADOS CAUCHO TIPO B VINO', '[\"11E8676EAD11B2E6BDE500270E383B06\",\"11E8671BDA538048BDE500270E383B06\"]', 0x11E7AF8DE9F3C53BA5F700270E383B06, 0x11E7AF8DE9F3C53BA5F700270E383B06, '1.00');
INSERT INTO `sistema_productos` VALUES (0x11E87469CE71A7419BD600270E383B06, '1529490330', 'ARA23102450', 'ARADOS CAUCHO TIPO B VINO', '[\"11E8676EAD11B2E6BDE500270E383B06\",\"11E8671BDA538048BDE500270E383B06\"]', 0x11E7AF8DF65CB995A5F700270E383B06, 0x11E7AF8DF65CB995A5F700270E383B06, '1.00');
INSERT INTO `sistema_productos` VALUES (0x11E87469CE7558919BD600270E383B06, '1529490330', 'ARA23101301', 'ARADOS CAUCHO TIPO B FUCSIA', '[\"11E8676EAD11B2E6BDE500270E383B06\",\"11E8671BDA538048BDE500270E383B06\"]', 0x11E7AF8DDC5D706EA5F700270E383B06, 0x11E7AF8DDC5D706EA5F700270E383B06, '1.00');
INSERT INTO `sistema_productos` VALUES (0x11E87469CE7905939BD600270E383B06, '1529490330', 'ARA23101340', 'ARADOS CAUCHO TIPO B FUCSIA', '[\"11E8676EAD11B2E6BDE500270E383B06\",\"11E8671BDA538048BDE500270E383B06\"]', 0x11E7AF8DE9F3C53BA5F700270E383B06, 0x11E7AF8DE9F3C53BA5F700270E383B06, '1.00');
INSERT INTO `sistema_productos` VALUES (0x11E87469CE7BAF949BD600270E383B06, '1529490330', 'ARA23101350', 'ARADOS CAUCHO TIPO B FUCSIA', '[\"11E8676EAD11B2E6BDE500270E383B06\",\"11E8671BDA538048BDE500270E383B06\"]', 0x11E7AF8DF65CB995A5F700270E383B06, 0x11E7AF8DF65CB995A5F700270E383B06, '1.00');
INSERT INTO `sistema_productos` VALUES (0x11E87469CE7F4F3F9BD600270E383B06, '1529490330', 'ARA23102501', 'ARADOS CAUCHO TIPO B VERDE MANZANA', '[\"11E8676EAD11B2E6BDE500270E383B06\",\"11E8671BDA538048BDE500270E383B06\"]', 0x11E7AF8DDC5D706EA5F700270E383B06, 0x11E7AF8DDC5D706EA5F700270E383B06, '1.00');
INSERT INTO `sistema_productos` VALUES (0x11E87469CE820BF79BD600270E383B06, '1529490330', 'ARA23102540', 'ARADOS CAUCHO TIPO B VERDE MANZANA', '[\"11E8676EAD11B2E6BDE500270E383B06\",\"11E8671BDA538048BDE500270E383B06\"]', 0x11E7AF8DE9F3C53BA5F700270E383B06, 0x11E7AF8DE9F3C53BA5F700270E383B06, '1.00');
INSERT INTO `sistema_productos` VALUES (0x11E87469CE85A8639BD600270E383B06, '1529490330', 'ARA23102550', 'ARADOS CAUCHO TIPO B VERDE MANZANA', '[\"11E8676EAD11B2E6BDE500270E383B06\",\"11E8671BDA538048BDE500270E383B06\"]', 0x11E7AF8DF65CB995A5F700270E383B06, 0x11E7AF8DF65CB995A5F700270E383B06, '1.00');
INSERT INTO `sistema_productos` VALUES (0x11E87469CE886BC39BD600270E383B06, '1529490330', 'ARA23101401', 'ARADOS CAUCHO TIPO B ROSA CLARO', '[\"11E8676EAD11B2E6BDE500270E383B06\",\"11E8671BDA538048BDE500270E383B06\"]', 0x11E7AF8DDC5D706EA5F700270E383B06, 0x11E7AF8DDC5D706EA5F700270E383B06, '1.00');
INSERT INTO `sistema_productos` VALUES (0x11E87469CE8C051E9BD600270E383B06, '1529490330', 'ARA23101440', 'ARADOS CAUCHO TIPO B ROSA CLARO', '[\"11E8676EAD11B2E6BDE500270E383B06\",\"11E8671BDA538048BDE500270E383B06\"]', 0x11E7AF8DE9F3C53BA5F700270E383B06, 0x11E7AF8DE9F3C53BA5F700270E383B06, '1.00');
INSERT INTO `sistema_productos` VALUES (0x11E87469CE917DEC9BD600270E383B06, '1529490330', 'ARA23101450', 'ARADOS CAUCHO TIPO B ROSA CLARO', '[\"11E8676EAD11B2E6BDE500270E383B06\",\"11E8671BDA538048BDE500270E383B06\"]', 0x11E7AF8DF65CB995A5F700270E383B06, 0x11E7AF8DF65CB995A5F700270E383B06, '1.00');
INSERT INTO `sistema_productos` VALUES (0x11E87469CE965FF79BD600270E383B06, '1529490330', 'ARA23101501', 'ARADOS CAUCHO TIPO B ROSA BEBE', '[\"11E8676EAD11B2E6BDE500270E383B06\",\"11E8671BDA538048BDE500270E383B06\"]', 0x11E7AF8DDC5D706EA5F700270E383B06, 0x11E7AF8DDC5D706EA5F700270E383B06, '1.00');
INSERT INTO `sistema_productos` VALUES (0x11E87469CE9CD0B89BD600270E383B06, '1529490330', 'ARA23101540', 'ARADOS CAUCHO TIPO B ROSA BEBE', '[\"11E8676EAD11B2E6BDE500270E383B06\",\"11E8671BDA538048BDE500270E383B06\"]', 0x11E7AF8DE9F3C53BA5F700270E383B06, 0x11E7AF8DE9F3C53BA5F700270E383B06, '1.00');
INSERT INTO `sistema_productos` VALUES (0x11E87469CEA319439BD600270E383B06, '1529490330', 'ARA23101550', 'ARADOS CAUCHO TIPO B ROSA BEBE', '[\"11E8676EAD11B2E6BDE500270E383B06\",\"11E8671BDA538048BDE500270E383B06\"]', 0x11E7AF8DF65CB995A5F700270E383B06, 0x11E7AF8DF65CB995A5F700270E383B06, '1.00');
INSERT INTO `sistema_productos` VALUES (0x11E87469CEA84A889BD600270E383B06, '1529490330', 'ARA23101601', 'ARADOS CAUCHO TIPO B SALMON', '[\"11E8676EAD11B2E6BDE500270E383B06\",\"11E8671BDA538048BDE500270E383B06\"]', 0x11E7AF8DDC5D706EA5F700270E383B06, 0x11E7AF8DDC5D706EA5F700270E383B06, '1.00');
INSERT INTO `sistema_productos` VALUES (0x11E87469CEABE44C9BD600270E383B06, '1529490330', 'ARA23101640', 'ARADOS CAUCHO TIPO B SALMON', '[\"11E8676EAD11B2E6BDE500270E383B06\",\"11E8671BDA538048BDE500270E383B06\"]', 0x11E7AF8DE9F3C53BA5F700270E383B06, 0x11E7AF8DE9F3C53BA5F700270E383B06, '1.00');
INSERT INTO `sistema_productos` VALUES (0x11E87469CEB26FAB9BD600270E383B06, '1529490330', 'ARA23101650', 'ARADOS CAUCHO TIPO B SALMON', '[\"11E8676EAD11B2E6BDE500270E383B06\",\"11E8671BDA538048BDE500270E383B06\"]', 0x11E7AF8DF65CB995A5F700270E383B06, 0x11E7AF8DF65CB995A5F700270E383B06, '1.00');
INSERT INTO `sistema_productos` VALUES (0x11E87469CEB76CBC9BD600270E383B06, '1529490330', 'ARA23101701', 'ARADOS CAUCHO TIPO B ALBARICOQUE', '[\"11E8676EAD11B2E6BDE500270E383B06\",\"11E8671BDA538048BDE500270E383B06\"]', 0x11E7AF8DDC5D706EA5F700270E383B06, 0x11E7AF8DDC5D706EA5F700270E383B06, '1.00');
INSERT INTO `sistema_productos` VALUES (0x11E87469CEBDE5AD9BD600270E383B06, '1529490330', 'ARA23101740', 'ARADOS CAUCHO TIPO B ALBARICOQUE', '[\"11E8676EAD11B2E6BDE500270E383B06\",\"11E8671BDA538048BDE500270E383B06\"]', 0x11E7AF8DE9F3C53BA5F700270E383B06, 0x11E7AF8DE9F3C53BA5F700270E383B06, '1.00');
INSERT INTO `sistema_productos` VALUES (0x11E87469CEC422189BD600270E383B06, '1529490330', 'ARA23101750', 'ARADOS CAUCHO TIPO B ALBARICOQUE', '[\"11E8676EAD11B2E6BDE500270E383B06\",\"11E8671BDA538048BDE500270E383B06\"]', 0x11E7AF8DF65CB995A5F700270E383B06, 0x11E7AF8DF65CB995A5F700270E383B06, '1.00');
INSERT INTO `sistema_productos` VALUES (0x11E87469CEC94DA29BD600270E383B06, '1529490330', 'ARA23101801', 'ARADOS CAUCHO TIPO B AZUL BEBE', '[\"11E8676EAD11B2E6BDE500270E383B06\",\"11E8671BDA538048BDE500270E383B06\"]', 0x11E7AF8DDC5D706EA5F700270E383B06, 0x11E7AF8DDC5D706EA5F700270E383B06, '1.00');
INSERT INTO `sistema_productos` VALUES (0x11E87469CECE301A9BD600270E383B06, '1529490330', 'ARA23101840', 'ARADOS CAUCHO TIPO B AZUL BEBE', '[\"11E8676EAD11B2E6BDE500270E383B06\",\"11E8671BDA538048BDE500270E383B06\"]', 0x11E7AF8DE9F3C53BA5F700270E383B06, 0x11E7AF8DE9F3C53BA5F700270E383B06, '1.00');
INSERT INTO `sistema_productos` VALUES (0x11E87469CED0EAEB9BD600270E383B06, '1529490330', 'ARA23101850', 'ARADOS CAUCHO TIPO B AZUL BEBE', '[\"11E8676EAD11B2E6BDE500270E383B06\",\"11E8671BDA538048BDE500270E383B06\"]', 0x11E7AF8DF65CB995A5F700270E383B06, 0x11E7AF8DF65CB995A5F700270E383B06, '1.00');
INSERT INTO `sistema_productos` VALUES (0x11E87469CED482849BD600270E383B06, '1529490330', 'ARA23101001', 'ARADOS CAUCHO TIPO B SAHARA', '[\"11E8676EAD11B2E6BDE500270E383B06\",\"11E8671BDA538048BDE500270E383B06\"]', 0x11E7AF8DDC5D706EA5F700270E383B06, 0x11E7AF8DDC5D706EA5F700270E383B06, '1.00');
INSERT INTO `sistema_productos` VALUES (0x11E87469CED740649BD600270E383B06, '1529490330', 'ARA23101040', 'ARADOS CAUCHO TIPO B SAHARA', '[\"11E8676EAD11B2E6BDE500270E383B06\",\"11E8671BDA538048BDE500270E383B06\"]', 0x11E7AF8DE9F3C53BA5F700270E383B06, 0x11E7AF8DE9F3C53BA5F700270E383B06, '1.00');
INSERT INTO `sistema_productos` VALUES (0x11E87469CEDB67279BD600270E383B06, '1529490330', 'ARA23101050', 'ARADOS CAUCHO TIPO B SAHARA', '[\"11E8676EAD11B2E6BDE500270E383B06\",\"11E8671BDA538048BDE500270E383B06\"]', 0x11E7AF8DF65CB995A5F700270E383B06, 0x11E7AF8DF65CB995A5F700270E383B06, '1.00');
INSERT INTO `sistema_productos` VALUES (0x11E87469CEE8DA469BD600270E383B06, '1529490330', 'ARA23101901', 'ARADOS CAUCHO TIPO B AZUL CELESTE', '[\"11E8676EAD11B2E6BDE500270E383B06\",\"11E8671BDA538048BDE500270E383B06\"]', 0x11E7AF8DDC5D706EA5F700270E383B06, 0x11E7AF8DDC5D706EA5F700270E383B06, '1.00');
INSERT INTO `sistema_productos` VALUES (0x11E87469CEF46FF89BD600270E383B06, '1529490330', 'ARA23101940', 'ARADOS CAUCHO TIPO B AZUL CELESTE', '[\"11E8676EAD11B2E6BDE500270E383B06\",\"11E8671BDA538048BDE500270E383B06\"]', 0x11E7AF8DE9F3C53BA5F700270E383B06, 0x11E7AF8DE9F3C53BA5F700270E383B06, '1.00');
INSERT INTO `sistema_productos` VALUES (0x11E87469CF0597879BD600270E383B06, '1529490330', 'ARA23101950', 'ARADOS CAUCHO TIPO B AZUL CELESTE', '[\"11E8676EAD11B2E6BDE500270E383B06\",\"11E8671BDA538048BDE500270E383B06\"]', 0x11E7AF8DF65CB995A5F700270E383B06, 0x11E7AF8DF65CB995A5F700270E383B06, '1.00');
INSERT INTO `sistema_productos` VALUES (0x11E87469CF0A1AC99BD600270E383B06, '1529490330', 'ARA23102001', 'ARADOS CAUCHO TIPO B VERDE MOHO (OLIVO)', '[\"11E8676EAD11B2E6BDE500270E383B06\",\"11E8671BDA538048BDE500270E383B06\"]', 0x11E7AF8DDC5D706EA5F700270E383B06, 0x11E7AF8DDC5D706EA5F700270E383B06, '1.00');
INSERT INTO `sistema_productos` VALUES (0x11E87469CF0F1BAB9BD600270E383B06, '1529490330', 'ARA23102040', 'ARADOS CAUCHO TIPO B VERDE MOHO (OLIVO)', '[\"11E8676EAD11B2E6BDE500270E383B06\",\"11E8671BDA538048BDE500270E383B06\"]', 0x11E7AF8DE9F3C53BA5F700270E383B06, 0x11E7AF8DE9F3C53BA5F700270E383B06, '1.00');
INSERT INTO `sistema_productos` VALUES (0x11E87469CF12E4949BD600270E383B06, '1529490330', 'ARA23102050', 'ARADOS CAUCHO TIPO B VERDE MOHO (OLIVO)', '[\"11E8676EAD11B2E6BDE500270E383B06\",\"11E8671BDA538048BDE500270E383B06\"]', 0x11E7AF8DF65CB995A5F700270E383B06, 0x11E7AF8DF65CB995A5F700270E383B06, '1.00');
INSERT INTO `sistema_productos` VALUES (0x11E87469CF15713D9BD600270E383B06, '1529490330', 'ARA23102101', 'ARADOS CAUCHO TIPO B VERDE CASCADA', '[\"11E8676EAD11B2E6BDE500270E383B06\",\"11E8671BDA538048BDE500270E383B06\"]', 0x11E7AF8DDC5D706EA5F700270E383B06, 0x11E7AF8DDC5D706EA5F700270E383B06, '1.00');
INSERT INTO `sistema_productos` VALUES (0x11E87469CF193DDD9BD600270E383B06, '1529490330', 'ARA23102140', 'ARADOS CAUCHO TIPO B VERDE CASCADA', '[\"11E8676EAD11B2E6BDE500270E383B06\",\"11E8671BDA538048BDE500270E383B06\"]', 0x11E7AF8DE9F3C53BA5F700270E383B06, 0x11E7AF8DE9F3C53BA5F700270E383B06, '1.00');
INSERT INTO `sistema_productos` VALUES (0x11E87469CF1BD66D9BD600270E383B06, '1529490330', 'ARA23102150', 'ARADOS CAUCHO TIPO B VERDE CASCADA', '[\"11E8676EAD11B2E6BDE500270E383B06\",\"11E8671BDA538048BDE500270E383B06\"]', 0x11E7AF8DF65CB995A5F700270E383B06, 0x11E7AF8DF65CB995A5F700270E383B06, '1.00');
INSERT INTO `sistema_productos` VALUES (0x11E87469CF224C4F9BD600270E383B06, '1529490330', 'ARA23102201', 'ARADOS CAUCHO TIPO B VERDE BEBE', '[\"11E8676EAD11B2E6BDE500270E383B06\",\"11E8671BDA538048BDE500270E383B06\"]', 0x11E7AF8DDC5D706EA5F700270E383B06, 0x11E7AF8DDC5D706EA5F700270E383B06, '1.00');
INSERT INTO `sistema_productos` VALUES (0x11E87469CF25E23C9BD600270E383B06, '1529490330', 'ARA23102240', 'ARADOS CAUCHO TIPO B VERDE BEBE', '[\"11E8676EAD11B2E6BDE500270E383B06\",\"11E8671BDA538048BDE500270E383B06\"]', 0x11E7AF8DE9F3C53BA5F700270E383B06, 0x11E7AF8DE9F3C53BA5F700270E383B06, '1.00');
INSERT INTO `sistema_productos` VALUES (0x11E87469CF2891D69BD600270E383B06, '1529490330', 'ARA23102250', 'ARADOS CAUCHO TIPO B VERDE BEBE', '[\"11E8676EAD11B2E6BDE500270E383B06\",\"11E8671BDA538048BDE500270E383B06\"]', 0x11E7AF8DF65CB995A5F700270E383B06, 0x11E7AF8DF65CB995A5F700270E383B06, '1.00');
INSERT INTO `sistema_productos` VALUES (0x11E87469CF2C3FF29BD600270E383B06, '1529490330', 'ARA23102301', 'ARADOS CAUCHO TIPO B LILA', '[\"11E8676EAD11B2E6BDE500270E383B06\",\"11E8671BDA538048BDE500270E383B06\"]', 0x11E7AF8DDC5D706EA5F700270E383B06, 0x11E7AF8DDC5D706EA5F700270E383B06, '1.00');
INSERT INTO `sistema_productos` VALUES (0x11E87469CF2EEDB29BD600270E383B06, '1529490330', 'ARA231023', 'ARADOS CAUCHO TIPO B LILA', '[\"11E8676EAD11B2E6BDE500270E383B06\",\"11E8671BDA538048BDE500270E383B06\"]', 0x11E7AF8DE9F3C53BA5F700270E383B06, 0x11E7AF8DE9F3C53BA5F700270E383B06, '1.00');
INSERT INTO `sistema_productos` VALUES (0x11E87469CF3157929BD600270E383B06, '1529490330', 'ARA23102350', 'ARADOS CAUCHO TIPO B LILA', '[\"11E8676EAD11B2E6BDE500270E383B06\",\"11E8671BDA538048BDE500270E383B06\"]', 0x11E7AF8DF65CB995A5F700270E383B06, 0x11E7AF8DF65CB995A5F700270E383B06, '1.00');
INSERT INTO `sistema_productos` VALUES (0x11E87469CF3405059BD600270E383B06, '1529490330', 'ARA23101101', 'ARADOS CAUCHO TIPO B CHOCOLATE', '[\"11E8676EAD11B2E6BDE500270E383B06\",\"11E8671BDA538048BDE500270E383B06\"]', 0x11E7AF8DDC5D706EA5F700270E383B06, 0x11E7AF8DDC5D706EA5F700270E383B06, '1.00');
INSERT INTO `sistema_productos` VALUES (0x11E87469CF366F669BD600270E383B06, '1529490330', 'ARA23101140', 'ARADOS CAUCHO TIPO B CHOCOLATE', '[\"11E8676EAD11B2E6BDE500270E383B06\",\"11E8671BDA538048BDE500270E383B06\"]', 0x11E7AF8DE9F3C53BA5F700270E383B06, 0x11E7AF8DE9F3C53BA5F700270E383B06, '1.00');
INSERT INTO `sistema_productos` VALUES (0x11E87469CF391E2C9BD600270E383B06, '1529490331', 'ARA23101150', 'ARADOS CAUCHO TIPO B CHOCOLATE', '[\"11E8676EAD11B2E6BDE500270E383B06\",\"11E8671BDA538048BDE500270E383B06\"]', 0x11E7AF8DF65CB995A5F700270E383B06, 0x11E7AF8DF65CB995A5F700270E383B06, '1.00');
INSERT INTO `sistema_productos` VALUES (0x11E87469CF3B96A69BD600270E383B06, '1529490331', 'ARA23101201', 'ARADOS CAUCHO TIPO B CHOCOLATE', '[\"11E8676EAD11B2E6BDE500270E383B06\",\"11E8671BDA538048BDE500270E383B06\"]', 0x11E7AF8DDC5D706EA5F700270E383B06, 0x11E7AF8DDC5D706EA5F700270E383B06, '1.00');
INSERT INTO `sistema_productos` VALUES (0x11E87469CF40EBF29BD600270E383B06, '1529490331', 'ARA23101240', 'ARADOS CAUCHO TIPO B CANELA', '[\"11E8676EAD11B2E6BDE500270E383B06\",\"11E8671BDA538048BDE500270E383B06\"]', 0x11E7AF8DE9F3C53BA5F700270E383B06, 0x11E7AF8DE9F3C53BA5F700270E383B06, '1.00');
INSERT INTO `sistema_productos` VALUES (0x11E87469CF4478039BD600270E383B06, '1529490331', 'ARA23101250', 'ARADOS CAUCHO TIPO B CANELA', '[\"11E8676EAD11B2E6BDE500270E383B06\",\"11E8671BDA538048BDE500270E383B06\"]', 0x11E7AF8DF65CB995A5F700270E383B06, 0x11E7AF8DF65CB995A5F700270E383B06, '1.00');
INSERT INTO `sistema_productos` VALUES (0x11E87469CF483CDD9BD600270E383B06, '1529490331', 'ARA23101201', 'ARADOS CAUCHO TIPO B CANELA', '[\"11E8676EAD11B2E6BDE500270E383B06\",\"11E8671BDA538048BDE500270E383B06\"]', 0x11E7AF8DDC5D706EA5F700270E383B06, 0x11E7AF8DDC5D706EA5F700270E383B06, '1.00');
INSERT INTO `sistema_productos` VALUES (0x11E87469CF4AD5C59BD600270E383B06, '1529490331', 'VER13100140', 'VERONA CAUCHO EXTERIOR BLANCO', '[\"11E8676EAD11B2E6BDE500270E383B06\",\"11E8671BDA538048BDE500270E383B06\"]', 0x11E7AF8DE9F3C53BA5F700270E383B06, 0x11E7AF8DE9F3C53BA5F700270E383B06, '1.00');
INSERT INTO `sistema_productos` VALUES (0x11E87469CF4E99B59BD600270E383B06, '1529490331', 'VER13100640', 'VERONA CAUCHO EXTERIOR BEIGE', '[\"11E8676EAD11B2E6BDE500270E383B06\",\"11E8671BDA538048BDE500270E383B06\"]', 0x11E7AF8DE9F3C53BA5F700270E383B06, 0x11E7AF8DE9F3C53BA5F700270E383B06, '1.00');
INSERT INTO `sistema_productos` VALUES (0x11E87469CF5130A49BD600270E383B06, '1529490331', 'VER13100440', 'VERONA CAUCHO EXTERIOR BLANCO OSTRA', '[\"11E8676EAD11B2E6BDE500270E383B06\",\"11E8671BDA538048BDE500270E383B06\"]', 0x11E7AF8DE9F3C53BA5F700270E383B06, 0x11E7AF8DE9F3C53BA5F700270E383B06, '1.00');
INSERT INTO `sistema_productos` VALUES (0x11E87469CF54F7059BD600270E383B06, '1529490331', 'VER13100240', 'VERONA CAUCHO EXTERIOR GRIS CEMENTO', '[\"11E8676EAD11B2E6BDE500270E383B06\",\"11E8671BDA538048BDE500270E383B06\"]', 0x11E7AF8DE9F3C53BA5F700270E383B06, 0x11E7AF8DE9F3C53BA5F700270E383B06, '1.00');
INSERT INTO `sistema_productos` VALUES (0x11E87469CF578B489BD600270E383B06, '1529490331', 'VER13100340', 'VERONA CAUCHO EXTERIOR GRIS CLARO', '[\"11E8676EAD11B2E6BDE500270E383B06\",\"11E8671BDA538048BDE500270E383B06\"]', 0x11E7AF8DE9F3C53BA5F700270E383B06, 0x11E7AF8DE9F3C53BA5F700270E383B06, '1.00');
INSERT INTO `sistema_productos` VALUES (0x11E87469CF61D7559BD600270E383B06, '1529490331', 'VER13100540', 'VERONA CAUCHO EXTERIOR MARFIL', '[\"11E8676EAD11B2E6BDE500270E383B06\",\"11E8671BDA538048BDE500270E383B06\"]', 0x11E7AF8DE9F3C53BA5F700270E383B06, 0x11E7AF8DE9F3C53BA5F700270E383B06, '1.00');
INSERT INTO `sistema_productos` VALUES (0x11E87469CF7759269BD600270E383B06, '1529490331', 'VER131026', 'VERONA CAUCHO EXTERIOR BEIGE OSCURO', '[\"11E8676EAD11B2E6BDE500270E383B06\",\"11E8671BDA538048BDE500270E383B06\"]', 0x11E7AF8DDC5D706EA5F700270E383B06, 0x11E7AF8DDC5D706EA5F700270E383B06, '1.00');
INSERT INTO `sistema_productos` VALUES (0x11E87469CF7DA5949BD600270E383B06, '1529490331', 'VER13102640', 'VERONA CAUCHO EXTERIOR BEIGE OSCURO', '[\"11E8676EAD11B2E6BDE500270E383B06\",\"11E8671BDA538048BDE500270E383B06\"]', 0x11E7AF8DE9F3C53BA5F700270E383B06, 0x11E7AF8DE9F3C53BA5F700270E383B06, '1.00');
INSERT INTO `sistema_productos` VALUES (0x11E87469CF892EF99BD600270E383B06, '1529490331', 'VER13100701', 'VERONA CAUCHO EXTERIOR MOSTAZA CLARO', '[\"11E8676EAD11B2E6BDE500270E383B06\",\"11E8671BDA538048BDE500270E383B06\"]', 0x11E7AF8DDC5D706EA5F700270E383B06, 0x11E7AF8DDC5D706EA5F700270E383B06, '1.00');
INSERT INTO `sistema_productos` VALUES (0x11E87469CF948B219BD600270E383B06, '1529490331', 'VER13100740', 'VERONA CAUCHO EXTERIOR MOSTAZA CLARO', '[\"11E8676EAD11B2E6BDE500270E383B06\",\"11E8671BDA538048BDE500270E383B06\"]', 0x11E7AF8DE9F3C53BA5F700270E383B06, 0x11E7AF8DE9F3C53BA5F700270E383B06, '1.00');
INSERT INTO `sistema_productos` VALUES (0x11E87469CF9736B89BD600270E383B06, '1529490331', 'VER13100801', 'VERONA CAUCHO EXTERIOR MOSTAZA OSCURO', '[\"11E8676EAD11B2E6BDE500270E383B06\",\"11E8671BDA538048BDE500270E383B06\"]', 0x11E7AF8DDC5D706EA5F700270E383B06, 0x11E7AF8DDC5D706EA5F700270E383B06, '1.00');
INSERT INTO `sistema_productos` VALUES (0x11E87469CF999D279BD600270E383B06, '1529490331', 'VER13100840', 'VERONA CAUCHO EXTERIOR MOSTAZA OSCURO', '[\"11E8676EAD11B2E6BDE500270E383B06\",\"11E8671BDA538048BDE500270E383B06\"]', 0x11E7AF8DE9F3C53BA5F700270E383B06, 0x11E7AF8DE9F3C53BA5F700270E383B06, '1.00');
INSERT INTO `sistema_productos` VALUES (0x11E87469CF9C56309BD600270E383B06, '1529490331', 'VER13100901', 'VERONA CAUCHO EXTERIOR LADRILLO', '[\"11E8676EAD11B2E6BDE500270E383B06\",\"11E8671BDA538048BDE500270E383B06\"]', 0x11E7AF8DDC5D706EA5F700270E383B06, 0x11E7AF8DDC5D706EA5F700270E383B06, '1.00');
INSERT INTO `sistema_productos` VALUES (0x11E87469CF9EBEA39BD600270E383B06, '1529490331', 'VER13100940', 'VERONA CAUCHO EXTERIOR LADRILLO', '[\"11E8676EAD11B2E6BDE500270E383B06\",\"11E8671BDA538048BDE500270E383B06\"]', 0x11E7AF8DE9F3C53BA5F700270E383B06, 0x11E7AF8DE9F3C53BA5F700270E383B06, '1.00');
INSERT INTO `sistema_productos` VALUES (0x11E87469CFA165509BD600270E383B06, '1529490331', 'VER13102401', 'VERONA CAUCHO EXTERIOR VINO', '[\"11E8676EAD11B2E6BDE500270E383B06\",\"11E8671BDA538048BDE500270E383B06\"]', 0x11E7AF8DDC5D706EA5F700270E383B06, 0x11E7AF8DDC5D706EA5F700270E383B06, '1.00');
INSERT INTO `sistema_productos` VALUES (0x11E87469CFA5AEDC9BD600270E383B06, '1529490331', 'VER13102440', 'VERONA CAUCHO EXTERIOR VINO', '[\"11E8676EAD11B2E6BDE500270E383B06\",\"11E8671BDA538048BDE500270E383B06\"]', 0x11E7AF8DE9F3C53BA5F700270E383B06, 0x11E7AF8DE9F3C53BA5F700270E383B06, '1.00');
INSERT INTO `sistema_productos` VALUES (0x11E87469CFAA5B0B9BD600270E383B06, '1529490331', 'VER131027', 'VERONA CAUCHO EXTERIOR FUCSIA OSCURO', '[\"11E8676EAD11B2E6BDE500270E383B06\",\"11E8671BDA538048BDE500270E383B06\"]', 0x11E7AF8DDC5D706EA5F700270E383B06, 0x11E7AF8DDC5D706EA5F700270E383B06, '1.00');
INSERT INTO `sistema_productos` VALUES (0x11E87469CFB09ABB9BD600270E383B06, '1529490331', 'VER13102740', 'VERONA CAUCHO EXTERIOR FUCSIA OSCURO', '[\"11E8676EAD11B2E6BDE500270E383B06\",\"11E8671BDA538048BDE500270E383B06\"]', 0x11E7AF8DE9F3C53BA5F700270E383B06, 0x11E7AF8DE9F3C53BA5F700270E383B06, '1.00');
INSERT INTO `sistema_productos` VALUES (0x11E87469CFB5BFD49BD600270E383B06, '1529490331', 'VER13102801', 'VERONA CAUCHO EXTERIOR ROJO CEREZA', '[\"11E8676EAD11B2E6BDE500270E383B06\",\"11E8671BDA538048BDE500270E383B06\"]', 0x11E7AF8DDC5D706EA5F700270E383B06, 0x11E7AF8DDC5D706EA5F700270E383B06, '1.00');
INSERT INTO `sistema_productos` VALUES (0x11E87469CFB826439BD600270E383B06, '1529490331', 'VER13102840', 'VERONA CAUCHO EXTERIOR ROJO CEREZA', '[\"11E8676EAD11B2E6BDE500270E383B06\",\"11E8671BDA538048BDE500270E383B06\"]', 0x11E7AF8DE9F3C53BA5F700270E383B06, 0x11E7AF8DE9F3C53BA5F700270E383B06, '1.00');
INSERT INTO `sistema_productos` VALUES (0x11E87469CFBAD5699BD600270E383B06, '1529490331', 'VER13102901', 'VERONA CAUCHO EXTERIOR FUCSIA CLARO', '[\"11E8676EAD11B2E6BDE500270E383B06\",\"11E8671BDA538048BDE500270E383B06\"]', 0x11E7AF8DDC5D706EA5F700270E383B06, 0x11E7AF8DDC5D706EA5F700270E383B06, '1.00');
INSERT INTO `sistema_productos` VALUES (0x11E87469CFBD3A589BD600270E383B06, '1529490331', 'VER13102940', 'VERONA CAUCHO EXTERIOR FUCSIA CLARO', '[\"11E8676EAD11B2E6BDE500270E383B06\",\"11E8671BDA538048BDE500270E383B06\"]', 0x11E7AF8DE9F3C53BA5F700270E383B06, 0x11E7AF8DE9F3C53BA5F700270E383B06, '1.00');
INSERT INTO `sistema_productos` VALUES (0x11E87469CFBFEB6B9BD600270E383B06, '1529490331', 'VER13101401', 'VERONA CAUCHO EXTERIOR ROSA CLARO', '[\"11E8676EAD11B2E6BDE500270E383B06\",\"11E8671BDA538048BDE500270E383B06\"]', 0x11E7AF8DDC5D706EA5F700270E383B06, 0x11E7AF8DDC5D706EA5F700270E383B06, '1.00');
INSERT INTO `sistema_productos` VALUES (0x11E87469CFC252809BD600270E383B06, '1529490331', 'VER13101440', 'VERONA CAUCHO EXTERIOR ROSA CLARO', '[\"11E8676EAD11B2E6BDE500270E383B06\",\"11E8671BDA538048BDE500270E383B06\"]', 0x11E7AF8DE9F3C53BA5F700270E383B06, 0x11E7AF8DE9F3C53BA5F700270E383B06, '1.00');
INSERT INTO `sistema_productos` VALUES (0x11E87469CFC506BB9BD600270E383B06, '1529490331', 'VER13101501', 'VERONA CAUCHO EXTERIOR ROSA BEBE', '[\"11E8676EAD11B2E6BDE500270E383B06\",\"11E8671BDA538048BDE500270E383B06\"]', 0x11E7AF8DDC5D706EA5F700270E383B06, 0x11E7AF8DDC5D706EA5F700270E383B06, '1.00');
INSERT INTO `sistema_productos` VALUES (0x11E87469CFC76A489BD600270E383B06, '1529490331', 'VER13101540', 'VERONA CAUCHO EXTERIOR ROSA BEBE', '[\"11E8676EAD11B2E6BDE500270E383B06\",\"11E8671BDA538048BDE500270E383B06\"]', 0x11E7AF8DE9F3C53BA5F700270E383B06, 0x11E7AF8DE9F3C53BA5F700270E383B06, '1.00');
INSERT INTO `sistema_productos` VALUES (0x11E87469CFCA19839BD600270E383B06, '1529490331', 'VER13101601', 'VERONA CAUCHO EXTERIOR SALMON', '[\"11E8676EAD11B2E6BDE500270E383B06\",\"11E8671BDA538048BDE500270E383B06\"]', 0x11E7AF8DDC5D706EA5F700270E383B06, 0x11E7AF8DDC5D706EA5F700270E383B06, '1.00');
INSERT INTO `sistema_productos` VALUES (0x11E87469CFCC7F769BD600270E383B06, '1529490331', 'VER13101640', 'VERONA CAUCHO EXTERIOR SALMON', '[\"11E8676EAD11B2E6BDE500270E383B06\",\"11E8671BDA538048BDE500270E383B06\"]', 0x11E7AF8DE9F3C53BA5F700270E383B06, 0x11E7AF8DE9F3C53BA5F700270E383B06, '1.00');
INSERT INTO `sistema_productos` VALUES (0x11E87469CFCF2CDE9BD600270E383B06, '1529490331', 'VER13101701', 'VERONA CAUCHO EXTERIOR ALBARICOQUE', '[\"11E8676EAD11B2E6BDE500270E383B06\",\"11E8671BDA538048BDE500270E383B06\"]', 0x11E7AF8DDC5D706EA5F700270E383B06, 0x11E7AF8DDC5D706EA5F700270E383B06, '1.00');
INSERT INTO `sistema_productos` VALUES (0x11E87469CFD1980C9BD600270E383B06, '1529490331', 'VER13101740', 'VERONA CAUCHO EXTERIOR ALBARICOQUE', '[\"11E8676EAD11B2E6BDE500270E383B06\",\"11E8671BDA538048BDE500270E383B06\"]', 0x11E7AF8DE9F3C53BA5F700270E383B06, 0x11E7AF8DE9F3C53BA5F700270E383B06, '1.00');
INSERT INTO `sistema_productos` VALUES (0x11E87469CFD443409BD600270E383B06, '1529490331', 'VER13101801', 'VERONA CAUCHO EXTERIOR AZUL BEBE', '[\"11E8676EAD11B2E6BDE500270E383B06\",\"11E8671BDA538048BDE500270E383B06\"]', 0x11E7AF8DDC5D706EA5F700270E383B06, 0x11E7AF8DDC5D706EA5F700270E383B06, '1.00');
INSERT INTO `sistema_productos` VALUES (0x11E87469CFD7EF639BD600270E383B06, '1529490331', 'VER13101840', 'VERONA CAUCHO EXTERIOR AZUL BEBE', '[\"11E8676EAD11B2E6BDE500270E383B06\",\"11E8671BDA538048BDE500270E383B06\"]', 0x11E7AF8DE9F3C53BA5F700270E383B06, 0x11E7AF8DE9F3C53BA5F700270E383B06, '1.00');
INSERT INTO `sistema_productos` VALUES (0x11E87469CFDA9FF39BD600270E383B06, '1529490331', 'VER13103001', 'VERONA CAUCHO EXTERIOR AZUL CIELO', '[\"11E8676EAD11B2E6BDE500270E383B06\",\"11E8671BDA538048BDE500270E383B06\"]', 0x11E7AF8DDC5D706EA5F700270E383B06, 0x11E7AF8DDC5D706EA5F700270E383B06, '1.00');
INSERT INTO `sistema_productos` VALUES (0x11E87469CFDD08339BD600270E383B06, '1529490331', 'VER13103040', 'VERONA CAUCHO EXTERIOR AZUL CIELO', '[\"11E8676EAD11B2E6BDE500270E383B06\",\"11E8671BDA538048BDE500270E383B06\"]', 0x11E7AF8DE9F3C53BA5F700270E383B06, 0x11E7AF8DE9F3C53BA5F700270E383B06, '1.00');
INSERT INTO `sistema_productos` VALUES (0x11E87469CFDFB6A29BD600270E383B06, '1529490331', 'VER13101901', 'VERONA CAUCHO EXTERIOR AZUL CELESTE', '[\"11E8676EAD11B2E6BDE500270E383B06\",\"11E8671BDA538048BDE500270E383B06\"]', 0x11E7AF8DDC5D706EA5F700270E383B06, 0x11E7AF8DDC5D706EA5F700270E383B06, '1.00');
INSERT INTO `sistema_productos` VALUES (0x11E87469CFE21AD79BD600270E383B06, '1529490331', 'VER13101940', 'VERONA CAUCHO EXTERIOR AZUL CELESTE', '[\"11E8676EAD11B2E6BDE500270E383B06\",\"11E8671BDA538048BDE500270E383B06\"]', 0x11E7AF8DE9F3C53BA5F700270E383B06, 0x11E7AF8DE9F3C53BA5F700270E383B06, '1.00');
INSERT INTO `sistema_productos` VALUES (0x11E87469CFE4CF5B9BD600270E383B06, '1529490331', 'VER13103101', 'VERONA CAUCHO EXTERIOR AZUL REY', '[\"11E8676EAD11B2E6BDE500270E383B06\",\"11E8671BDA538048BDE500270E383B06\"]', 0x11E7AF8DDC5D706EA5F700270E383B06, 0x11E7AF8DDC5D706EA5F700270E383B06, '1.00');
INSERT INTO `sistema_productos` VALUES (0x11E87469CFF7F2FC9BD600270E383B06, '1529490332', 'VER13103140', 'VERONA CAUCHO EXTERIOR AZUL REY', '[\"11E8676EAD11B2E6BDE500270E383B06\",\"11E8671BDA538048BDE500270E383B06\"]', 0x11E7AF8DE9F3C53BA5F700270E383B06, 0x11E7AF8DE9F3C53BA5F700270E383B06, '1.00');
INSERT INTO `sistema_productos` VALUES (0x11E87469CFFA4ED19BD600270E383B06, '1529490332', 'VER13103201', 'VERONA CAUCHO EXTERIOR VERDE AZULADO', '[\"11E8676EAD11B2E6BDE500270E383B06\",\"11E8671BDA538048BDE500270E383B06\"]', 0x11E7AF8DDC5D706EA5F700270E383B06, 0x11E7AF8DE9F3C53BA5F700270E383B06, '1.00');
INSERT INTO `sistema_productos` VALUES (0x11E87469CFFCF9CF9BD600270E383B06, '1529490332', 'VER13103240', 'VERONA CAUCHO EXTERIOR VERDE AZULADO', '[\"11E8676EAD11B2E6BDE500270E383B06\",\"11E8671BDA538048BDE500270E383B06\"]', 0x11E7AF8DE9F3C53BA5F700270E383B06, 0x11E7AF8DE9F3C53BA5F700270E383B06, '1.00');
INSERT INTO `sistema_productos` VALUES (0x11E87469D0009F519BD600270E383B06, '1529490332', 'VER13103301', 'VERONA CAUCHO EXTERIOR AMARILLO LIMON', '[\"11E8676EAD11B2E6BDE500270E383B06\",\"11E8671BDA538048BDE500270E383B06\"]', 0x11E7AF8DDC5D706EA5F700270E383B06, 0x11E7AF8DDC5D706EA5F700270E383B06, '1.00');
INSERT INTO `sistema_productos` VALUES (0x11E87469D00356F39BD600270E383B06, '1529490332', 'VER13103340', 'VERONA CAUCHO EXTERIOR AMARILLO LIMON', '[\"11E8676EAD11B2E6BDE500270E383B06\",\"11E8671BDA538048BDE500270E383B06\"]', 0x11E7AF8DE9F3C53BA5F700270E383B06, 0x11E7AF8DE9F3C53BA5F700270E383B06, '1.00');
INSERT INTO `sistema_productos` VALUES (0x11E87469D007086E9BD600270E383B06, '1529490332', 'VER13103401', 'VERONA CAUCHO EXTERIOR VERDE GRAMA-HOJA', '[\"11E8676EAD11B2E6BDE500270E383B06\",\"11E8671BDA538048BDE500270E383B06\"]', 0x11E7AF8DDC5D706EA5F700270E383B06, 0x11E7AF8DDC5D706EA5F700270E383B06, '1.00');
INSERT INTO `sistema_productos` VALUES (0x11E87469D00C02F59BD600270E383B06, '1529490332', 'VER13103440', 'VERONA CAUCHO EXTERIOR VERDE GRAMA-HOJA', '[\"11E8676EAD11B2E6BDE500270E383B06\",\"11E8671BDA538048BDE500270E383B06\"]', 0x11E7AF8DE9F3C53BA5F700270E383B06, 0x11E7AF8DE9F3C53BA5F700270E383B06, '1.00');
INSERT INTO `sistema_productos` VALUES (0x11E87469D01E0E919BD600270E383B06, '1529490332', 'VER13102001', 'VERONA CAUCHO EXTERIOR VERDE MOHO (OLIVO)', '[\"11E8676EAD11B2E6BDE500270E383B06\",\"11E8671BDA538048BDE500270E383B06\"]', 0x11E7AF8DDC5D706EA5F700270E383B06, 0x11E7AF8DDC5D706EA5F700270E383B06, '1.00');
INSERT INTO `sistema_productos` VALUES (0x11E87469D02597119BD600270E383B06, '1529490332', 'VER13102040', 'VERONA CAUCHO EXTERIOR VERDE MOHO (OLIVO)', '[\"11E8676EAD11B2E6BDE500270E383B06\",\"11E8671BDA538048BDE500270E383B06\"]', 0x11E7AF8DE9F3C53BA5F700270E383B06, 0x11E7AF8DE9F3C53BA5F700270E383B06, '1.00');
INSERT INTO `sistema_productos` VALUES (0x11E87469D02951E19BD600270E383B06, '1529490332', 'VER13102501', 'VERONA CAUCHO EXTERIOR VERDE MANZANA', '[\"11E8676EAD11B2E6BDE500270E383B06\",\"11E8671BDA538048BDE500270E383B06\"]', 0x11E7AF8DDC5D706EA5F700270E383B06, 0x11E7AF8DDC5D706EA5F700270E383B06, '1.00');
INSERT INTO `sistema_productos` VALUES (0x11E87469D02BEF5E9BD600270E383B06, '1529490332', 'VER13102540', 'VERONA CAUCHO EXTERIOR VERDE MANZANA', '[\"11E8676EAD11B2E6BDE500270E383B06\",\"11E8671BDA538048BDE500270E383B06\"]', 0x11E7AF8DE9F3C53BA5F700270E383B06, 0x11E7AF8DE9F3C53BA5F700270E383B06, '1.00');
INSERT INTO `sistema_productos` VALUES (0x11E87469D02FB4819BD600270E383B06, '1529490332', 'VER13102101', 'VERONA CAUCHO EXTERIOR VERDE CASCADA', '[\"11E8676EAD11B2E6BDE500270E383B06\",\"11E8671BDA538048BDE500270E383B06\"]', 0x11E7AF8DDC5D706EA5F700270E383B06, 0x11E7AF8DDC5D706EA5F700270E383B06, '1.00');
INSERT INTO `sistema_productos` VALUES (0x11E87469D03239AF9BD600270E383B06, '1529490332', 'VER13102140', 'VERONA CAUCHO EXTERIOR VERDE CASCADA', '[\"11E8676EAD11B2E6BDE500270E383B06\",\"11E8671BDA538048BDE500270E383B06\"]', 0x11E7AF8DE9F3C53BA5F700270E383B06, 0x11E7AF8DE9F3C53BA5F700270E383B06, '1.00');
INSERT INTO `sistema_productos` VALUES (0x11E87469D037372A9BD600270E383B06, '1529490332', 'VER13102201', 'VERONA CAUCHO EXTERIOR VERDE BEBE', '[\"11E8676EAD11B2E6BDE500270E383B06\",\"11E8671BDA538048BDE500270E383B06\"]', 0x11E7AF8DDC5D706EA5F700270E383B06, 0x11E7AF8DDC5D706EA5F700270E383B06, '1.00');
INSERT INTO `sistema_productos` VALUES (0x11E87469D039DB7C9BD600270E383B06, '1529490332', 'VER13102240', 'VERONA CAUCHO EXTERIOR VERDE BEBE', '[\"11E8676EAD11B2E6BDE500270E383B06\",\"11E8671BDA538048BDE500270E383B06\"]', 0x11E7AF8DE9F3C53BA5F700270E383B06, 0x11E7AF8DE9F3C53BA5F700270E383B06, '1.00');
INSERT INTO `sistema_productos` VALUES (0x11E87469D03DAC2E9BD600270E383B06, '1529490332', 'VER13102301', 'VERONA CAUCHO EXTERIOR LILA', '[\"11E8676EAD11B2E6BDE500270E383B06\",\"11E8671BDA538048BDE500270E383B06\"]', 0x11E7AF8DDC5D706EA5F700270E383B06, 0x11E7AF8DDC5D706EA5F700270E383B06, '1.00');
INSERT INTO `sistema_productos` VALUES (0x11E87469D04037129BD600270E383B06, '1529490332', 'VER13102340', 'VERONA CAUCHO EXTERIOR LILA', '[\"11E8676EAD11B2E6BDE500270E383B06\",\"11E8671BDA538048BDE500270E383B06\"]', 0x11E7AF8DE9F3C53BA5F700270E383B06, 0x11E7AF8DE9F3C53BA5F700270E383B06, '1.00');
INSERT INTO `sistema_productos` VALUES (0x11E87469D04408E19BD600270E383B06, '1529490332', 'VER13103501', 'VERONA CAUCHO EXTERIOR LAVANDA', '[\"11E8676EAD11B2E6BDE500270E383B06\",\"11E8671BDA538048BDE500270E383B06\"]', 0x11E7AF8DDC5D706EA5F700270E383B06, 0x11E7AF8DDC5D706EA5F700270E383B06, '1.00');
INSERT INTO `sistema_productos` VALUES (0x11E87469D04696999BD600270E383B06, '1529490332', 'VER13103540', 'VERONA CAUCHO EXTERIOR LAVANDA', '[\"11E8676EAD11B2E6BDE500270E383B06\",\"11E8671BDA538048BDE500270E383B06\"]', 0x11E7AF8DE9F3C53BA5F700270E383B06, 0x11E7AF8DE9F3C53BA5F700270E383B06, '1.00');
INSERT INTO `sistema_productos` VALUES (0x11E87469D04A63179BD600270E383B06, '1529490332', 'VER13101101', 'VERONA CAUCHO EXTERIOR CHOCOLATE', '[\"11E8676EAD11B2E6BDE500270E383B06\",\"11E8671BDA538048BDE500270E383B06\"]', 0x11E7AF8DDC5D706EA5F700270E383B06, 0x11E7AF8DDC5D706EA5F700270E383B06, '1.00');
INSERT INTO `sistema_productos` VALUES (0x11E87469D04CEE869BD600270E383B06, '1529490332', 'VER13101140', 'VERONA CAUCHO EXTERIOR CHOCOLATE', '[\"11E8676EAD11B2E6BDE500270E383B06\",\"11E8671BDA538048BDE500270E383B06\"]', 0x11E7AF8DE9F3C53BA5F700270E383B06, 0x11E7AF8DE9F3C53BA5F700270E383B06, '1.00');
INSERT INTO `sistema_productos` VALUES (0x11E87469D050C04E9BD600270E383B06, '1529490332', 'VER13101201', 'VERONA CAUCHO EXTERIOR CANELA', '[\"11E8676EAD11B2E6BDE500270E383B06\",\"11E8671BDA538048BDE500270E383B06\"]', 0x11E7AF8DDC5D706EA5F700270E383B06, 0x11E7AF8DDC5D706EA5F700270E383B06, '1.00');
INSERT INTO `sistema_productos` VALUES (0x11E87469D0534A159BD600270E383B06, '1529490332', 'VER13101240', 'VERONA CAUCHO EXTERIOR CANELA', '[\"11E8676EAD11B2E6BDE500270E383B06\",\"11E8671BDA538048BDE500270E383B06\"]', 0x11E7AF8DE9F3C53BA5F700270E383B06, 0x11E7AF8DE9F3C53BA5F700270E383B06, '1.00');
INSERT INTO `sistema_productos` VALUES (0x11E87469D059CF869BD600270E383B06, '1529490332', 'MEST001', 'resina acrílicas esterena 777', '[\"11E8676EAD11B2E6BDE500270E383B06\",\"11E8671BDA538048BDE500270E383B06\"]', 0x11E7AF8A08F0A02CA5F700270E383B06, 0x11E7AF8A08F0A02CA5F700270E383B06, '1.00');
INSERT INTO `sistema_productos` VALUES (0x11E87469D06011189BD600270E383B06, '1529490332', 'MMK001', 'MEKO UBE', '[\"11E8676EAD11B2E6BDE500270E383B06\",\"11E8671BDA538048BDE500270E383B06\"]', 0x11E7AF8A08F0A02CA5F700270E383B06, 0x11E7AF8A08F0A02CA5F700270E383B06, '1.00');
INSERT INTO `sistema_productos` VALUES (0x11E87469D06A53E79BD600270E383B06, '1529490332', 'MDXT01', 'DIOXIDO DE TITANIO CINKARNA', '[\"11E8676EAD11B2E6BDE500270E383B06\",\"11E8671BDA538048BDE500270E383B06\"]', 0x11E7AF8A08F0A02CA5F700270E383B06, 0x11E7AF8A08F0A02CA5F700270E383B06, '1.00');
INSERT INTO `sistema_productos` VALUES (0x11E87469D06F468E9BD600270E383B06, '1529490332', 'MRH01', 'RESINA HIDROCARBURICA', '[\"11E8676EAD11B2E6BDE500270E383B06\",\"11E8671BDA538048BDE500270E383B06\"]', 0x11E7A90D43325DA68A4800E04C6F7E24, 0x11E7A90D43325DA68A4800E04C6F7E24, '1.00');
INSERT INTO `sistema_productos` VALUES (0x11E87469D071E71B9BD600270E383B06, '1529490332', 'MRC01', 'RESINA CORTA AL 55%', '[\"11E8676EAD11B2E6BDE500270E383B06\",\"11E8671BDA538048BDE500270E383B06\"]', 0x11E7AF8A08F0A02CA5F700270E383B06, 0x11E7AF8A08F0A02CA5F700270E383B06, '1.00');
INSERT INTO `sistema_productos` VALUES (0x11E87469D0745B329BD600270E383B06, '1529490332', 'VER13300101', 'VERONA CAUCHO TIPO A BLANCO', '[\"11E8676EAD11B2E6BDE500270E383B06\",\"11E8671BDA538048BDE500270E383B06\"]', 0x11E7AF8DDC5D706EA5F700270E383B06, 0x11E7AF8DDC5D706EA5F700270E383B06, '1.00');
INSERT INTO `sistema_productos` VALUES (0x11E87469D076F8079BD600270E383B06, '1529490332', 'VER13300140', 'VERONA CAUCHO TIPO A BLANCO', '[\"11E8676EAD11B2E6BDE500270E383B06\",\"11E8671BDA538048BDE500270E383B06\"]', 0x11E7AF8DE9F3C53BA5F700270E383B06, 0x11E7AF8DE9F3C53BA5F700270E383B06, '1.00');
INSERT INTO `sistema_productos` VALUES (0x11E87469D079763C9BD600270E383B06, '1529490332', 'VER13300201', 'VERONA CAUCHO TIPO A GRIS CEMENTO', '[\"11E8676EAD11B2E6BDE500270E383B06\",\"11E8671BDA538048BDE500270E383B06\"]', 0x11E7AF8DDC5D706EA5F700270E383B06, 0x11E7AF8DDC5D706EA5F700270E383B06, '1.00');
INSERT INTO `sistema_productos` VALUES (0x11E87469D07C12719BD600270E383B06, '1529490332', 'VER13300240', 'VERONA CAUCHO TIPO A GRIS CEMENTO', '[\"11E8676EAD11B2E6BDE500270E383B06\",\"11E8671BDA538048BDE500270E383B06\"]', 0x11E7AF8DE9F3C53BA5F700270E383B06, 0x11E7AF8DE9F3C53BA5F700270E383B06, '1.00');
INSERT INTO `sistema_productos` VALUES (0x11E87469D07E87889BD600270E383B06, '1529490332', 'VER13300301', 'VERONA CAUCHO TIPO A GRIS CLARO', '[\"11E8676EAD11B2E6BDE500270E383B06\",\"11E8671BDA538048BDE500270E383B06\"]', 0x11E7AF8DDC5D706EA5F700270E383B06, 0x11E7AF8DDC5D706EA5F700270E383B06, '1.00');
INSERT INTO `sistema_productos` VALUES (0x11E87469D0812CEC9BD600270E383B06, '1529490332', 'VER13300340', 'VERONA CAUCHO TIPO A GRIS CLARO', '[\"11E8676EAD11B2E6BDE500270E383B06\",\"11E8671BDA538048BDE500270E383B06\"]', 0x11E7AF8DE9F3C53BA5F700270E383B06, 0x11E7AF8DE9F3C53BA5F700270E383B06, '1.00');
INSERT INTO `sistema_productos` VALUES (0x11E87469D083A3C99BD600270E383B06, '1529490332', 'VER13300401', 'VERONA CAUCHO TIPO A BLANCO OSTRA', '[\"11E8676EAD11B2E6BDE500270E383B06\",\"11E8671BDA538048BDE500270E383B06\"]', 0x11E7AF8DDC5D706EA5F700270E383B06, 0x11E7AF8DDC5D706EA5F700270E383B06, '1.00');
INSERT INTO `sistema_productos` VALUES (0x11E87469D086412D9BD600270E383B06, '1529490332', 'VER13300440', 'VERONA CAUCHO TIPO A BLANCO OSTRA', '[\"11E8676EAD11B2E6BDE500270E383B06\",\"11E8671BDA538048BDE500270E383B06\"]', 0x11E7AF8DE9F3C53BA5F700270E383B06, 0x11E7AF8DE9F3C53BA5F700270E383B06, '1.00');
INSERT INTO `sistema_productos` VALUES (0x11E87469D088B5509BD600270E383B06, '1529490332', 'VER13300501', 'VERONA CAUCHO TIPO A MARFIL', '[\"11E8676EAD11B2E6BDE500270E383B06\",\"11E8671BDA538048BDE500270E383B06\"]', 0x11E7AF8DDC5D706EA5F700270E383B06, 0x11E7AF8DDC5D706EA5F700270E383B06, '1.00');
INSERT INTO `sistema_productos` VALUES (0x11E87469D08B5C549BD600270E383B06, '1529490332', 'VER13300540', 'VERONA CAUCHO TIPO A MARFIL', '[\"11E8676EAD11B2E6BDE500270E383B06\",\"11E8671BDA538048BDE500270E383B06\"]', 0x11E7AF8DE9F3C53BA5F700270E383B06, 0x11E7AF8DE9F3C53BA5F700270E383B06, '1.00');
INSERT INTO `sistema_productos` VALUES (0x11E87469D08DCA829BD600270E383B06, '1529490332', 'VER13300601', 'VERONA CAUCHO TIPO A BEIGE', '[\"11E8676EAD11B2E6BDE500270E383B06\",\"11E8671BDA538048BDE500270E383B06\"]', 0x11E7AF8DDC5D706EA5F700270E383B06, 0x11E7AF8DDC5D706EA5F700270E383B06, '1.00');
INSERT INTO `sistema_productos` VALUES (0x11E87469D0906EF49BD600270E383B06, '1529490332', 'VER13300640', 'VERONA CAUCHO TIPO A BEIGE', '[\"11E8676EAD11B2E6BDE500270E383B06\",\"11E8671BDA538048BDE500270E383B06\"]', 0x11E7AF8DE9F3C53BA5F700270E383B06, 0x11E7AF8DE9F3C53BA5F700270E383B06, '1.00');
INSERT INTO `sistema_productos` VALUES (0x11E87469D092E2D59BD600270E383B06, '1529490332', 'VER13302601', 'VERONA CAUCHO TIPO A BEIGE OSCURO', '[\"11E8676EAD11B2E6BDE500270E383B06\",\"11E8671BDA538048BDE500270E383B06\"]', 0x11E7AF8DDC5D706EA5F700270E383B06, 0x11E7AF8DDC5D706EA5F700270E383B06, '1.00');
INSERT INTO `sistema_productos` VALUES (0x11E87469D09587B59BD600270E383B06, '1529490332', 'VER13302640', 'VERONA CAUCHO TIPO A BEIGE OSCURO', '[\"11E8676EAD11B2E6BDE500270E383B06\",\"11E8671BDA538048BDE500270E383B06\"]', 0x11E7AF8DE9F3C53BA5F700270E383B06, 0x11E7AF8DE9F3C53BA5F700270E383B06, '1.00');
INSERT INTO `sistema_productos` VALUES (0x11E87469D097F9F99BD600270E383B06, '1529490333', 'VER13301001', 'VERONA CAUCHO TIPO A SAHARA', '[\"11E8676EAD11B2E6BDE500270E383B06\",\"11E8671BDA538048BDE500270E383B06\"]', 0x11E7AF8DDC5D706EA5F700270E383B06, 0x11E7AF8DDC5D706EA5F700270E383B06, '1.00');
INSERT INTO `sistema_productos` VALUES (0x11E87469D09A9C319BD600270E383B06, '1529490333', 'VER13301040', 'VERONA CAUCHO TIPO A SAHARA', '[\"11E8676EAD11B2E6BDE500270E383B06\",\"11E8671BDA538048BDE500270E383B06\"]', 0x11E7AF8DE9F3C53BA5F700270E383B06, 0x11E7AF8DE9F3C53BA5F700270E383B06, '1.00');
INSERT INTO `sistema_productos` VALUES (0x11E87469D09D0F7C9BD600270E383B06, '1529490333', 'VER13300701', 'VERONA CAUCHO TIPO A MOSTAZA CLARO', '[\"11E8676EAD11B2E6BDE500270E383B06\",\"11E8671BDA538048BDE500270E383B06\"]', 0x11E7AF8DDC5D706EA5F700270E383B06, 0x11E7AF8DDC5D706EA5F700270E383B06, '1.00');
INSERT INTO `sistema_productos` VALUES (0x11E87469D09FB89A9BD600270E383B06, '1529490333', 'VER13300740', 'VERONA CAUCHO TIPO A MOSTAZA CLARO', '[\"11E8676EAD11B2E6BDE500270E383B06\",\"11E8671BDA538048BDE500270E383B06\"]', 0x11E7AF8DE9F3C53BA5F700270E383B06, 0x11E7AF8DE9F3C53BA5F700270E383B06, '1.00');
INSERT INTO `sistema_productos` VALUES (0x11E87469D0A7D73A9BD600270E383B06, '1529490333', 'VER13300801', 'VERONA CAUCHO TIPO A MOSTAZA OSCURO', '[\"11E8676EAD11B2E6BDE500270E383B06\",\"11E8671BDA538048BDE500270E383B06\"]', 0x11E7AF8DDC5D706EA5F700270E383B06, 0x11E7AF8DDC5D706EA5F700270E383B06, '1.00');
INSERT INTO `sistema_productos` VALUES (0x11E87469D0B411B09BD600270E383B06, '1529490333', 'VER13300840', 'VERONA CAUCHO TIPO A MOSTAZA OSCURO', '[\"11E8676EAD11B2E6BDE500270E383B06\",\"11E8671BDA538048BDE500270E383B06\"]', 0x11E7AF8DE9F3C53BA5F700270E383B06, 0x11E7AF8DE9F3C53BA5F700270E383B06, '1.00');
INSERT INTO `sistema_productos` VALUES (0x11E87469D0B685409BD600270E383B06, '1529490333', 'VER13300901', 'VERONA CAUCHO TIPO A LADRILLO', '[\"11E8676EAD11B2E6BDE500270E383B06\",\"11E8671BDA538048BDE500270E383B06\"]', 0x11E7AF8DDC5D706EA5F700270E383B06, 0x11E7AF8DDC5D706EA5F700270E383B06, '1.00');
INSERT INTO `sistema_productos` VALUES (0x11E87469D0B923E39BD600270E383B06, '1529490333', 'VER13300940', 'VERONA CAUCHO TIPO A LADRILLO', '[\"11E8676EAD11B2E6BDE500270E383B06\",\"11E8671BDA538048BDE500270E383B06\"]', 0x11E7AF8DE9F3C53BA5F700270E383B06, 0x11E7AF8DE9F3C53BA5F700270E383B06, '1.00');
INSERT INTO `sistema_productos` VALUES (0x11E87469D0BB94F39BD600270E383B06, '1529490333', 'VER13302401', 'VERONA CAUCHO TIPO A VINO', '[\"11E8676EAD11B2E6BDE500270E383B06\",\"11E8671BDA538048BDE500270E383B06\"]', 0x11E7AF8DDC5D706EA5F700270E383B06, 0x11E7AF8DDC5D706EA5F700270E383B06, '1.00');
INSERT INTO `sistema_productos` VALUES (0x11E87469D0BE3DAB9BD600270E383B06, '1529490333', 'VER13302440', 'VERONA CAUCHO TIPO A VINO', '[\"11E8676EAD11B2E6BDE500270E383B06\",\"11E8671BDA538048BDE500270E383B06\"]', 0x11E7AF8DE9F3C53BA5F700270E383B06, 0x11E7AF8DE9F3C53BA5F700270E383B06, '1.00');
INSERT INTO `sistema_productos` VALUES (0x11E87469D0C0B1FD9BD600270E383B06, '1529490333', 'VER13302701', 'VERONA CAUCHO TIPO A FUCSIA OSCURO', '[\"11E8676EAD11B2E6BDE500270E383B06\",\"11E8671BDA538048BDE500270E383B06\"]', 0x11E7AF8DDC5D706EA5F700270E383B06, 0x11E7AF8DDC5D706EA5F700270E383B06, '1.00');
INSERT INTO `sistema_productos` VALUES (0x11E87469D0C3507A9BD600270E383B06, '1529490333', 'VER13302740', 'VERONA CAUCHO TIPO A FUCSIA OSCURO', '[\"11E8676EAD11B2E6BDE500270E383B06\",\"11E8671BDA538048BDE500270E383B06\"]', 0x11E7AF8DE9F3C53BA5F700270E383B06, 0x11E7AF8DE9F3C53BA5F700270E383B06, '1.00');
INSERT INTO `sistema_productos` VALUES (0x11E87469D0C5DE369BD600270E383B06, '1529490333', 'VER13302901', 'VERONA CAUCHO TIPO A FUCSIA CLARO', '[\"11E8676EAD11B2E6BDE500270E383B06\",\"11E8671BDA538048BDE500270E383B06\"]', 0x11E7AF8DDC5D706EA5F700270E383B06, 0x11E7AF8DDC5D706EA5F700270E383B06, '1.00');
INSERT INTO `sistema_productos` VALUES (0x11E87469D0C865349BD600270E383B06, '1529490333', 'VER13302940', 'VERONA CAUCHO TIPO A FUCSIA CLARO', '[\"11E8676EAD11B2E6BDE500270E383B06\",\"11E8671BDA538048BDE500270E383B06\"]', 0x11E7AF8DE9F3C53BA5F700270E383B06, 0x11E7AF8DE9F3C53BA5F700270E383B06, '1.00');
INSERT INTO `sistema_productos` VALUES (0x11E87469D0CADB419BD600270E383B06, '1529490333', 'VER13301401', 'VERONA CAUCHO TIPO A ROSA CLARO', '[\"11E8676EAD11B2E6BDE500270E383B06\",\"11E8671BDA538048BDE500270E383B06\"]', 0x11E7AF8DDC5D706EA5F700270E383B06, 0x11E7AF8DDC5D706EA5F700270E383B06, '1.00');
INSERT INTO `sistema_productos` VALUES (0x11E87469D0CD7F9D9BD600270E383B06, '1529490333', 'VER13301440', 'VERONA CAUCHO TIPO A ROSA CLARO', '[\"11E8676EAD11B2E6BDE500270E383B06\",\"11E8671BDA538048BDE500270E383B06\"]', 0x11E7AF8DE9F3C53BA5F700270E383B06, 0x11E7AF8DE9F3C53BA5F700270E383B06, '1.00');
INSERT INTO `sistema_productos` VALUES (0x11E87469D0CFF4B99BD600270E383B06, '1529490333', 'VER13301501', 'VERONA CAUCHO TIPO A ROSA BEBE', '[\"11E8676EAD11B2E6BDE500270E383B06\",\"11E8671BDA538048BDE500270E383B06\"]', 0x11E7AF8DDC5D706EA5F700270E383B06, 0x11E7AF8DDC5D706EA5F700270E383B06, '1.00');
INSERT INTO `sistema_productos` VALUES (0x11E87469D0D297369BD600270E383B06, '1529490333', 'VER13301540', 'VERONA CAUCHO TIPO A ROSA BEBE', '[\"11E8676EAD11B2E6BDE500270E383B06\",\"11E8671BDA538048BDE500270E383B06\"]', 0x11E7AF8DE9F3C53BA5F700270E383B06, 0x11E7AF8DE9F3C53BA5F700270E383B06, '1.00');
INSERT INTO `sistema_productos` VALUES (0x11E87469D0D505819BD600270E383B06, '1529490333', 'VER13301601', 'VERONA CAUCHO TIPO A SALMON', '[\"11E8676EAD11B2E6BDE500270E383B06\",\"11E8671BDA538048BDE500270E383B06\"]', 0x11E7AF8DDC5D706EA5F700270E383B06, 0x11E7AF8DDC5D706EA5F700270E383B06, '1.00');
INSERT INTO `sistema_productos` VALUES (0x11E87469D0D7A8779BD600270E383B06, '1529490333', 'VER13301640', 'VERONA CAUCHO TIPO A SALMON', '[\"11E8676EAD11B2E6BDE500270E383B06\",\"11E8671BDA538048BDE500270E383B06\"]', 0x11E7AF8DE9F3C53BA5F700270E383B06, 0x11E7AF8DE9F3C53BA5F700270E383B06, '1.00');
INSERT INTO `sistema_productos` VALUES (0x11E87469D0DA19849BD600270E383B06, '1529490333', 'VER13301701', 'VERONA CAUCHO TIPO A ALBARICOQUE', '[\"11E8676EAD11B2E6BDE500270E383B06\",\"11E8671BDA538048BDE500270E383B06\"]', 0x11E7AF8DDC5D706EA5F700270E383B06, 0x11E7AF8DDC5D706EA5F700270E383B06, '1.00');
INSERT INTO `sistema_productos` VALUES (0x11E87469D0DCC5769BD600270E383B06, '1529490333', 'VER13301740', 'VERONA CAUCHO TIPO A ALBARICOQUE', '[\"11E8676EAD11B2E6BDE500270E383B06\",\"11E8671BDA538048BDE500270E383B06\"]', 0x11E7AF8DE9F3C53BA5F700270E383B06, 0x11E7AF8DE9F3C53BA5F700270E383B06, '1.00');
INSERT INTO `sistema_productos` VALUES (0x11E87469D0DF3D5E9BD600270E383B06, '1529490333', 'VER13301801', 'VERONA CAUCHO TIPO A AZUL BEBE', '[\"11E8676EAD11B2E6BDE500270E383B06\",\"11E8671BDA538048BDE500270E383B06\"]', 0x11E7AF8DDC5D706EA5F700270E383B06, 0x11E7AF8DDC5D706EA5F700270E383B06, '1.00');
INSERT INTO `sistema_productos` VALUES (0x11E87469D0E2DEFA9BD600270E383B06, '1529490333', 'VER13301840', 'VERONA CAUCHO TIPO A AZUL BEBE', '[\"11E8676EAD11B2E6BDE500270E383B06\",\"11E8671BDA538048BDE500270E383B06\"]', 0x11E7AF8DE9F3C53BA5F700270E383B06, 0x11E7AF8DE9F3C53BA5F700270E383B06, '1.00');
INSERT INTO `sistema_productos` VALUES (0x11E87469D0E861B79BD600270E383B06, '1529490333', 'VER13303001', 'VERONA CAUCHO TIPO A AZUL CIELO', '[\"11E8676EAD11B2E6BDE500270E383B06\",\"11E8671BDA538048BDE500270E383B06\"]', 0x11E7AF8DDC5D706EA5F700270E383B06, 0x11E7AF8DDC5D706EA5F700270E383B06, '1.00');
INSERT INTO `sistema_productos` VALUES (0x11E87469D0EC06749BD600270E383B06, '1529490333', 'VER13303040', 'VERONA CAUCHO TIPO A AZUL CIELO', '[\"11E8676EAD11B2E6BDE500270E383B06\",\"11E8671BDA538048BDE500270E383B06\"]', 0x11E7AF8DE9F3C53BA5F700270E383B06, 0x11E7AF8DE9F3C53BA5F700270E383B06, '1.00');
INSERT INTO `sistema_productos` VALUES (0x11E87469D0EE76939BD600270E383B06, '1529490333', 'VER13301901', 'VERONA CAUCHO TIPO A AZUL CELESTE', '[\"11E8676EAD11B2E6BDE500270E383B06\",\"11E8671BDA538048BDE500270E383B06\"]', 0x11E7AF8DDC5D706EA5F700270E383B06, 0x11E7AF8DDC5D706EA5F700270E383B06, '1.00');
INSERT INTO `sistema_productos` VALUES (0x11E87469D0F3A9509BD600270E383B06, '1529490333', 'VER13301940', 'VERONA CAUCHO TIPO A AZUL CELESTE', '[\"11E8676EAD11B2E6BDE500270E383B06\",\"11E8671BDA538048BDE500270E383B06\"]', 0x11E7AF8DE9F3C53BA5F700270E383B06, 0x11E7AF8DE9F3C53BA5F700270E383B06, '1.00');
INSERT INTO `sistema_productos` VALUES (0x11E87469D0F8B0569BD600270E383B06, '1529490333', 'VER13303101', 'VERONA CAUCHO TIPO A AZUL REY', '[\"11E8676EAD11B2E6BDE500270E383B06\",\"11E8671BDA538048BDE500270E383B06\"]', 0x11E7AF8DDC5D706EA5F700270E383B06, 0x11E7AF8DDC5D706EA5F700270E383B06, '1.00');
INSERT INTO `sistema_productos` VALUES (0x11E87469D0FDDA3C9BD600270E383B06, '1529490333', 'VER13303140', 'VERONA CAUCHO TIPO A AZUL REY', '[\"11E8676EAD11B2E6BDE500270E383B06\",\"11E8671BDA538048BDE500270E383B06\"]', 0x11E7AF8DE9F3C53BA5F700270E383B06, 0x11E7AF8DE9F3C53BA5F700270E383B06, '1.00');
INSERT INTO `sistema_productos` VALUES (0x11E87469D10594EF9BD600270E383B06, '1529490333', 'VER13303201', 'VERONA CAUCHO TIPO A VERDE AZULADO', '[\"11E8676EAD11B2E6BDE500270E383B06\",\"11E8671BDA538048BDE500270E383B06\"]', 0x11E7AF8DDC5D706EA5F700270E383B06, 0x11E7AF8DDC5D706EA5F700270E383B06, '1.00');
INSERT INTO `sistema_productos` VALUES (0x11E87469D109418F9BD600270E383B06, '1529490333', 'VER13303240', 'VERONA CAUCHO TIPO A VERDE AZULADO', '[\"11E8676EAD11B2E6BDE500270E383B06\",\"11E8671BDA538048BDE500270E383B06\"]', 0x11E7AF8DDC5D706EA5F700270E383B06, 0x11E7AF8DDC5D706EA5F700270E383B06, '1.00');
INSERT INTO `sistema_productos` VALUES (0x11E87469D10BB41F9BD600270E383B06, '1529490333', 'VER13303301', 'VERONA CAUCHO TIPO A AMARILLO LIMON', '[\"11E8676EAD11B2E6BDE500270E383B06\",\"11E8671BDA538048BDE500270E383B06\"]', 0x11E7AF8DDC5D706EA5F700270E383B06, 0x11E7AF8DDC5D706EA5F700270E383B06, '1.00');
INSERT INTO `sistema_productos` VALUES (0x11E87469D10E5B329BD600270E383B06, '1529490333', 'VER13303340', 'VERONA CAUCHO TIPO A AMARILLO LIMON', '[\"11E8676EAD11B2E6BDE500270E383B06\",\"11E8671BDA538048BDE500270E383B06\"]', 0x11E7AF8DE9F3C53BA5F700270E383B06, 0x11E7AF8DE9F3C53BA5F700270E383B06, '1.00');
INSERT INTO `sistema_productos` VALUES (0x11E87469D110D11A9BD600270E383B06, '1529490333', 'VER13303401', 'VERONA CAUCHO TIPO A VERDE GRAMA-HOJA', '[\"11E8676EAD11B2E6BDE500270E383B06\",\"11E8671BDA538048BDE500270E383B06\"]', 0x11E7AF8DDC5D706EA5F700270E383B06, 0x11E7AF8DDC5D706EA5F700270E383B06, '1.00');
INSERT INTO `sistema_productos` VALUES (0x11E87469D11370329BD600270E383B06, '1529490333', 'VER13303440', 'VERONA CAUCHO TIPO A VERDE GRAMA-HOJA', '[\"11E8676EAD11B2E6BDE500270E383B06\",\"11E8671BDA538048BDE500270E383B06\"]', 0x11E7AF8DE9F3C53BA5F700270E383B06, 0x11E7AF8DE9F3C53BA5F700270E383B06, '1.00');
INSERT INTO `sistema_productos` VALUES (0x11E87469D115E1BE9BD600270E383B06, '1529490333', 'VER13303601', 'VERONA CAUCHO TIPO A OSTRA ARADO', '[\"11E8676EAD11B2E6BDE500270E383B06\",\"11E8671BDA538048BDE500270E383B06\"]', 0x11E7AF8DDC5D706EA5F700270E383B06, 0x11E7AF8DDC5D706EA5F700270E383B06, '1.00');
INSERT INTO `sistema_productos` VALUES (0x11E87469D11BBEEF9BD600270E383B06, '1529490333', 'VER13303640', 'VERONA CAUCHO TIPO A OSTRA ARADO', '[\"11E8676EAD11B2E6BDE500270E383B06\",\"11E8671BDA538048BDE500270E383B06\"]', 0x11E7AF8DE9F3C53BA5F700270E383B06, 0x11E7AF8DE9F3C53BA5F700270E383B06, '1.00');
INSERT INTO `sistema_productos` VALUES (0x11E87469D12842BC9BD600270E383B06, '1529490333', 'VER13302001', 'VERONA CAUCHO TIPO A VERDE MOHO (OLIVO)', '[\"11E8676EAD11B2E6BDE500270E383B06\",\"11E8671BDA538048BDE500270E383B06\"]', 0x11E7AF8DDC5D706EA5F700270E383B06, 0x11E7AF8DDC5D706EA5F700270E383B06, '1.00');
INSERT INTO `sistema_productos` VALUES (0x11E87469D136F5A49BD600270E383B06, '1529490333', 'VER13302040', 'VERONA CAUCHO TIPO A VERDE MOHO (OLIVO)', '[\"11E8676EAD11B2E6BDE500270E383B06\",\"11E8671BDA538048BDE500270E383B06\"]', 0x11E7AF8DE9F3C53BA5F700270E383B06, 0x11E7AF8DE9F3C53BA5F700270E383B06, '1.00');
INSERT INTO `sistema_productos` VALUES (0x11E87469D13985479BD600270E383B06, '1529490333', 'VER13302501', 'VERONA CAUCHO TIPO A VERDE MANZANA', '[\"11E8676EAD11B2E6BDE500270E383B06\",\"11E8671BDA538048BDE500270E383B06\"]', 0x11E7AF8DDC5D706EA5F700270E383B06, 0x11E7AF8DDC5D706EA5F700270E383B06, '1.00');
INSERT INTO `sistema_productos` VALUES (0x11E87469D13DAB159BD600270E383B06, '1529490333', 'VER13302540', 'VERONA CAUCHO TIPO A VERDE MANZANA', '[\"11E8676EAD11B2E6BDE500270E383B06\",\"11E8671BDA538048BDE500270E383B06\"]', 0x11E7AF8DE9F3C53BA5F700270E383B06, 0x11E7AF8DE9F3C53BA5F700270E383B06, '1.00');
INSERT INTO `sistema_productos` VALUES (0x11E87469D14CA29E9BD600270E383B06, '1529490334', 'VER13302101', 'VERONA CAUCHO TIPO A VERDE CASCADA', '[\"11E8676EAD11B2E6BDE500270E383B06\",\"11E8671BDA538048BDE500270E383B06\"]', 0x11E7AF8DDC5D706EA5F700270E383B06, 0x11E7AF8DDC5D706EA5F700270E383B06, '1.00');
INSERT INTO `sistema_productos` VALUES (0x11E87469D151A6B09BD600270E383B06, '1529490334', 'VER13302140', 'VERONA CAUCHO TIPO A VERDE CASCADA', '[\"11E8676EAD11B2E6BDE500270E383B06\",\"11E8671BDA538048BDE500270E383B06\"]', 0x11E7AF8DE9F3C53BA5F700270E383B06, 0x11E7AF8DE9F3C53BA5F700270E383B06, '1.00');
INSERT INTO `sistema_productos` VALUES (0x11E87469D1544A599BD600270E383B06, '1529490334', 'VER13302201', 'VERONA CAUCHO TIPO A VERDE BEBE', '[\"11E8676EAD11B2E6BDE500270E383B06\",\"11E8671BDA538048BDE500270E383B06\"]', 0x11E7AF8DDC5D706EA5F700270E383B06, 0x11E7AF8DDC5D706EA5F700270E383B06, '1.00');
INSERT INTO `sistema_productos` VALUES (0x11E87469D156C1069BD600270E383B06, '1529490334', 'VER13301840', 'VERONA CAUCHO TIPO A VERDE BEBE', '[\"11E8676EAD11B2E6BDE500270E383B06\",\"11E8671BDA538048BDE500270E383B06\"]', 0x11E7AF8DE9F3C53BA5F700270E383B06, 0x11E7AF8DE9F3C53BA5F700270E383B06, '1.00');
INSERT INTO `sistema_productos` VALUES (0x11E87469D159637D9BD600270E383B06, '1529490334', 'VER13302301', 'VERONA CAUCHO TIPO A LILA', '[\"11E8676EAD11B2E6BDE500270E383B06\",\"11E8671BDA538048BDE500270E383B06\"]', 0x11E7AF8DDC5D706EA5F700270E383B06, 0x11E7AF8DDC5D706EA5F700270E383B06, '1.00');
INSERT INTO `sistema_productos` VALUES (0x11E87469D15BD0189BD600270E383B06, '1529490334', 'VER13302340', 'VERONA CAUCHO TIPO A LILA', '[\"11E8676EAD11B2E6BDE500270E383B06\",\"11E8671BDA538048BDE500270E383B06\"]', 0x11E7AF8DE9F3C53BA5F700270E383B06, 0x11E7AF8DE9F3C53BA5F700270E383B06, '1.00');
INSERT INTO `sistema_productos` VALUES (0x11E87469D15E81549BD600270E383B06, '1529490334', 'VER13303501', 'VERONA CAUCHO TIPO A LAVANDA', '[\"11E8676EAD11B2E6BDE500270E383B06\",\"11E8671BDA538048BDE500270E383B06\"]', 0x11E7AF8DDC5D706EA5F700270E383B06, 0x11E7AF8DDC5D706EA5F700270E383B06, '1.00');
INSERT INTO `sistema_productos` VALUES (0x11E87469D160F2439BD600270E383B06, '1529490334', 'VER13303540', 'VERONA CAUCHO TIPO A LAVANDA', '[\"11E8676EAD11B2E6BDE500270E383B06\",\"11E8671BDA538048BDE500270E383B06\"]', 0x11E7AF8DE9F3C53BA5F700270E383B06, 0x11E7AF8DE9F3C53BA5F700270E383B06, '1.00');
INSERT INTO `sistema_productos` VALUES (0x11E87469D16442DC9BD600270E383B06, '1529490334', 'VER13301101', 'VERONA CAUCHO TIPO A CHOCOLATE', '[\"11E8676EAD11B2E6BDE500270E383B06\",\"11E8671BDA538048BDE500270E383B06\"]', 0x11E7AF8DDC5D706EA5F700270E383B06, 0x11E7AF8DDC5D706EA5F700270E383B06, '1.00');
INSERT INTO `sistema_productos` VALUES (0x11E87469D168B9979BD600270E383B06, '1529490334', 'VER13301140', 'VERONA CAUCHO TIPO A CHOCOLATE', '[\"11E8676EAD11B2E6BDE500270E383B06\",\"11E8671BDA538048BDE500270E383B06\"]', 0x11E7AF8DE9F3C53BA5F700270E383B06, 0x11E7AF8DE9F3C53BA5F700270E383B06, '1.00');
INSERT INTO `sistema_productos` VALUES (0x11E87469D16C6F2C9BD600270E383B06, '1529490334', 'VER13301201', 'VERONA CAUCHO TIPO A CANELA', '[\"11E8676EAD11B2E6BDE500270E383B06\",\"11E8671BDA538048BDE500270E383B06\"]', 0x11E7AF8DDC5D706EA5F700270E383B06, 0x11E7AF8DDC5D706EA5F700270E383B06, '1.00');
INSERT INTO `sistema_productos` VALUES (0x11E87469D173552A9BD600270E383B06, '1529490334', 'VER13301240', 'VERONA CAUCHO TIPO A CANELA', '[\"11E8676EAD11B2E6BDE500270E383B06\",\"11E8671BDA538048BDE500270E383B06\"]', 0x11E7AF8DE9F3C53BA5F700270E383B06, 0x11E7AF8DE9F3C53BA5F700270E383B06, '1.00');
INSERT INTO `sistema_productos` VALUES (0x11E87469D1769C989BD600270E383B06, '1529490334', 'MRM01', 'RESINA MEDIA AL 35%', '[\"11E8676EAD11B2E6BDE500270E383B06\",\"11E8671BDA538048BDE500270E383B06\"]', 0x11E7A90D43325DA68A4800E04C6F7E24, 0x11E7A90D43325DA68A4800E04C6F7E24, '1.00');
INSERT INTO `sistema_productos` VALUES (0x11E87469D179154D9BD600270E383B06, '1529490334', 'MRL01', 'RESINA LARGA DE SOYA AL 70%', '[\"11E8676EAD11B2E6BDE500270E383B06\",\"11E8671BDA538048BDE500270E383B06\"]', 0x11E7A90D43325DA68A4800E04C6F7E24, 0x11E7A90D43325DA68A4800E04C6F7E24, '1.00');
INSERT INTO `sistema_productos` VALUES (0x11E87469D17BA25D9BD600270E383B06, '1529490334', 'MESP01', 'CELLOCIZE QP 100', '[\"11E8676EAD11B2E6BDE500270E383B06\",\"11E8671BDA538048BDE500270E383B06\"]', 0x11E7AF8A08F0A02CA5F700270E383B06, 0x11E7AF8A08F0A02CA5F700270E383B06, '1.00');
INSERT INTO `sistema_productos` VALUES (0x11E87469D17E2CF49BD600270E383B06, '1529490334', 'MSP01', 'LEAD DRIER', '[\"11E8676EAD11B2E6BDE500270E383B06\",\"11E8671BDA538048BDE500270E383B06\"]', 0x11E7A90D43325DA68A4800E04C6F7E24, 0x11E7A90D43325DA68A4800E04C6F7E24, '1.00');
INSERT INTO `sistema_productos` VALUES (0x11E87469D180BA259BD600270E383B06, '1529490334', 'MSC01', 'OCTOATE COBALT AL 10 %', '[\"11E8676EAD11B2E6BDE500270E383B06\",\"11E8671BDA538048BDE500270E383B06\"]', 0x11E7A90D43325DA68A4800E04C6F7E24, 0x11E7A90D43325DA68A4800E04C6F7E24, '1.00');
INSERT INTO `sistema_productos` VALUES (0x11E87469D1833F689BD600270E383B06, '1529490334', 'MSCIO01', 'OCTOATE CALCIUM AL 10%', '[\"11E8676EAD11B2E6BDE500270E383B06\",\"11E8671BDA538048BDE500270E383B06\"]', 0x11E7A90D43325DA68A4800E04C6F7E24, 0x11E7A90D43325DA68A4800E04C6F7E24, '1.00');
INSERT INTO `sistema_productos` VALUES (0x11E87469D185CFD79BD600270E383B06, '1529490334', 'MD01', 'DENSIPOL', '[\"11E8676EAD11B2E6BDE500270E383B06\",\"11E8671BDA538048BDE500270E383B06\"]', 0x11E7AF8A08F0A02CA5F700270E383B06, 0x11E7AF8A08F0A02CA5F700270E383B06, '1.00');
INSERT INTO `sistema_productos` VALUES (0x11E87469D18AF7B59BD600270E383B06, '1529490334', 'MV01', 'VISCOGEL ED', '[\"11E8676EAD11B2E6BDE500270E383B06\",\"11E8671BDA538048BDE500270E383B06\"]', 0x11E7AF8A08F0A02CA5F700270E383B06, 0x11E7AF8A08F0A02CA5F700270E383B06, '1.00');
INSERT INTO `sistema_productos` VALUES (0x11E87469D18D70809BD600270E383B06, '1529490334', 'MRE01', 'RESINA ESTIRENO ACRILICA', '[\"11E8676EAD11B2E6BDE500270E383B06\",\"11E8671BDA538048BDE500270E383B06\"]', 0x11E7AF8A08F0A02CA5F700270E383B06, 0x11E7AF8A08F0A02CA5F700270E383B06, '1.00');
INSERT INTO `sistema_productos` VALUES (0x11E87469D18FFBEF9BD600270E383B06, '1529490334', 'MCC01', 'CARBONATO DE CALCIO NIGTA 1 625', '[\"11E8676EAD11B2E6BDE500270E383B06\",\"11E8671BDA538048BDE500270E383B06\"]', 0x11E7AF8A08F0A02CA5F700270E383B06, 0x11E7AF8A08F0A02CA5F700270E383B06, '1.00');
INSERT INTO `sistema_productos` VALUES (0x11E87469D19287E99BD600270E383B06, '1529490334', 'MB01', 'BIOPOL F1 L1', '[\"11E8676EAD11B2E6BDE500270E383B06\",\"11E8671BDA538048BDE500270E383B06\"]', 0x11E7AF8A08F0A02CA5F700270E383B06, 0x11E7AF8A165DB218A5F700270E383B06, '1.00');
INSERT INTO `sistema_productos` VALUES (0x11E87469D19510B49BD600270E383B06, '1529490334', 'MPA01', 'PASTA ALUMINIO', '[\"11E8676EAD11B2E6BDE500270E383B06\",\"11E8671BDA538048BDE500270E383B06\"]', 0x11E7A90D43325DA68A4800E04C6F7E24, 0x11E7A90D43325DA68A4800E04C6F7E24, '1.00');
INSERT INTO `sistema_productos` VALUES (0x11E87469D1979EE59BD600270E383B06, '1529490334', 'MAD01', 'ARPOL A445', '[\"11E8676EAD11B2E6BDE500270E383B06\",\"11E8671BDA538048BDE500270E383B06\"]', 0x11E7AF8A165DB218A5F700270E383B06, 0x11E7AF8A165DB218A5F700270E383B06, '1.00');
INSERT INTO `sistema_productos` VALUES (0x11E87469D19A27039BD600270E383B06, '1529490334', 'MESP01', 'MECELLOZE', '[\"11E8676EAD11B2E6BDE500270E383B06\",\"11E8671BDA538048BDE500270E383B06\"]', 0x11E7A90D43325DA68A4800E04C6F7E24, 0x11E7A90D43325DA68A4800E04C6F7E24, '1.00');
INSERT INTO `sistema_productos` VALUES (0x11E87469D19CB5269BD600270E383B06, '1529490334', 'MCLIN01', 'CAOLIN NACIONAL LARA 400', '[\"11E8676EAD11B2E6BDE500270E383B06\",\"11E8671BDA538048BDE500270E383B06\"]', 0x11E7AF8A08F0A02CA5F700270E383B06, 0x11E7AF8A165DB218A5F700270E383B06, '1.00');
INSERT INTO `sistema_productos` VALUES (0x11E87469D19F3D539BD600270E383B06, '1529490334', 'MCLINIMP01', 'CAOLIN IMPORTADO BLANCO 400', '[\"11E8676EAD11B2E6BDE500270E383B06\",\"11E8671BDA538048BDE500270E383B06\"]', 0x11E7AF8A08F0A02CA5F700270E383B06, 0x11E7AF8A165DB218A5F700270E383B06, '1.00');
INSERT INTO `sistema_productos` VALUES (0x11E87469D1A1CB2C9BD600270E383B06, '1529490334', 'MCABSI01', 'CARBONATO DE CALCIO ABSI', '[\"11E8676EAD11B2E6BDE500270E383B06\",\"11E8671BDA538048BDE500270E383B06\"]', 0x11E7AF8A08F0A02CA5F700270E383B06, 0x11E7AF8A165DB218A5F700270E383B06, '1.00');
INSERT INTO `sistema_productos` VALUES (0x11E87469D1A453909BD600270E383B06, '1529490334', 'MCN01', 'CARBONATO DE CALCIO NACIONAL M400', '[\"11E8676EAD11B2E6BDE500270E383B06\",\"11E8671BDA538048BDE500270E383B06\"]', 0x11E7AF8A08F0A02CA5F700270E383B06, 0x11E7AF8A165DB218A5F700270E383B06, '1.00');
INSERT INTO `sistema_productos` VALUES (0x11E87469D1A6E7339BD600270E383B06, '1529490334', 'MCN27001', 'CARBONATO DE CALCIO NACIONAL MICROCARIBE N270', '[\"11E8676EAD11B2E6BDE500270E383B06\",\"11E8671BDA538048BDE500270E383B06\"]', 0x11E7AF8A08F0A02CA5F700270E383B06, 0x11E7AF8A165DB218A5F700270E383B06, '1.00');
INSERT INTO `sistema_productos` VALUES (0x11E87469D1A963B89BD600270E383B06, '1529490334', 'MCMN6001', 'CARBONATO DE CALCIO NACIONAL MICRO N60', '[\"11E8676EAD11B2E6BDE500270E383B06\",\"11E8671BDA538048BDE500270E383B06\"]', 0x11E7AF8A08F0A02CA5F700270E383B06, 0x11E7AF8A165DB218A5F700270E383B06, '1.00');
INSERT INTO `sistema_productos` VALUES (0x11E87469D1ADD0899BD600270E383B06, '1529490334', 'MCN60001', 'CARBONATO DE CALCIO NACIONAL MICRO CARIBE N600', '[\"11E8676EAD11B2E6BDE500270E383B06\",\"11E8671BDA538048BDE500270E383B06\"]', 0x11E7AF8A08F0A02CA5F700270E383B06, 0x11E7AF8A165DB218A5F700270E383B06, '1.00');
INSERT INTO `sistema_productos` VALUES (0x11E87469D1B4E2F59BD600270E383B06, '1529490334', 'MB2401', 'BENTONE 24', '[\"11E8676EAD11B2E6BDE500270E383B06\",\"11E8671BDA538048BDE500270E383B06\"]', 0x11E7AF8A165DB218A5F700270E383B06, 0x11E7AF8A165DB218A5F700270E383B06, '1.00');
INSERT INTO `sistema_productos` VALUES (0x11E87469D1BA008A9BD600270E383B06, '1529490334', 'MHBA01', 'HBA 750', '[\"11E8676EAD11B2E6BDE500270E383B06\",\"11E8671BDA538048BDE500270E383B06\"]', 0x11E7A90D43325DA68A4800E04C6F7E24, 0x11E7A90D43325DA68A4800E04C6F7E24, '1.00');
INSERT INTO `sistema_productos` VALUES (0x11E87469D1BC82C99BD600270E383B06, '1529490334', 'MF01', 'FALAMINE PLUS', '[\"11E8676EAD11B2E6BDE500270E383B06\",\"11E8671BDA538048BDE500270E383B06\"]', 0x11E7A90D43325DA68A4800E04C6F7E24, 0x11E7A90D43325DA68A4800E04C6F7E24, '1.00');
INSERT INTO `sistema_productos` VALUES (0x11E87469D1C2E3AC9BD600270E383B06, '1529490334', 'MRUE01', 'ROPAQUE ULTA E', '[\"11E8676EAD11B2E6BDE500270E383B06\",\"11E8671BDA538048BDE500270E383B06\"]', 0x11E7A90D43325DA68A4800E04C6F7E24, 0x11E7A90D43325DA68A4800E04C6F7E24, '1.00');
INSERT INTO `sistema_productos` VALUES (0x11E87469D1CA95169BD600270E383B06, '1529490334', 'MX01', 'XILENO', '[\"11E8676EAD11B2E6BDE500270E383B06\",\"11E8671BDA538048BDE500270E383B06\"]', 0x11E7AF8A08F0A02CA5F700270E383B06, 0x11E7AF8A08F0A02CA5F700270E383B06, '1.00');
INSERT INTO `sistema_productos` VALUES (0x11E87469D1CD169F9BD600270E383B06, '1529490334', 'MMEG01', 'MONOETILENGLICOL', '[\"11E8676EAD11B2E6BDE500270E383B06\",\"11E8671BDA538048BDE500270E383B06\"]', 0x11E7A90D43325DA68A4800E04C6F7E24, 0x11E7A90D43325DA68A4800E04C6F7E24, '1.00');
INSERT INTO `sistema_productos` VALUES (0x11E87469D1D0C8BF9BD600270E383B06, '1529490334', 'MGB01', 'GASOLINA BLANCA', '[\"11E8676EAD11B2E6BDE500270E383B06\",\"11E8671BDA538048BDE500270E383B06\"]', 0x11E7A90D43325DA68A4800E04C6F7E24, 0x11E7A90D43325DA68A4800E04C6F7E24, '1.00');
INSERT INTO `sistema_productos` VALUES (0x11E87469D1D35AE89BD600270E383B06, '1529490334', 'MU01', 'ULTRANEX NONIL FENOL 10 MOLES', '[\"11E8676EAD11B2E6BDE500270E383B06\",\"11E8671BDA538048BDE500270E383B06\"]', 0x11E7A90D43325DA68A4800E04C6F7E24, 0x11E7A90D43325DA68A4800E04C6F7E24, '1.00');
INSERT INTO `sistema_productos` VALUES (0x11E87469D1D788169BD600270E383B06, '1529490335', 'MPZ01', 'PHOSFATO DE ZINC', '[\"11E8676EAD11B2E6BDE500270E383B06\",\"11E8671BDA538048BDE500270E383B06\"]', 0x11E7A90D43325DA68A4800E04C6F7E24, 0x11E7A90D43325DA68A4800E04C6F7E24, '1.00');
INSERT INTO `sistema_productos` VALUES (0x11E87469D1E31C989BD600270E383B06, '1529490335', 'MSH01', 'SODIUM HEXAPHOSFATO', '[\"11E8676EAD11B2E6BDE500270E383B06\",\"11E8671BDA538048BDE500270E383B06\"]', 0x11E7AF8A08F0A02CA5F700270E383B06, 0x11E7AF8A08F0A02CA5F700270E383B06, '1.00');
INSERT INTO `sistema_productos` VALUES (0x11E87469D1EE12239BD600270E383B06, '1529490335', 'MP01', 'PROMEX CHS53', '[\"11E8676EAD11B2E6BDE500270E383B06\",\"11E8671BDA538048BDE500270E383B06\"]', 0x11E7A90D43325DA68A4800E04C6F7E24, 0x11E7A90D43325DA68A4800E04C6F7E24, '1.00');
INSERT INTO `sistema_productos` VALUES (0x11E87469D1F7DCA29BD600270E383B06, '1529490335', 'MB01', 'BIOCIDE', '[\"11E8676EAD11B2E6BDE500270E383B06\",\"11E8671BDA538048BDE500270E383B06\"]', 0x11E7AF8A08F0A02CA5F700270E383B06, 0x11E7AF8A165DB218A5F700270E383B06, '1.00');
INSERT INTO `sistema_productos` VALUES (0x11E87469D2064B139BD600270E383B06, '1529490335', 'MT01', 'TERGITOL', '[\"11E8676EAD11B2E6BDE500270E383B06\",\"11E8671BDA538048BDE500270E383B06\"]', 0x11E7AF8A08F0A02CA5F700270E383B06, 0x11E7AF8A08F0A02CA5F700270E383B06, '1.00');
INSERT INTO `sistema_productos` VALUES (0x11E87469D208C75E9BD600270E383B06, '1529490335', 'MIBT01', 'IBT TEXANOL', '[\"11E8676EAD11B2E6BDE500270E383B06\",\"11E8671BDA538048BDE500270E383B06\"]', 0x11E7A90D43325DA68A4800E04C6F7E24, 0x11E7A90D43325DA68A4800E04C6F7E24, '1.00');
INSERT INTO `sistema_productos` VALUES (0x11E87469D20B5AB39BD600270E383B06, '1529490335', 'MO01', 'OROTAN', '[\"11E8676EAD11B2E6BDE500270E383B06\",\"11E8671BDA538048BDE500270E383B06\"]', 0x11E7A90D43325DA68A4800E04C6F7E24, 0x11E7A90D43325DA68A4800E04C6F7E24, '1.00');
INSERT INTO `sistema_productos` VALUES (0x11E87469D20DDDA29BD600270E383B06, '1529490335', 'MN01', 'NOUPERSE 757', '[\"11E8676EAD11B2E6BDE500270E383B06\",\"11E8671BDA538048BDE500270E383B06\"]', 0x11E7A90D43325DA68A4800E04C6F7E24, 0x11E7A90D43325DA68A4800E04C6F7E24, '1.00');
INSERT INTO `sistema_productos` VALUES (0x11E87469D21070A09BD600270E383B06, '1529490335', 'MPY01', 'PIGMENTO SUDADUR 12 YELLOW 1222C/15-285', '[\"11E8676EAD11B2E6BDE500270E383B06\",\"11E8671BDA538048BDE500270E383B06\"]', 0x11E7A90D43325DA68A4800E04C6F7E24, 0x11E7A90D43325DA68A4800E04C6F7E24, '1.00');
INSERT INTO `sistema_productos` VALUES (0x11E87469D212F7969BD600270E383B06, '1529490335', 'MPN01', 'PIGMENTO NEGRO BEN HUMUS', '[\"11E8676EAD11B2E6BDE500270E383B06\",\"11E8671BDA538048BDE500270E383B06\"]', 0x11E7A90D43325DA68A4800E04C6F7E24, 0x11E7A90D43325DA68A4800E04C6F7E24, '1.00');
INSERT INTO `sistema_productos` VALUES (0x11E87469D215902A9BD600270E383B06, '1529490335', 'MPR01', 'PIGMENTO ROJO 417', '[\"11E8676EAD11B2E6BDE500270E383B06\",\"11E8671BDA538048BDE500270E383B06\"]', 0x11E7A90D43325DA68A4800E04C6F7E24, 0x11E7A90D43325DA68A4800E04C6F7E24, '1.00');
INSERT INTO `sistema_productos` VALUES (0x11E87469D2180B369BD600270E383B06, '1529490335', 'MIR01', 'IRON RED 190', '[\"11E8676EAD11B2E6BDE500270E383B06\",\"11E8671BDA538048BDE500270E383B06\"]', 0x11E7A90D43325DA68A4800E04C6F7E24, 0x11E7A90D43325DA68A4800E04C6F7E24, '1.00');
INSERT INTO `sistema_productos` VALUES (0x11E87469D21AA15C9BD600270E383B06, '1529490335', 'MIR01', 'IRON RED 130', '[\"11E8676EAD11B2E6BDE500270E383B06\",\"11E8671BDA538048BDE500270E383B06\"]', 0x11E7A90D43325DA68A4800E04C6F7E24, 0x11E7A90D43325DA68A4800E04C6F7E24, '1.00');
INSERT INTO `sistema_productos` VALUES (0x11E87469D21D1F8A9BD600270E383B06, '1529490335', 'MIV701', 'IRON VERDE 7', '[\"11E8676EAD11B2E6BDE500270E383B06\",\"11E8671BDA538048BDE500270E383B06\"]', 0x11E7A90D43325DA68A4800E04C6F7E24, 0x11E7A90D43325DA68A4800E04C6F7E24, '1.00');
INSERT INTO `sistema_productos` VALUES (0x11E87469D224C1AB9BD600270E383B06, '1529490335', 'MIO01', 'IRON ORANGE', '[\"11E8676EAD11B2E6BDE500270E383B06\",\"11E8671BDA538048BDE500270E383B06\"]', 0x11E7A90D43325DA68A4800E04C6F7E24, 0x11E7A90D43325DA68A4800E04C6F7E24, '1.00');
INSERT INTO `sistema_productos` VALUES (0x11E87469D2287F149BD600270E383B06, '1529490335', 'MIB37001', 'IRON BLACK 370DC', '[\"11E8676EAD11B2E6BDE500270E383B06\",\"11E8671BDA538048BDE500270E383B06\"]', 0x11E7A90D43325DA68A4800E04C6F7E24, 0x11E7A90D43325DA68A4800E04C6F7E24, '1.00');
INSERT INTO `sistema_productos` VALUES (0x11E87469D22B18699BD600270E383B06, '1529490335', 'MIM01', 'IRON MARRON 660', '[\"11E8676EAD11B2E6BDE500270E383B06\",\"11E8671BDA538048BDE500270E383B06\"]', 0x11E7A90D43325DA68A4800E04C6F7E24, 0x11E7A90D43325DA68A4800E04C6F7E24, '1.00');
INSERT INTO `sistema_productos` VALUES (0x11E87469D22EDA4B9BD600270E383B06, '1529490335', 'MIM61001', 'IRON MARRON 610', '[\"11E8676EAD11B2E6BDE500270E383B06\",\"11E8671BDA538048BDE500270E383B06\"]', 0x11E7A90D43325DA68A4800E04C6F7E24, 0x11E7A90D43325DA68A4800E04C6F7E24, '1.00');
INSERT INTO `sistema_productos` VALUES (0x11E87469D23179869BD600270E383B06, '1529490335', 'MIM68601', 'IRON MARRON 686', '[\"11E8676EAD11B2E6BDE500270E383B06\",\"11E8671BDA538048BDE500270E383B06\"]', 0x11E7A90D43325DA68A4800E04C6F7E24, 0x11E7A90D43325DA68A4800E04C6F7E24, '1.00');
INSERT INTO `sistema_productos` VALUES (0x11E87469D2353C649BD600270E383B06, '1529490335', 'MIA01', 'IRON AZUL 15:3', '[\"11E8676EAD11B2E6BDE500270E383B06\",\"11E8671BDA538048BDE500270E383B06\"]', 0x11E7A90D43325DA68A4800E04C6F7E24, 0x11E7A90D43325DA68A4800E04C6F7E24, '1.00');
INSERT INTO `sistema_productos` VALUES (0x11E87469D237D3709BD600270E383B06, '1529490335', 'MPR11201', 'PIGMENTO ROJO 112', '[\"11E8676EAD11B2E6BDE500270E383B06\",\"11E8671BDA538048BDE500270E383B06\"]', 0x11E7A90D43325DA68A4800E04C6F7E24, 0x11E7A90D43325DA68A4800E04C6F7E24, '1.00');
INSERT INTO `sistema_productos` VALUES (0x11E87469D23B932D9BD600270E383B06, '1529490335', 'MTDCA01', 'TINTA DUO COLOR AZUL', '[\"11E8676EAD11B2E6BDE500270E383B06\",\"11E8671BDA538048BDE500270E383B06\"]', 0x11E7A90D43325DA68A4800E04C6F7E24, 0x11E7A90D43325DA68A4800E04C6F7E24, '1.00');
INSERT INTO `sistema_productos` VALUES (0x11E87469D23E2DEC9BD600270E383B06, '1529490335', 'MTDCV01', 'TINTA DUO COLOR VERDE', '[\"11E8676EAD11B2E6BDE500270E383B06\",\"11E8671BDA538048BDE500270E383B06\"]', 0x11E7A90D43325DA68A4800E04C6F7E24, 0x11E7A90D43325DA68A4800E04C6F7E24, '1.00');
INSERT INTO `sistema_productos` VALUES (0x11E87469D241F1679BD600270E383B06, '1529490335', 'MTDCA01', 'TINTA DUO COLOR AMARILLO', '[\"11E8676EAD11B2E6BDE500270E383B06\",\"11E8671BDA538048BDE500270E383B06\"]', 0x11E7A90D43325DA68A4800E04C6F7E24, 0x11E7A90D43325DA68A4800E04C6F7E24, '1.00');
INSERT INTO `sistema_productos` VALUES (0x11E87469D2448F4B9BD600270E383B06, '1529490335', 'MTPA50301', 'TINTA PIGMENTO AZUL 503', '[\"11E8676EAD11B2E6BDE500270E383B06\",\"11E8671BDA538048BDE500270E383B06\"]', 0x11E7AF8A08F0A02CA5F700270E383B06, 0x11E7AF8A08F0A02CA5F700270E383B06, '1.00');
INSERT INTO `sistema_productos` VALUES (0x11E87469D24848CA9BD600270E383B06, '1529490335', 'MTON01', 'TINTA OXIDO NARANJA', '[\"11E8676EAD11B2E6BDE500270E383B06\",\"11E8671BDA538048BDE500270E383B06\"]', 0x11E7AF8A08F0A02CA5F700270E383B06, 0x11E7AF8A08F0A02CA5F700270E383B06, '1.00');
INSERT INTO `sistema_productos` VALUES (0x11E87469D24AE8029BD600270E383B06, '1529490335', 'MTO68601', 'TINTA OXIDO 686', '[\"11E8676EAD11B2E6BDE500270E383B06\",\"11E8671BDA538048BDE500270E383B06\"]', 0x11E7AF8A08F0A02CA5F700270E383B06, 0x11E7AF8A08F0A02CA5F700270E383B06, '1.00');
INSERT INTO `sistema_productos` VALUES (0x11E87469D24EA8B49BD600270E383B06, '1529490335', 'MTPR11201', 'TINTA PIGMENTO ROJO 112', '[\"11E8676EAD11B2E6BDE500270E383B06\",\"11E8671BDA538048BDE500270E383B06\"]', 0x11E7A90D43325DA68A4800E04C6F7E24, 0x11E7A90D43325DA68A4800E04C6F7E24, '1.00');
INSERT INTO `sistema_productos` VALUES (0x11E87469D25145779BD600270E383B06, '1529490335', 'MTEN01', 'TINTA ESMALTE NEGRO', '[\"11E8676EAD11B2E6BDE500270E383B06\",\"11E8671BDA538048BDE500270E383B06\"]', 0x11E7A90D43325DA68A4800E04C6F7E24, 0x11E7A90D43325DA68A4800E04C6F7E24, '1.00');
INSERT INTO `sistema_productos` VALUES (0x11E87469D255084A9BD600270E383B06, '1529490335', 'MTIB15:301', 'TINTA IMPORTADA BLUE 15:3', '[\"11E8676EAD11B2E6BDE500270E383B06\",\"11E8671BDA538048BDE500270E383B06\"]', 0x11E7A90D43325DA68A4800E04C6F7E24, 0x11E7A90D43325DA68A4800E04C6F7E24, '1.00');
INSERT INTO `sistema_productos` VALUES (0x11E87469D2579A5D9BD600270E383B06, '1529490335', 'MTIR11201', 'TINTA IMPORTADA RED 112', '[\"11E8676EAD11B2E6BDE500270E383B06\",\"11E8671BDA538048BDE500270E383B06\"]', 0x11E7A90D43325DA68A4800E04C6F7E24, 0x11E7A90D43325DA68A4800E04C6F7E24, '1.00');
INSERT INTO `sistema_productos` VALUES (0x11E87469D25B5E809BD600270E383B06, '1529490335', 'MTI01', 'TINTA IMPORTADA YELLOW', '[\"11E8676EAD11B2E6BDE500270E383B06\",\"11E8671BDA538048BDE500270E383B06\"]', 0x11E7A90D43325DA68A4800E04C6F7E24, 0x11E7A90D43325DA68A4800E04C6F7E24, '1.00');
INSERT INTO `sistema_productos` VALUES (0x11E87469D25DFB4B9BD600270E383B06, '1529490335', 'MTOV701', 'TINTA OXIDO VERDE 7', '[\"11E8676EAD11B2E6BDE500270E383B06\",\"11E8671BDA538048BDE500270E383B06\"]', 0x11E7A90D43325DA68A4800E04C6F7E24, 0x11E7A90D43325DA68A4800E04C6F7E24, '1.00');
INSERT INTO `sistema_productos` VALUES (0x11E87469D261BCEE9BD600270E383B06, '1529490335', 'MTPA12701', 'TINTA PIGMENTO AMARILLO PTALOCIANINA 127', '[\"11E8676EAD11B2E6BDE500270E383B06\",\"11E8671BDA538048BDE500270E383B06\"]', 0x11E7A90D43325DA68A4800E04C6F7E24, 0x11E7A90D43325DA68A4800E04C6F7E24, '1.00');
INSERT INTO `sistema_productos` VALUES (0x11E87469D26457B89BD600270E383B06, '1529490335', 'MTON37001', 'TINTA OXIDO NEGRO 370', '[\"11E8676EAD11B2E6BDE500270E383B06\",\"11E8671BDA538048BDE500270E383B06\"]', 0x11E7AF8A08F0A02CA5F700270E383B06, 0x11E7AF8A08F0A02CA5F700270E383B06, '1.00');
INSERT INTO `sistema_productos` VALUES (0x11E87469D2681A4D9BD600270E383B06, '1529490335', 'MTOR13001', 'TINTA OXIDO ROJO 130', '[\"11E8676EAD11B2E6BDE500270E383B06\",\"11E8671BDA538048BDE500270E383B06\"]', 0x11E7AF8A08F0A02CA5F700270E383B06, 0x11E7AF8A08F0A02CA5F700270E383B06, '1.00');
INSERT INTO `sistema_productos` VALUES (0x11E87469D26AB5949BD600270E383B06, '1529490335', 'MTO61001', 'TINTA OXIDO 610', '[\"11E8676EAD11B2E6BDE500270E383B06\",\"11E8671BDA538048BDE500270E383B06\"]', 0x11E7A90D43325DA68A4800E04C6F7E24, 0x11E7A90D43325DA68A4800E04C6F7E24, '1.00');
INSERT INTO `sistema_productos` VALUES (0x11E87469D2722CA39BD600270E383B06, '1529490335', 'MTO190', 'TINTA OXIDO 190', '[\"11E8676EAD11B2E6BDE500270E383B06\",\"11E8671BDA538048BDE500270E383B06\"]', 0x11E7AF8A08F0A02CA5F700270E383B06, 0x11E7AF8A08F0A02CA5F700270E383B06, '1.00');
INSERT INTO `sistema_productos` VALUES (0x11E87469D28A93729BD600270E383B06, '1529490335', 'MTO66001', 'TINTA OXIDO 660', '[\"11E8676EAD11B2E6BDE500270E383B06\",\"11E8671BDA538048BDE500270E383B06\"]', 0x11E7AF8A08F0A02CA5F700270E383B06, 0x11E7AF8A08F0A02CA5F700270E383B06, '1.00');
INSERT INTO `sistema_productos` VALUES (0x11E87469D29455549BD600270E383B06, '1529490335', 'MTOO96001', 'TINTA OXIDO ORANGE 960', '[\"11E8676EAD11B2E6BDE500270E383B06\",\"11E8671BDA538048BDE500270E383B06\"]', 0x11E7AF8A08F0A02CA5F700270E383B06, 0x11E7AF8A08F0A02CA5F700270E383B06, '1.00');
INSERT INTO `sistema_productos` VALUES (0x11E87469D299CDFE9BD600270E383B06, '1529490335', 'MTPVI01', 'TINTA PIGMENTO VIOLETA IMPORTADO', '[\"11E8676EAD11B2E6BDE500270E383B06\",\"11E8671BDA538048BDE500270E383B06\"]', 0x11E7A90D43325DA68A4800E04C6F7E24, 0x11E7A90D43325DA68A4800E04C6F7E24, '1.00');
INSERT INTO `sistema_productos` VALUES (0x11E87469D2A0BA719BD600270E383B06, '1529490336', 'ME4C01', 'ENVASES PLASTICOS DE 4 CUÑETES', '[\"11E8676EAD11B2E6BDE500270E383B06\",\"11E8671BDA538048BDE500270E383B06\"]', 0x11E7AF8A08F0A02CA5F700270E383B06, 0x11E7AF8A08F0A02CA5F700270E383B06, '1.00');
INSERT INTO `sistema_productos` VALUES (0x11E87469D2A6D6D59BD600270E383B06, '1529490336', 'ME5C01', 'ENVASES PLASTICOS DE 5 CUÑETES', '[\"11E8676EAD11B2E6BDE500270E383B06\",\"11E8671BDA538048BDE500270E383B06\"]', 0x11E7AF8A08F0A02CA5F700270E383B06, 0x11E7AF8A08F0A02CA5F700270E383B06, '1.00');
INSERT INTO `sistema_productos` VALUES (0x11E87469D2AA51549BD600270E383B06, '1529490336', 'MEG01', 'ENVASES PLASTICOS DE GALON', '[\"11E8676EAD11B2E6BDE500270E383B06\",\"11E8671BDA538048BDE500270E383B06\"]', 0x11E7AF8A08F0A02CA5F700270E383B06, 0x11E7AF8A08F0A02CA5F700270E383B06, '1.00');
INSERT INTO `sistema_productos` VALUES (0x11E87469D2ACD3059BD600270E383B06, '1529490336', 'MEM1/401', 'ENVASES METALICOS DE 1/4 GALON', '[\"11E8676EAD11B2E6BDE500270E383B06\",\"11E8671BDA538048BDE500270E383B06\"]', 0x11E7AF8A08F0A02CA5F700270E383B06, 0x11E7AF8A08F0A02CA5F700270E383B06, '1.00');
INSERT INTO `sistema_productos` VALUES (0x11E87469D2AF63959BD600270E383B06, '1529490336', 'MEMG01', 'ENVASES METALICOS DE GALON', '[\"11E8676EAD11B2E6BDE500270E383B06\",\"11E8671BDA538048BDE500270E383B06\"]', 0x11E7AF8A08F0A02CA5F700270E383B06, 0x11E7AF8A08F0A02CA5F700270E383B06, '1.00');
INSERT INTO `sistema_productos` VALUES (0x11E87469D2B1E8EE9BD600270E383B06, '1529490336', 'MEP1/401', 'ENVASES PLASTICOS DE 1/4 GALON', '[\"11E8676EAD11B2E6BDE500270E383B06\",\"11E8671BDA538048BDE500270E383B06\"]', 0x11E7AF8A08F0A02CA5F700270E383B06, 0x11E7AF8A08F0A02CA5F700270E383B06, '1.00');
INSERT INTO `sistema_productos` VALUES (0x11E87469D2B479689BD600270E383B06, '1529490336', 'MEV90CC01', 'ENVASES PLASTICOS DE 60CC', '[\"11E8676EAD11B2E6BDE500270E383B06\",\"11E8671BDA538048BDE500270E383B06\"]', 0x11E7AF8A08F0A02CA5F700270E383B06, 0x11E7AF8A08F0A02CA5F700270E383B06, '1.00');
INSERT INTO `sistema_productos` VALUES (0x11E87469D2B6FF669BD600270E383B06, '1529490336', 'MEP100CC01', 'ENVASES PLASTICOS DE 90CC', '[\"11E8676EAD11B2E6BDE500270E383B06\",\"11E8671BDA538048BDE500270E383B06\"]', 0x11E7AF8A08F0A02CA5F700270E383B06, 0x11E7AF8A08F0A02CA5F700270E383B06, '1.00');
INSERT INTO `sistema_productos` VALUES (0x11E87469D2B990939BD600270E383B06, '1529490336', 'MEP150CC01', 'ENVASES PLASTICOS DE 150CC', '[\"11E8676EAD11B2E6BDE500270E383B06\",\"11E8671BDA538048BDE500270E383B06\"]', 0x11E7AF8A08F0A02CA5F700270E383B06, 0x11E7AF8A08F0A02CA5F700270E383B06, '1.00');
INSERT INTO `sistema_productos` VALUES (0x11E87469D2BC17159BD600270E383B06, '1529490336', 'MPECVBC401', 'Etiqueta Caucho Verona Tipo B / Cuñete', '[\"11E8676EAD11B2E6BDE500270E383B06\",\"11E8671BDA538048BDE500270E383B06\"]', 0x11E7A90D43325DA68A4800E04C6F7E24, 0x11E7A90D43325DA68A4800E04C6F7E24, '1.00');
INSERT INTO `sistema_productos` VALUES (0x11E87469D2BEA7C29BD600270E383B06, '1529490336', 'MPESVG01', 'Etiqueta Satinado Verona / Galon', '[\"11E8676EAD11B2E6BDE500270E383B06\",\"11E8671BDA538048BDE500270E383B06\"]', 0x11E7A90D43325DA68A4800E04C6F7E24, 0x11E7A90D43325DA68A4800E04C6F7E24, '1.00');
INSERT INTO `sistema_productos` VALUES (0x11E87469D2C133F39BD600270E383B06, '1529490336', 'MPEGCV01', 'Etiqueta Grafiado / Cuñete', '[\"11E8676EAD11B2E6BDE500270E383B06\",\"11E8671BDA538048BDE500270E383B06\"]', 0x11E7A90D43325DA68A4800E04C6F7E24, 0x11E7A90D43325DA68A4800E04C6F7E24, '1.00');
INSERT INTO `sistema_productos` VALUES (0x11E87469D2C3B9579BD600270E383B06, '1529490336', 'MPEACI01', 'Etiqueta Arados Caucho Interior / Galon', '[\"11E8676EAD11B2E6BDE500270E383B06\",\"11E8671BDA538048BDE500270E383B06\"]', 0x11E7AF8A08F0A02CA5F700270E383B06, 0x11E7AF8A08F0A02CA5F700270E383B06, '1.00');
INSERT INTO `sistema_productos` VALUES (0x11E87469D2C6440F9BD600270E383B06, '1529490336', 'MPEACIC01', 'Etiqueta Arados Caucho Interior / Cuñete', '[\"11E8676EAD11B2E6BDE500270E383B06\",\"11E8671BDA538048BDE500270E383B06\"]', 0x11E7AF8A08F0A02CA5F700270E383B06, 0x11E7AF8A08F0A02CA5F700270E383B06, '1.00');
INSERT INTO `sistema_productos` VALUES (0x11E87469D2C8D41B9BD600270E383B06, '1529490336', 'MPEEA1/401', 'Etiqueta Esmalte Arados / 1/4 Galon', '[\"11E8676EAD11B2E6BDE500270E383B06\",\"11E8671BDA538048BDE500270E383B06\"]', 0x11E7A90D43325DA68A4800E04C6F7E24, 0x11E7A90D43325DA68A4800E04C6F7E24, '1.00');
INSERT INTO `sistema_productos` VALUES (0x11E87469D2CB58549BD600270E383B06, '1529490336', 'MPEEAG01', 'Etiqueta Esmalte Arados / Galon', '[\"11E8676EAD11B2E6BDE500270E383B06\",\"11E8671BDA538048BDE500270E383B06\"]', 0x11E7A90D43325DA68A4800E04C6F7E24, 0x11E7A90D43325DA68A4800E04C6F7E24, '1.00');
INSERT INTO `sistema_productos` VALUES (0x11E87469D2CDE6D99BD600270E383B06, '1529490336', 'MPCVAG01', 'Etiqueta Caucho Verona Tipo A / Galon', '[\"11E8676EAD11B2E6BDE500270E383B06\",\"11E8671BDA538048BDE500270E383B06\"]', 0x11E7A90D43325DA68A4800E04C6F7E24, 0x11E7A90D43325DA68A4800E04C6F7E24, '1.00');
INSERT INTO `sistema_productos` VALUES (0x11E87469D2D272D29BD600270E383B06, '1529490336', 'MPEADA1/401', 'Etiqueta Arados Fondo Anticorrosivo / 1/4 Galon', '[\"11E8676EAD11B2E6BDE500270E383B06\",\"11E8671BDA538048BDE500270E383B06\"]', 0x11E7AF8A08F0A02CA5F700270E383B06, 0x11E7AF8A08F0A02CA5F700270E383B06, '1.00');
INSERT INTO `sistema_productos` VALUES (0x11E87469D2D44B599BD600270E383B06, '1529490336', 'MPEAFAG01', 'Etiqueta Arados Fondo Anticorrosivo / Galon', '[\"11E8676EAD11B2E6BDE500270E383B06\",\"11E8671BDA538048BDE500270E383B06\"]', 0x11E7AF8A08F0A02CA5F700270E383B06, 0x11E7AF8A08F0A02CA5F700270E383B06, '1.00');
INSERT INTO `sistema_productos` VALUES (0x11E87469D2D6CD8D9BD600270E383B06, '1529490336', 'MPEFAC01', 'Etiqueta Fondo Antialcalino / Cuñete', '[\"11E8676EAD11B2E6BDE500270E383B06\",\"11E8671BDA538048BDE500270E383B06\"]', 0x11E7A90D43325DA68A4800E04C6F7E24, 0x11E7A90D43325DA68A4800E04C6F7E24, '1.00');
INSERT INTO `sistema_productos` VALUES (0x11E87469D2D95B2C9BD600270E383B06, '1529490336', 'MPETC01', 'Etiqueta Trafico / Cuñete', '[\"11E8676EAD11B2E6BDE500270E383B06\",\"11E8671BDA538048BDE500270E383B06\"]', 0x11E7A90D43325DA68A4800E04C6F7E24, 0x11E7A90D43325DA68A4800E04C6F7E24, '1.00');
INSERT INTO `sistema_productos` VALUES (0x11E87469D2DBE1AA9BD600270E383B06, '1529490336', 'MPESV1/401', 'Etiqueta Esmalte Verona / 1/4 Galon', '[\"11E8676EAD11B2E6BDE500270E383B06\",\"11E8671BDA538048BDE500270E383B06\"]', 0x11E7A90D43325DA68A4800E04C6F7E24, 0x11E7A90D43325DA68A4800E04C6F7E24, '1.00');
INSERT INTO `sistema_productos` VALUES (0x11E87469D2DE725E9BD600270E383B06, '1529490336', 'MPEEVG01', 'Etiqueta Esmalte Verona / Galon', '[\"11E8676EAD11B2E6BDE500270E383B06\",\"11E8671BDA538048BDE500270E383B06\"]', 0x11E7A90D43325DA68A4800E04C6F7E24, 0x11E7A90D43325DA68A4800E04C6F7E24, '1.00');
INSERT INTO `sistema_productos` VALUES (0x11E87469D2E7C5A09BD600270E383B06, '1529490336', 'MPETG01', 'Etiqueta Texturizado / Galon', '[\"11E8676EAD11B2E6BDE500270E383B06\",\"11E8671BDA538048BDE500270E383B06\"]', 0x11E7A90D43325DA68A4800E04C6F7E24, 0x11E7A90D43325DA68A4800E04C6F7E24, '1.00');
INSERT INTO `sistema_productos` VALUES (0x11E87469D2FADBE99BD600270E383B06, '1529490336', 'MPETC01', 'Etiqueta Texturizado / Cuñete', '[\"11E8676EAD11B2E6BDE500270E383B06\",\"11E8671BDA538048BDE500270E383B06\"]', 0x11E7A90D43325DA68A4800E04C6F7E24, 0x11E7A90D43325DA68A4800E04C6F7E24, '1.00');
INSERT INTO `sistema_productos` VALUES (0x11E87469D2FF80069BD600270E383B06, '1529490336', 'MPEPPG01', 'Etiqueta Pasta Profesional / Galon', '[\"11E8676EAD11B2E6BDE500270E383B06\",\"11E8671BDA538048BDE500270E383B06\"]', 0x11E7A90D43325DA68A4800E04C6F7E24, 0x11E7A90D43325DA68A4800E04C6F7E24, '1.00');
INSERT INTO `sistema_productos` VALUES (0x11E87469D3020FF29BD600270E383B06, '1529490336', 'MPPPC01', 'Etiqueta Pasta Profesional / Cuñete', '[\"11E8676EAD11B2E6BDE500270E383B06\",\"11E8671BDA538048BDE500270E383B06\"]', 0x11E7A90D43325DA68A4800E04C6F7E24, 0x11E7A90D43325DA68A4800E04C6F7E24, '1.00');
INSERT INTO `sistema_productos` VALUES (0x11E87469D304932A9BD600270E383B06, '1529490336', 'MPEPA1/4G01', 'Etiqueta Pintura Aluminizada / 1/4 Galon', '[\"11E8676EAD11B2E6BDE500270E383B06\",\"11E8671BDA538048BDE500270E383B06\"]', 0x11E7A90D43325DA68A4800E04C6F7E24, 0x11E7A90D43325DA68A4800E04C6F7E24, '1.00');
INSERT INTO `sistema_productos` VALUES (0x11E87469D307708E9BD600270E383B06, '1529490336', 'MPEPAG01', 'Etiqueta Pintura Aluminizada / Galon', '[\"11E8676EAD11B2E6BDE500270E383B06\",\"11E8671BDA538048BDE500270E383B06\"]', 0x11E7A90D43325DA68A4800E04C6F7E24, 0x11E7A90D43325DA68A4800E04C6F7E24, '1.00');
INSERT INTO `sistema_productos` VALUES (0x11E87469D30E67D99BD600270E383B06, '1529490336', 'MPEMPG01', 'Etiqueta Mulato Paints / Galon', '[\"11E8676EAD11B2E6BDE500270E383B06\",\"11E8671BDA538048BDE500270E383B06\"]', 0x11E7A90D43325DA68A4800E04C6F7E24, 0x11E7A90D43325DA68A4800E04C6F7E24, '1.00');
INSERT INTO `sistema_productos` VALUES (0x11E87469D318FB069BD600270E383B06, '1529490336', 'MPEFMG01', 'Etiqueta Fondo Marino / Galon', '[\"11E8676EAD11B2E6BDE500270E383B06\",\"11E8671BDA538048BDE500270E383B06\"]', 0x11E7A90D43325DA68A4800E04C6F7E24, 0x11E7A90D43325DA68A4800E04C6F7E24, '1.00');
INSERT INTO `sistema_productos` VALUES (0x11E87469D321258C9BD600270E383B06, '1529490336', 'MPEIVG01', 'Etiqueta Impermiabilizante Verona /  Galon', '[\"11E8676EAD11B2E6BDE500270E383B06\",\"11E8671BDA538048BDE500270E383B06\"]', 0x11E7A90D43325DA68A4800E04C6F7E24, 0x11E7A90D43325DA68A4800E04C6F7E24, '1.00');
INSERT INTO `sistema_productos` VALUES (0x11E87469D325B4739BD600270E383B06, '1529490336', 'MPEIVC01', 'Etiqueta Impermiabilizante Verona /  Cuñete', '[\"11E8676EAD11B2E6BDE500270E383B06\",\"11E8671BDA538048BDE500270E383B06\"]', 0x11E7A90D43325DA68A4800E04C6F7E24, 0x11E7A90D43325DA68A4800E04C6F7E24, '1.00');
INSERT INTO `sistema_productos` VALUES (0x11E87469D32ACCD99BD600270E383B06, '1529490336', 'MPEFAV1/401', 'Etiqueta Fondo Anticorrosivo Verona / 1/4 Galon', '[\"11E8676EAD11B2E6BDE500270E383B06\",\"11E8671BDA538048BDE500270E383B06\"]', 0x11E7A90D43325DA68A4800E04C6F7E24, 0x11E7A90D43325DA68A4800E04C6F7E24, '1.00');
INSERT INTO `sistema_productos` VALUES (0x11E87469D33127E79BD600270E383B06, '1529490337', 'MPEFAVG01', 'Etiqueta Fondo Anticorrosivo Verona /  Galon', '[\"11E8676EAD11B2E6BDE500270E383B06\",\"11E8671BDA538048BDE500270E383B06\"]', 0x11E7A90D43325DA68A4800E04C6F7E24, 0x11E7A90D43325DA68A4800E04C6F7E24, '1.00');
INSERT INTO `sistema_productos` VALUES (0x11E87469D333A6F49BD600270E383B06, '1529490337', 'MPEBV1/401', 'Etiqueta Barniz Verona / 1/4 Galon', '[\"11E8676EAD11B2E6BDE500270E383B06\",\"11E8671BDA538048BDE500270E383B06\"]', 0x11E7A90D43325DA68A4800E04C6F7E24, 0x11E7AF8A08F0A02CA5F700270E383B06, '1.00');
INSERT INTO `sistema_productos` VALUES (0x11E87469D3362A8F9BD600270E383B06, '1529490337', 'MPEBVG01', 'Etiqueta Barniz Verona /  Galon', '[\"11E8676EAD11B2E6BDE500270E383B06\",\"11E8671BDA538048BDE500270E383B06\"]', 0x11E7A90D43325DA68A4800E04C6F7E24, 0x11E7AF8A08F0A02CA5F700270E383B06, '1.00');
INSERT INTO `sistema_productos` VALUES (0x11E87469D338BD4E9BD600270E383B06, '1529490337', 'MPECG01', 'Etiqueta Canchas / Galon', '[\"11E8676EAD11B2E6BDE500270E383B06\",\"11E8671BDA538048BDE500270E383B06\"]', 0x11E7A90D43325DA68A4800E04C6F7E24, 0x11E7A90D43325DA68A4800E04C6F7E24, '1.00');
INSERT INTO `sistema_productos` VALUES (0x11E87469D33B42C19BD600270E383B06, '1529490337', 'MPECC01', 'Etiqueta Canchas / Cuñete', '[\"11E8676EAD11B2E6BDE500270E383B06\",\"11E8671BDA538048BDE500270E383B06\"]', 0x11E7A90D43325DA68A4800E04C6F7E24, 0x11E7AF8A08F0A02CA5F700270E383B06, '1.00');
INSERT INTO `sistema_productos` VALUES (0x11E87469D33DD0AC9BD600270E383B06, '1529490337', 'MPECABG01', 'Etiqueta Caucho Arados Tipo B / Galon', '[\"11E8676EAD11B2E6BDE500270E383B06\",\"11E8671BDA538048BDE500270E383B06\"]', 0x11E7A90D43325DA68A4800E04C6F7E24, 0x11E7A90D43325DA68A4800E04C6F7E24, '1.00');
INSERT INTO `sistema_productos` VALUES (0x11E87469D34056B59BD600270E383B06, '1529490337', 'MPECABC01', 'Etiqueta Caucho Arados Tipo B / Cuñete', '[\"11E8676EAD11B2E6BDE500270E383B06\",\"11E8671BDA538048BDE500270E383B06\"]', 0x11E7A90D43325DA68A4800E04C6F7E24, 0x11E7A90D43325DA68A4800E04C6F7E24, '1.00');
INSERT INTO `sistema_productos` VALUES (0x11E87469D342EE5F9BD600270E383B06, '1529490337', 'MPEACIG01', 'Etiqueta Atman Caucho Interior /Galon', '[\"11E8676EAD11B2E6BDE500270E383B06\",\"11E8671BDA538048BDE500270E383B06\"]', 0x11E7A90D43325DA68A4800E04C6F7E24, 0x11E7AF8A08F0A02CA5F700270E383B06, '1.00');
INSERT INTO `sistema_productos` VALUES (0x11E87469D34BD7B49BD600270E383B06, '1529490337', 'MPEACIC01', 'Etiqueta Atman Caucho Interior /Cuñete', '[\"11E8676EAD11B2E6BDE500270E383B06\",\"11E8671BDA538048BDE500270E383B06\"]', 0x11E7A90D43325DA68A4800E04C6F7E24, 0x11E7AF8A08F0A02CA5F700270E383B06, '1.00');
INSERT INTO `sistema_productos` VALUES (0x11E87469D35231179BD600270E383B06, '1529490337', 'MPAGP01', 'Asa para galones plasticos', '[\"11E8676EAD11B2E6BDE500270E383B06\",\"11E8671BDA538048BDE500270E383B06\"]', 0x11E7AF8A08F0A02CA5F700270E383B06, 0x11E7AF8A08F0A02CA5F700270E383B06, '1.00');
INSERT INTO `sistema_productos` VALUES (0x11E87469D354B0E59BD600270E383B06, '1529490337', 'MPRPE01', 'Rollos de Plastico Embalaje', '[\"11E8676EAD11B2E6BDE500270E383B06\",\"11E8671BDA538048BDE500270E383B06\"]', 0x11E7AF8A08F0A02CA5F700270E383B06, 0x11E7AF8A08F0A02CA5F700270E383B06, '1.00');

-- ----------------------------
-- Table structure for sistema_unidades
-- ----------------------------
DROP TABLE IF EXISTS `sistema_unidades`;
CREATE TABLE `sistema_unidades` (
  `id` binary(16) NOT NULL,
  `order_id` int(11) DEFAULT NULL,
  `id_tipo` binary(16) DEFAULT '0000000000000000' COMMENT 'sistema unidad en listas',
  `nombre` varchar(100) DEFAULT NULL,
  `nombre_display` varchar(100) DEFAULT NULL,
  `factor_conversion` double(10,6) DEFAULT NULL,
  `es_patron` tinyint(1) DEFAULT NULL,
  PRIMARY KEY (`id`),
  UNIQUE KEY `id` (`id`) USING BTREE,
  KEY `timestamp` (`order_id`) USING BTREE,
  KEY `id_tipo` (`id_tipo`),
  CONSTRAINT `id_tipo` FOREIGN KEY (`id_tipo`) REFERENCES `sistema_listas` (`id`)
) ENGINE=InnoDB DEFAULT CHARSET=latin1 ROW_FORMAT=COMPACT;

-- ----------------------------
-- Records of sistema_unidades
-- ----------------------------
INSERT INTO `sistema_unidades` VALUES (0x11E7A90D43325DA68A4800E04C6F7E24, '1507125659', 0x11E7A6A4C7519DF09B0700270E383B06, 'Unidad', 'und', '1.000000', '1');
INSERT INTO `sistema_unidades` VALUES (0x11E7A90DE6B5F4B48A4800E04C6F7E24, '1507125933', 0x11E7A6A4C7519DF09B0700270E383B06, 'Caja', 'CAJA', '1.000000', '0');
INSERT INTO `sistema_unidades` VALUES (0x11E7AF8A08F0A02CA5F700270E383B06, '1507839304', 0x11E7AF89C533F696A5F700270E383B06, 'Kilogramo', 'Kgs', '1.000000', '1');
INSERT INTO `sistema_unidades` VALUES (0x11E7AF8A165DB218A5F700270E383B06, '1507839327', 0x11E7AF89C533F696A5F700270E383B06, 'Gramo', 'Grs', '0.001000', '0');
INSERT INTO `sistema_unidades` VALUES (0x11E7AF8D73243B6CA5F700270E383B06, '1507840771', 0x11E7AF898A29EC16A5F700270E383B06, 'Litro', 'Lts', '1.000000', '1');
INSERT INTO `sistema_unidades` VALUES (0x11E7AF8D8AE70507A5F700270E383B06, '1507840811', 0x11E7AF898A29EC16A5F700270E383B06, '1/4 de Galón', '1/4G', '0.946400', '0');
INSERT INTO `sistema_unidades` VALUES (0x11E7AF8D9D4EA128A5F700270E383B06, '1507840842', 0x11E7AF898A29EC16A5F700270E383B06, '1/8 de Galón', '1/8G', '0.236600', '0');
INSERT INTO `sistema_unidades` VALUES (0x11E7AF8DAD237724A5F700270E383B06, '1507840868', 0x11E7AF898A29EC16A5F700270E383B06, '1/16 de Galón', '1/16G', '0.059150', '0');
INSERT INTO `sistema_unidades` VALUES (0x11E7AF8DBB9D39B3A5F700270E383B06, '1507840893', 0x11E7AF898A29EC16A5F700270E383B06, '1/32 de Galón', '1/32G', '0.014788', '0');
INSERT INTO `sistema_unidades` VALUES (0x11E7AF8DCC1B9351A5F700270E383B06, '1507840920', 0x11E7AF898A29EC16A5F700270E383B06, 'Onza', 'Onz', '0.003697', '0');
INSERT INTO `sistema_unidades` VALUES (0x11E7AF8DDC5D706EA5F700270E383B06, '1507840948', 0x11E7AF898A29EC16A5F700270E383B06, 'Galón', 'Gal', '3.785400', '0');
INSERT INTO `sistema_unidades` VALUES (0x11E7AF8DE9F3C53BA5F700270E383B06, '1507840970', 0x11E7AF898A29EC16A5F700270E383B06, 'Cuñete de 4 Galones', 'CUÑ4', '15.141600', '0');
INSERT INTO `sistema_unidades` VALUES (0x11E7AF8DF65CB995A5F700270E383B06, '1507840991', 0x11E7AF898A29EC16A5F700270E383B06, 'Cuñete de 5 Galones', 'CUÑ5', '18.927000', '0');
INSERT INTO `sistema_unidades` VALUES (0x11E7AF8E0027F0A3A5F700270E383B06, '1507841008', 0x11E7AF898A29EC16A5F700270E383B06, 'Tambor', 'TMB', '200.000000', '0');

-- ----------------------------
-- Table structure for sistema_usuarios
-- ----------------------------
DROP TABLE IF EXISTS `sistema_usuarios`;
CREATE TABLE `sistema_usuarios` (
  `id` binary(16) NOT NULL,
  `order_id` int(11) DEFAULT NULL,
  `id_tipo` tinyint(1) DEFAULT '0',
  `nombre` varchar(255) DEFAULT NULL,
  `cedula` varchar(20) DEFAULT NULL,
  `telefono` varchar(24) DEFAULT NULL,
  `email` varchar(100) DEFAULT NULL,
  `logname` varchar(50) DEFAULT NULL,
  `pass` varchar(255) DEFAULT NULL,
  `permisos` text,
  `empresas` text,
  `event` timestamp NULL DEFAULT CURRENT_TIMESTAMP ON UPDATE CURRENT_TIMESTAMP,
  PRIMARY KEY (`id`),
  UNIQUE KEY `id` (`id`),
  KEY `timestamp` (`order_id`)
) ENGINE=InnoDB DEFAULT CHARSET=latin1;

-- ----------------------------
-- Records of sistema_usuarios
-- ----------------------------
INSERT INTO `sistema_usuarios` VALUES (0x11E7A440B2401B7B8A4800E04C6F7E24, '1506598103', '1', 'ANTONIO SUCRE', '13744591', '04249193370', null, 'ajs21', 'ceaacd01ca69c0417f3217650e89b8cd35b91d9c', '[\"11E7A44200A787428A4800E04C6F7E24\",\"11E7A51F8CBA85598A4800E04C6F7E24\",\"11E7A70EE7C4AE249B0700270E383B06\",\"11E7A768D3F519758A4800E04C6F7E24\",\"11E7A78A256FE0EF8A4800E04C6F7E24\",\"11E7A8598792B7439B0700270E383B06\",\"11E7A87B1C58062D9B0700270E383B06\",\"11E7A9015A806FF88A4800E04C6F7E24\",\"11E7A9017CA2C1648A4800E04C6F7E24\",\"11E7A9133D4BE6968A4800E04C6F7E24\",\"11E7A929626A044B8A4800E04C6F7E24\",\"11E7A961DC7E09FE9B0700270E383B06\",\"11E7AA9C23373F23847D00E04C6F7E24\",\"11E7C3132FBCE9399B7800E04C6F7E24\",\"11E7C3133A674ECB9B7800E04C6F7E24\",\"11E7C31C26B1D3599B7800E04C6F7E24\",\"11E7A7131C59B43E9B0700270E383B06\",\"11E7C366B77BB7DA8F1A00E04C6F7E24\",\"11E7C39686D7E2188F1A00E04C6F7E24\",\"11E7D5B0D64CB023BB1B00E04C6F7E24\",\"11E7D5B1395309EFBB1B00E04C6F7E24\",\"11E7D5B1C23436FFBB1B00E04C6F7E24\",\"11E7D82F9A1C21B4BB1B00E04C6F7E24\",\"11E855F63E15C388A72800270E383B06\",\"11E8561CE6F379FAA72800270E383B06\",\"11E8561CFAFF308AA72800270E383B06\",\"11E8671A41583A69BDE500270E383B06\",\"11E86831FF02AFEFBDE500270E383B06\",\"11E86EE98E915CB8878100270E383B06\",\"11E872481426088AA3C700270E383B06\",\"11E8724824D7E824A3C700270E383B06\",\"11E8724835FCF9F8A3C700270E383B06\",\"11E87ABBC6ED53ADA26F00270E383B06\",\"11E87C87029B42FAA26F00270E383B06\",\"11E87D69655AA9E3800B00270E383B06\",\"11E87FCF5DA0D679A61100270E383B06\"]', '[\"11E8671BDA538048BDE500270E383B06\",\"11E8676EAD11B2E6BDE500270E383B06\",\"11E8676EB799755BBDE500270E383B06\"]', '2018-07-04 17:27:43');
INSERT INTO `sistema_usuarios` VALUES (0x11E7A759D942F9119B0700270E383B06, '1506939008', '3', 'ALBERTO PEREZ', '1111', '1111', '1111|@11111', '1111', '011c945f30ce2cbafc452f39840f025693339c42', '[\"11E7A51F8CBA85598A4800E04C6F7E24\",\"11E7A768D3F519758A4800E04C6F7E24\"]', null, '2017-10-02 11:37:20');
INSERT INTO `sistema_usuarios` VALUES (0x11E7A77712598E1C8A4800E04C6F7E24, '1506951236', '3', 'Steve', '000', null, null, 'steve', 'fea7f657f56a2a448da7d4b535ee5e279caf3d9a', null, null, '2017-10-02 09:33:56');

-- ----------------------------
-- Table structure for ventas_clientes
-- ----------------------------
DROP TABLE IF EXISTS `ventas_clientes`;
CREATE TABLE `ventas_clientes` (
  `id` binary(16) NOT NULL,
  `order_id` int(11) DEFAULT NULL,
  `id_empresa` binary(16) DEFAULT '0\0\0\0\0\0\0\0\0\0\0\0\0\0\0\0' COMMENT 'identificador del banco en listas',
  `nombre` varchar(200) CHARACTER SET utf8 COLLATE utf8_spanish_ci DEFAULT NULL COMMENT 'nombre del proveedor',
  `rif` varchar(20) CHARACTER SET utf8 COLLATE utf8_spanish_ci DEFAULT NULL COMMENT 'rif del proveedor',
  `direccion` varchar(200) CHARACTER SET utf8 COLLATE utf8_spanish_ci DEFAULT NULL COMMENT 'direccion del proveedor',
  `telefono` varchar(45) CHARACTER SET utf8 COLLATE utf8_spanish_ci DEFAULT NULL COMMENT 'telefono del proveedor',
  `email` varchar(100) CHARACTER SET utf8 COLLATE utf8_spanish_ci DEFAULT NULL COMMENT 'correo electronico del proveedor',
  `representante` varchar(200) CHARACTER SET utf8 COLLATE utf8_spanish_ci DEFAULT NULL COMMENT 'representante legal del proveedor',
  `limite_credito` double(10,2) DEFAULT '0.00' COMMENT 'identificador del banco en listas',
  `dias_credito` tinyint(3) DEFAULT NULL,
  `observacion` varchar(200) CHARACTER SET utf8 COLLATE utf8_spanish_ci DEFAULT NULL COMMENT 'datos adicionales',
  PRIMARY KEY (`id`)
) ENGINE=InnoDB DEFAULT CHARSET=latin1;

-- ----------------------------
-- Records of ventas_clientes
-- ----------------------------
INSERT INTO `ventas_clientes` VALUES (0x11E7C3954DD732518F1A00E04C6F7E24, '1510043152', 0x30000000000000000000000000000000, 'Nuevo Cliente', 'J8888', 'x', 'y', 'weer@343.com', 'sfsdf', '120000.00', '20', 'none');
INSERT INTO `ventas_clientes` VALUES (0x11E7C39AC285BCFC8F1A00E04C6F7E24, '1510045495', 0x30000000000000000000000000000000, 'Otro Cliente', 'J33334', '', '', '', '', '0.00', '0', '');
INSERT INTO `ventas_clientes` VALUES (0x11E7FFA3A93BD5D4B66800E04C6F7E24, '1516646354', 0x30000000000000000000000000000000, 'REAL MADRID', 'E88888', null, null, null, 'FLORENTINO PEREZ', null, '100', null);
INSERT INTO `ventas_clientes` VALUES (0x11E7FFA4E082F6EBB66800E04C6F7E24, '1516646876', 0x30000000000000000000000000000000, 'VASYL LOMACHENKO', 'U11111', null, null, null, 'BOB ARUM', null, '100', null);
INSERT INTO `ventas_clientes` VALUES (0x11E854F2D0CA5972A72800270E383B06, '1526026249', 0x30000000000000000000000000000000, 'Jorge Linares', 'V64561213', '', '', '', '', '0.00', '0', '');
INSERT INTO `ventas_clientes` VALUES (0x11E854F3D1837447A72800270E383B06, '1526026680', 0x30000000000000000000000000000000, 'Otro Nuevo', 'j5656756', '', '', '', '', '0.00', '0', '');
INSERT INTO `ventas_clientes` VALUES (0x11E854F3FE03575BA72800270E383B06, '1526026755', 0x30000000000000000000000000000000, 'Nuevo Mas', 'j232323', '', '', '', '', '0.00', '0', '');
INSERT INTO `ventas_clientes` VALUES (0x11E854F41960F5C9A72800270E383B06, '1526026800', 0x30000000000000000000000000000000, 'Nuevo t', '34534', '', '', '', '', '0.00', '0', '');
INSERT INTO `ventas_clientes` VALUES (0x11E854F4549A92EEA72800270E383B06, '1526026900', 0x30000000000000000000000000000000, 'Nuevoxxx', 'xx', '', '', '', '', '0.00', '0', '');
INSERT INTO `ventas_clientes` VALUES (0x11E854F486CB3A9FA72800270E383B06, '1526026984', 0x30000000000000000000000000000000, 'ZIZOU', 'zz', '', '', '', '', '0.00', '0', '');
INSERT INTO `ventas_clientes` VALUES (0x11E854F4AE61CADCA72800270E383B06, '1526027050', 0x30000000000000000000000000000000, 'GENADY GOLOVKIN', 'E77777', 'KASAJISTAN', '', '', '', '0.00', '0', '');
INSERT INTO `ventas_clientes` VALUES (0x11E854F4E82D5624A72800270E383B06, '1526027147', 0x30000000000000000000000000000000, 'Ryan Garcia', 'vv3333333', '', '', '', '', '0.00', '0', '');
INSERT INTO `ventas_clientes` VALUES (0x11E86BE29A78D663BDE500270E383B06, '1528548163', 0x11E8671BDA538048BDE500270E383B06, 'Nuevo Cliente VI', '34234', '', '', '', '', '233333.00', '2', '');
INSERT INTO `ventas_clientes` VALUES (0x11E86E2824B9DF36BA2B00270E383B06, '1528797932', 0x00000000000000000000000000000000, 'Nuevo Cliente VF', 'j4534345', '', '', '', '', '0.00', '0', '');
INSERT INTO `ventas_clientes` VALUES (0x11E86E287CDC46EABA2B00270E383B06, '1528798080', 0x11E8676EAD11B2E6BDE500270E383B06, 'Nuevo CliVF', 'j45645654', '', '', '', '', '0.00', '0', '');
INSERT INTO `ventas_clientes` VALUES (0x11E86E28A61D21D2BA2B00270E383B06, '1528798149', 0x11E8676EAD11B2E6BDE500270E383B06, 'ClienteVF 2', 'j56576756', '', '', '', '', '0.00', '0', '');
INSERT INTO `ventas_clientes` VALUES (0x11E8707ED237C298B71200270E383B06, '1529055062', 0x11E8671BDA538048BDE500270E383B06, 'Otro Cliente', '33333', '', '', '', '', '0.00', '0', '');

-- ----------------------------
-- Table structure for ventas_operaciones
-- ----------------------------
DROP TABLE IF EXISTS `ventas_operaciones`;
CREATE TABLE `ventas_operaciones` (
  `id` binary(16) NOT NULL,
  `order_id` int(11) DEFAULT NULL,
  `id_empresa` binary(16) DEFAULT '0\0\0\0\0\0\0\0\0\0\0\0\0\0\0\0' COMMENT 'identificador del banco en listas',
  `id_tipo` binary(16) DEFAULT '0\0\0\0\0\0\0\0\0\0\0\0\0\0\0\0',
  `numero` int(10) DEFAULT NULL,
  `nro_control` varchar(10) DEFAULT NULL,
  `fecha` datetime DEFAULT NULL,
  `fecha_registro` datetime DEFAULT NULL,
  `id_doc_origen` binary(16) DEFAULT '0\0\0\0\0\0\0\0\0\0\0\0\0\0\0\0',
  `id_cliente` binary(16) DEFAULT '0\0\0\0\0\0\0\0\0\0\0\0\0\0\0\0',
  `monto_bruto` decimal(10,2) DEFAULT '0.00' COMMENT 'monto bruto',
  `pct_descuento` decimal(10,2) DEFAULT '0.00' COMMENT 'porcentaje de descuento',
  `pct_adicional` decimal(10,2) DEFAULT '0.00' COMMENT 'porcentaje adicional',
  `monto_neto` decimal(10,2) DEFAULT '0.00' COMMENT 'monto neto',
  `monto_iva` decimal(10,2) DEFAULT '0.00' COMMENT 'monto iva',
  `monto_total` decimal(10,2) DEFAULT '0.00' COMMENT 'monto total',
  `id_status` int(11) DEFAULT '0' COMMENT 'identificador del status',
  `id_estado` int(11) DEFAULT '0' COMMENT 'identificador del estado',
  `id_usuario` binary(16) DEFAULT '0\0\0\0\0\0\0\0\0\0\0\0\0\0\0\0' COMMENT 'identificador del usuario',
  `observacion` varchar(200) CHARACTER SET utf8 COLLATE utf8_spanish_ci DEFAULT NULL COMMENT 'observacion',
  `id_vendedor` binary(16) DEFAULT '0\0\0\0\0\0\0\0\0\0\0\0\0\0\0\0',
  `id_vehiculo` binary(16) DEFAULT '0\0\0\0\0\0\0\0\0\0\0\0\0\0\0\0',
  `id_chofer` binary(16) DEFAULT '0\0\0\0\0\0\0\0\0\0\0\0\0\0\0\0',
  PRIMARY KEY (`id`)
) ENGINE=InnoDB DEFAULT CHARSET=latin1;

-- ----------------------------
-- Records of ventas_operaciones
-- ----------------------------
INSERT INTO `ventas_operaciones` VALUES (0x11E879228FACC2918C9100270E383B06, '1530004998', 0x11E8671BDA538048BDE500270E383B06, 0x11E7C39A21EA52F58F1A00E04C6F7E24, '1', '00000001', '2018-06-26 05:23:18', '2018-06-26 05:23:18', 0x00000000000000000000000000000000, 0x11E8707ED237C298B71200270E383B06, '0.00', '0.00', '0.00', '0.00', '0.00', '0.00', '1', '0', 0x11E7A440B2401B7B8A4800E04C6F7E24, '', 0x11E8733D01A0ED4A9BD600270E383B06, 0x00000000000000000000000000000000, 0x00000000000000000000000000000000);
INSERT INTO `ventas_operaciones` VALUES (0x11E87922AF9A141C8C9100270E383B06, '1530005051', 0x11E8671BDA538048BDE500270E383B06, 0x11E7C39A3423F2A88F1A00E04C6F7E24, '1', '00000001', '2018-06-26 05:24:11', '2018-06-26 05:24:11', 0x11E879228FACC2918C9100270E383B06, 0x11E8707ED237C298B71200270E383B06, '0.00', '0.00', '0.00', '0.00', '0.00', '0.00', '1', '0', 0x11E7A440B2401B7B8A4800E04C6F7E24, '', 0x11E8733D01A0ED4A9BD600270E383B06, 0x00000000000000000000000000000000, 0x00000000000000000000000000000000);
INSERT INTO `ventas_operaciones` VALUES (0x11E87AC13A9E1875A26F00270E383B06, '1530183096', 0x11E8671BDA538048BDE500270E383B06, 0x11E7C39A21EA52F58F1A00E04C6F7E24, '2', '00000002', '2018-06-28 06:51:36', '2018-06-28 06:51:36', 0x00000000000000000000000000000000, 0x11E86BE29A78D663BDE500270E383B06, '0.00', '0.00', '0.00', '0.00', '0.00', '0.00', '1', '0', 0x11E7A440B2401B7B8A4800E04C6F7E24, '', 0x11E8733D01A0ED4A9BD600270E383B06, 0x00000000000000000000000000000000, 0x00000000000000000000000000000000);

-- ----------------------------
-- Procedure structure for bancos_cuentas_INS
-- ----------------------------
DROP PROCEDURE IF EXISTS `bancos_cuentas_INS`;
DELIMITER ;;
CREATE DEFINER=`root`@`localhost` PROCEDURE `bancos_cuentas_INS`(IN `_id` VARCHAR(36), IN `_id_banco` VARCHAR(36), IN `_id_tipo` VARCHAR(36), IN `_numero` VARCHAR(20))
BEGIN
    SET @new_uuid=uuid();
    SET @my_uuid= CONCAT(SUBSTR(@new_uuid, 15, 4),SUBSTR(@new_uuid, 10, 4),SUBSTR(@new_uuid, 1,8),SUBSTR(@new_uuid, 20, 4),SUBSTR(@new_uuid, 25));
    SET @order_id=UNIX_TIMESTAMP();
		
		INSERT INTO bancos_cuentas(id, order_id, id_banco, id_tipo, numero) 
		VALUES (UNHEX(@my_uuid), @order_id, UNHEX(_id_banco), UNHEX(_id_tipo), _numero);

		SELECT @my_uuid as id;   
END
;;
DELIMITER ;

-- ----------------------------
-- Procedure structure for bancos_cuentas_ONE
-- ----------------------------
DROP PROCEDURE IF EXISTS `bancos_cuentas_ONE`;
DELIMITER ;;
CREATE DEFINER=`root`@`localhost` PROCEDURE `bancos_cuentas_ONE`(IN `_id` VARCHAR(36))
    NO SQL
BEGIN
SELECT 
	HEX(c.id) as id, 
	c.order_id, 
	HEX(c.id_banco) as id_banco, 
	b.nombre as banco_nombre, 
	HEX(c.id_tipo) as id_tipo, 
	t.nombre as tipo_nombre, 
	c.numero
FROM bancos_cuentas as c  
LEFT JOIN sistema_listas as b ON c.id_banco = b.id
LEFT JOIN sistema_listas as t ON c.id_tipo = t.id
WHERE c.id = UNHEX(_id) LIMIT 1;
END
;;
DELIMITER ;

-- ----------------------------
-- Procedure structure for bancos_cuentas_SEL
-- ----------------------------
DROP PROCEDURE IF EXISTS `bancos_cuentas_SEL`;
DELIMITER ;;
CREATE DEFINER=`root`@`localhost` PROCEDURE `bancos_cuentas_SEL`()
    NO SQL
BEGIN
	SELECT hex(c.id) as id,
							c.order_id,
							hex(c.id_banco) as id_banco,
							b.nombre as banco_nombre,
							hex(c.id_tipo) as id_tipo,
							t.nombre as tipo_nombre,
							c.numero
	FROM bancos_cuentas as c
	LEFT JOIN sistema_listas as b ON c.id_banco = b.id
	LEFT JOIN sistema_listas as t ON c.id_tipo = t.id;

END
;;
DELIMITER ;

-- ----------------------------
-- Procedure structure for bancos_cuentas_UPD
-- ----------------------------
DROP PROCEDURE IF EXISTS `bancos_cuentas_UPD`;
DELIMITER ;;
CREATE DEFINER=`root`@`localhost` PROCEDURE `bancos_cuentas_UPD`(IN `_id` VARCHAR(36), IN `_id_banco` VARCHAR(36), IN `_id_tipo` VARCHAR(36), IN `_numero` VARCHAR(20))
    NO SQL
BEGIN
SET @my_uuid=_id;

UPDATE bancos_cuentas as a
SET a.id_banco=UNHEX(_id_banco), a.id_tipo=UNHEX(_id_tipo), a.numero=_numero
WHERE a.id=UNHEX(_id);

SELECT @my_uuid as id;   
END
;;
DELIMITER ;

-- ----------------------------
-- Procedure structure for caja_bancos_INS
-- ----------------------------
DROP PROCEDURE IF EXISTS `caja_bancos_INS`;
DELIMITER ;;
CREATE DEFINER=`root`@`localhost` PROCEDURE `caja_bancos_INS`(IN `_id` VARCHAR(36), IN `_id_empresa` VARCHAR(36), IN `_id_banco` VARCHAR(36), IN `_id_tipo` VARCHAR(36), IN `_numero` VARCHAR(20))
BEGIN
    SET @new_uuid=uuid();
    SET @my_uuid= CONCAT(SUBSTR(@new_uuid, 15, 4),SUBSTR(@new_uuid, 10, 4),SUBSTR(@new_uuid, 1,8),SUBSTR(@new_uuid, 20, 4),SUBSTR(@new_uuid, 25));
    SET @order_id=UNIX_TIMESTAMP();
		
		INSERT INTO caja_bancos(id, order_id, id_empresa, id_banco, id_tipo, numero) 
		VALUES (UNHEX(@my_uuid), @order_id, UNHEX(_id_empresa), UNHEX(_id_banco), UNHEX(_id_tipo), _numero);

		SELECT @my_uuid as id;   
END
;;
DELIMITER ;

-- ----------------------------
-- Procedure structure for caja_bancos_ONE
-- ----------------------------
DROP PROCEDURE IF EXISTS `caja_bancos_ONE`;
DELIMITER ;;
CREATE DEFINER=`root`@`localhost` PROCEDURE `caja_bancos_ONE`(IN `_id` VARCHAR(36))
    NO SQL
BEGIN
SELECT 
	HEX(c.id) as id, 
	c.order_id, 
	HEX(c.id_empresa) as id_empresa, 
	HEX(c.id_banco) as id_banco, 
	b.nombre as banco_nombre, 
	HEX(c.id_tipo) as id_tipo, 
	t.nombre as tipo_nombre, 
	c.numero
FROM caja_bancos as c  
LEFT JOIN sistema_listas as b ON c.id_banco = b.id
LEFT JOIN sistema_listas as t ON c.id_tipo = t.id
WHERE c.id = UNHEX(_id) LIMIT 1;
END
;;
DELIMITER ;

-- ----------------------------
-- Procedure structure for caja_bancos_SEL
-- ----------------------------
DROP PROCEDURE IF EXISTS `caja_bancos_SEL`;
DELIMITER ;;
CREATE DEFINER=`root`@`localhost` PROCEDURE `caja_bancos_SEL`(IN `_id_empresa` VARCHAR(36))
    NO SQL
BEGIN
	SELECT hex(c.id) as id,
							c.order_id,
							hex(c.id_banco) as id_banco,
							b.nombre as banco_nombre,
							hex(c.id_tipo) as id_tipo,
							t.nombre as tipo_nombre,
							c.numero
	FROM caja_bancos as c
	LEFT JOIN sistema_listas as b ON c.id_banco = b.id
	LEFT JOIN sistema_listas as t ON c.id_tipo = t.id
	WHERE c.id_empresa = UNHEX(_id_empresa);

END
;;
DELIMITER ;

-- ----------------------------
-- Procedure structure for caja_bancos_UPD
-- ----------------------------
DROP PROCEDURE IF EXISTS `caja_bancos_UPD`;
DELIMITER ;;
CREATE DEFINER=`root`@`localhost` PROCEDURE `caja_bancos_UPD`(IN `_id` VARCHAR(36), IN `_id_empresa` VARCHAR(36), IN `_id_banco` VARCHAR(36), IN `_id_tipo` VARCHAR(36), IN `_numero` VARCHAR(20))
    NO SQL
BEGIN
SET @my_uuid=_id;

UPDATE caja_bancos as a
SET a.id_empresa=UNHEX(_id_empresa), a.id_banco=UNHEX(_id_banco), a.id_tipo=UNHEX(_id_tipo), a.numero=_numero
WHERE a.id=UNHEX(_id);

SELECT @my_uuid as id;   
END
;;
DELIMITER ;

-- ----------------------------
-- Procedure structure for caja_instrumentos_INS
-- ----------------------------
DROP PROCEDURE IF EXISTS `caja_instrumentos_INS`;
DELIMITER ;;
CREATE DEFINER=`root`@`localhost` PROCEDURE `caja_instrumentos_INS`(IN `_id` VARCHAR(36), IN `_id_empresa` VARCHAR(36), IN `_nombre` VARCHAR(255), IN `_es_inactivo` TINYINT(1),  IN `_id_tipo` TINYINT(1))
BEGIN
    SET @new_uuid=uuid();
    SET @my_uuid= CONCAT(SUBSTR(@new_uuid, 15, 4),SUBSTR(@new_uuid, 10, 4),SUBSTR(@new_uuid, 1,8),SUBSTR(@new_uuid, 20, 4),SUBSTR(@new_uuid, 25));
    SET @order_id=UNIX_TIMESTAMP();
		
		INSERT INTO caja_instrumentos(id, order_id, id_empresa, nombre, es_inactivo, id_tipo) 
		VALUES (UNHEX(@my_uuid), @order_id, UNHEX(_id_empresa), _nombre, _es_inactivo, _id_tipo);

		SELECT @my_uuid as id;   
END
;;
DELIMITER ;

-- ----------------------------
-- Procedure structure for caja_instrumentos_ONE
-- ----------------------------
DROP PROCEDURE IF EXISTS `caja_instrumentos_ONE`;
DELIMITER ;;
CREATE DEFINER=`root`@`localhost` PROCEDURE `caja_instrumentos_ONE`(IN `_id` VARCHAR(36))
    NO SQL
BEGIN
SELECT 
	HEX(c.id) as id, 
	c.order_id, 
	HEX(c.id_empresa) as id_empresa,
	c.nombre,
	c.es_inactivo,
	c.id_tipo
FROM caja_instrumentos as c  
WHERE c.id = UNHEX(_id) LIMIT 1;
END
;;
DELIMITER ;

-- ----------------------------
-- Procedure structure for caja_instrumentos_SEL
-- ----------------------------
DROP PROCEDURE IF EXISTS `caja_instrumentos_SEL`;
DELIMITER ;;
CREATE DEFINER=`root`@`localhost` PROCEDURE `caja_instrumentos_SEL`(IN `_id_empresa` VARCHAR(36))
    NO SQL
BEGIN
	SELECT 
	HEX(c.id) as id, 
	c.order_id, 
	HEX(c.id_empresa) as id_empresa,
	c.nombre,
	c.es_inactivo,
	c.id_tipo
FROM caja_instrumentos as c
WHERE c.id_empresa = UNHEX(_id_empresa);

END
;;
DELIMITER ;

-- ----------------------------
-- Procedure structure for caja_instrumentos_UPD
-- ----------------------------
DROP PROCEDURE IF EXISTS `caja_instrumentos_UPD`;
DELIMITER ;;
CREATE DEFINER=`root`@`localhost` PROCEDURE `caja_instrumentos_UPD`(IN `_id` VARCHAR(36), IN `_id_empresa` VARCHAR(36), IN `_nombre` VARCHAR(255), IN `_es_inactivo` TINYINT(1),  IN `_id_tipo` TINYINT(1))
    NO SQL
BEGIN
SET @my_uuid=_id;

UPDATE caja_instrumentos as a
SET a.id_empresa=UNHEX(_id_empresa), a.nombre=_nombre, a.es_inactivo=_es_inactivo, a.id_tipo=_id_tipo
WHERE a.id=UNHEX(_id);

SELECT @my_uuid as id;   
END
;;
DELIMITER ;

-- ----------------------------
-- Procedure structure for caja_movimientos_DEL
-- ----------------------------
DROP PROCEDURE IF EXISTS `caja_movimientos_DEL`;
DELIMITER ;;
CREATE DEFINER=`root`@`localhost` PROCEDURE `caja_movimientos_DEL`(IN `_id_tipo` VARCHAR(36), IN `_id_operacion` VARCHAR(36))
    NO SQL
BEGIN
DELETE m.* 
	FROM caja_movimientos as m 
	WHERE m.id_tipo= UNHEX(_id_tipo) AND m.id_operacion= UNHEX(_id_operacion);
SET @x=TRUE;
SELECT @x as resultado;
END
;;
DELIMITER ;

-- ----------------------------
-- Procedure structure for caja_movimientos_INS
-- ----------------------------
DROP PROCEDURE IF EXISTS `caja_movimientos_INS`;
DELIMITER ;;
CREATE DEFINER=`root`@`localhost` PROCEDURE `caja_movimientos_INS`(IN `_id_empresa` VARCHAR(36), IN `_id_tipo` VARCHAR(36), IN `_id_operacion` VARCHAR(36), IN `_monto` DOUBLE(10,2), IN `_id_instrumento` VARCHAR(36), IN `_id_cuenta` VARCHAR(36), IN `_id_banco` VARCHAR(36), IN `_numero_operacion` VARCHAR(20))
BEGIN
    SET @my_uuid= ordered_uuid(UUID());
    SET @order_id=UNIX_TIMESTAMP();
		
		INSERT INTO caja_movimientos(id, order_id, id_tipo, id_operacion, monto, id_instrumento, id_cuenta, id_banco, numero_operacion) 
		VALUES (@my_uuid, @order_id, UNHEX(_id_tipo), UNHEX(_id_operacion), _monto, UNHEX(_id_instrumento), UNHEX(_id_cuenta), UNHEX(_id_banco), _numero_operacion);

		SELECT HEX(@my_uuid) as id;   
END
;;
DELIMITER ;

-- ----------------------------
-- Procedure structure for caja_movimientos_SEL
-- ----------------------------
DROP PROCEDURE IF EXISTS `caja_movimientos_SEL`;
DELIMITER ;;
CREATE DEFINER=`root`@`localhost` PROCEDURE `caja_movimientos_SEL`(IN `_id_tipo` VARCHAR(36), IN `_id_operacion` VARCHAR(36))
    NO SQL
BEGIN
SELECT HEX(m.id) as id, 
			m.order_id, 
			HEX(m.id_tipo) as id_tipo,
			HEX(m.id_operacion) as id_operacion,
			HEX(m.id_instrumento) as id_instrumento, 
			HEX(m.id_cuenta) as id_cuenta, 
			HEX(m.id_banco) as id_banco,
			m.numero_operacion,
			m.monto,
			i.nombre as instrumento_nombre,
			b.nombre as banco_nombre,
			c.numero as cuenta_numero,
			bc.nombre as cuenta_banco_nombre
FROM caja_movimientos as m
LEFT JOIN caja_instrumentos as i ON m.id_instrumento=i.id
LEFT JOIN sistema_listas as b ON m.id_banco=b.id
LEFT JOIN caja_bancos as c ON m.id_cuenta=c.id
LEFT JOIN sistema_listas as bc ON c.id_banco=bc.id
WHERE m.id_tipo = UNHEX(_id_tipo) AND m.id_operacion = UNHEX(_id_operacion);
END
;;
DELIMITER ;

-- ----------------------------
-- Procedure structure for compras_operaciones_INS
-- ----------------------------
DROP PROCEDURE IF EXISTS `compras_operaciones_INS`;
DELIMITER ;;
CREATE DEFINER=`root`@`localhost` PROCEDURE `compras_operaciones_INS`(IN `_id` VARCHAR(36), IN `_id_empresa` VARCHAR(36), IN `_id_tipo` VARCHAR(36), IN `_numero` INT(10), IN `_nro_control` VARCHAR(100), IN `_fecha` DATETIME, IN `_fecha_registro` DATETIME, IN `_id_doc_origen` VARCHAR(36), IN `_id_proveedor` VARCHAR(36), IN `_id_destino` VARCHAR(36), IN `_monto_bruto` DOUBLE(10,2), IN `_pct_descuento` DOUBLE(10,2), IN `_pct_adicional` DOUBLE(10,2), IN `_monto_neto` DOUBLE(10,2), IN `_monto_iva` DOUBLE(10,2), IN `_monto_total` DOUBLE(10,2), IN `_id_status` VARCHAR(36), IN `_id_estado` VARCHAR(36),IN `_id_usuario` VARCHAR(36), IN `_observacion` VARCHAR(255))
BEGIN
    SET @new_uuid=uuid();
    SET @my_uuid= CONCAT(SUBSTR(@new_uuid, 15, 4),SUBSTR(@new_uuid, 10, 4),SUBSTR(@new_uuid, 1,8),SUBSTR(@new_uuid, 20, 4),SUBSTR(@new_uuid, 25));
    SET @order_id=UNIX_TIMESTAMP();

		INSERT INTO compras_operaciones(id, order_id, id_empresa, id_tipo, numero, nro_control, fecha, fecha_registro, id_doc_origen, id_proveedor, id_destino, monto_bruto, pct_descuento, pct_adicional, monto_neto, monto_iva, monto_total, id_status, id_estado, id_usuario, observacion) 
		VALUES (UNHEX(@my_uuid), @order_id, UNHEX(_id_empresa), UNHEX(_id_tipo), _numero, _nro_control, _fecha, _fecha_registro, UNHEX(_id_doc_origen), UNHEX(_id_proveedor), UNHEX(_id_destino),_monto_bruto, _pct_descuento, _pct_adicional, _monto_neto, _monto_iva, _monto_total, _id_status, _id_estado, UNHEX(_id_usuario), _observacion);

		SELECT @my_uuid as id;   
END
;;
DELIMITER ;

-- ----------------------------
-- Procedure structure for compras_operaciones_LAST
-- ----------------------------
DROP PROCEDURE IF EXISTS `compras_operaciones_LAST`;
DELIMITER ;;
CREATE DEFINER=`root`@`localhost` PROCEDURE `compras_operaciones_LAST`(IN `_id_empresa` VARCHAR(36), IN `_id_tipo` VARCHAR(36))
    NO SQL
BEGIN
        SELECT 	MAX(o.numero) as lastnumero
								FROM compras_operaciones as o
				WHERE o.id_empresa=UNHEX(_id_empresa) AND o.id_tipo=UNHEX(_id_tipo);
END
;;
DELIMITER ;

-- ----------------------------
-- Procedure structure for compras_operaciones_ONE
-- ----------------------------
DROP PROCEDURE IF EXISTS `compras_operaciones_ONE`;
DELIMITER ;;
CREATE DEFINER=`root`@`localhost` PROCEDURE `compras_operaciones_ONE`(IN `_id` VARCHAR(36))
    NO SQL
BEGIN
SELECT HEX(o.id) as id, 
	o.order_id, 
	o.numero, 
	o.nro_control, 
	o.fecha, 
	o.fecha_registro, 
	HEX(o.id_empresa) as id_empresa,
	HEX(o.id_tipo) as id_tipo,
	so.nombre as tipo_operacion_nombre,
	HEX(o.id_doc_origen) as id_doc_origen, 
	HEX(o.id_proveedor) as id_proveedor, 
	p.nombre as proveedor_nombre,
	p.rif as proveedor_rif,
	HEX(o.id_destino) as id_destino,
	a.nombre as almacen_nombre,
	o.monto_bruto,
	o.pct_descuento,
	o.pct_adicional,
	o.monto_neto,
	o.monto_iva,
	o.monto_total,
	o.id_status,
	o.id_estado,
	HEX(o.id_usuario) as id_usuario, 
	u.nombre as usuario_nombre,
	o.observacion
FROM compras_operaciones as o
INNER JOIN sistema_operaciones as so ON o.id_tipo=so.id
LEFT JOIN compras_proveedores as p ON o.id_proveedor=p.id
LEFT JOIN inventario_almacenes as a ON o.id_destino=a.id
LEFT JOIN sistema_usuarios as u ON o.id_usuario=u.id
WHERE o.id = UNHEX(_id) LIMIT 1;

END
;;
DELIMITER ;

-- ----------------------------
-- Procedure structure for compras_operaciones_SEL
-- ----------------------------
DROP PROCEDURE IF EXISTS `compras_operaciones_SEL`;
DELIMITER ;;
CREATE DEFINER=`root`@`localhost` PROCEDURE `compras_operaciones_SEL`(IN `_id_empresa` VARCHAR(36), IN `_id_tipo` VARCHAR(36))
    NO SQL
BEGIN
        SELECT hex(o.id) as id,
                    o.order_id,
										hex(o.id_empresa) as id_empresa,
										hex(o.id_tipo) as id_tipo,
										so.nombre as tipo_operacion_nombre,
										o.numero,
										o.nro_control,
										DATE_FORMAT(o.fecha,'%Y-%m-%dT%TZ') as fecha,
										o.fecha_registro,
										hex(o.id_doc_origen) as id_doc_origen,
										hex(o.id_proveedor) as id_proveedor,
										p.nombre as proveedor_nombre,
										p.rif as proveedor_rif,
										hex(o.id_destino) as id_destino,
										a.nombre as almacen_nombre,
										o.monto_bruto,
										o.pct_descuento,
										o.pct_adicional,
										o.monto_neto,
										o.monto_iva,
										o.monto_total,
										o.id_status,
										o.id_estado,
										hex(o.id_usuario) as id_usuario,
										u.nombre as usuario_nombre,
										o.observacion
        FROM compras_operaciones as o
				INNER JOIN sistema_operaciones as so ON o.id_tipo=so.id
				LEFT JOIN compras_proveedores as p ON o.id_proveedor=p.id
				LEFT JOIN inventario_almacenes as a ON o.id_destino=a.id
				LEFT JOIN sistema_usuarios as u ON o.id_usuario=u.id
				WHERE o.id_empresa=UNHEX(_id_empresa) AND o.id_tipo=UNHEX(_id_tipo)
				ORDER BY o.order_id DESC;
END
;;
DELIMITER ;

-- ----------------------------
-- Procedure structure for compras_operaciones_UPD
-- ----------------------------
DROP PROCEDURE IF EXISTS `compras_operaciones_UPD`;
DELIMITER ;;
CREATE DEFINER=`root`@`localhost` PROCEDURE `compras_operaciones_UPD`(IN `_id` VARCHAR(36), IN `_id_empresa` VARCHAR(36), IN `_id_tipo` VARCHAR(36), IN `_numero` INT(10), IN `_nro_control` VARCHAR(100), IN `_fecha` DATETIME, IN `_fecha_registro` DATETIME, IN `_id_doc_origen` VARCHAR(36), IN `_id_proveedor` VARCHAR(36), IN `_id_destino` VARCHAR(36), IN `_monto_bruto` DOUBLE(10,2), IN `_pct_descuento` DOUBLE(10,2), IN `_pct_adicional` DOUBLE(10,2), IN `_monto_neto` DOUBLE(10,2), IN `_monto_iva` DOUBLE(10,2), IN `_monto_total` DOUBLE(10,2), IN `_id_status` VARCHAR(36), IN `_id_estado` VARCHAR(36),IN `_id_usuario` VARCHAR(36), IN `_observacion` VARCHAR(255))
    NO SQL
BEGIN
SET @my_uuid=_id;

UPDATE compras_operaciones as o
SET o.id_empresa= UNHEX(_id_empresa),
o.id_tipo= UNHEX(_id_tipo), 
o.numero= _numero, 
o.nro_control= _nro_control, 
o.fecha= _fecha, 
o.fecha_registro= _fecha_registro,
o.id_doc_origen= UNHEX(_id_doc_origen),
o.id_proveedor= UNHEX(_id_proveedor),
o.id_destino= UNHEX(_id_destino),
o.monto_bruto=_monto_bruto,
o.pct_descuento=_pct_descuento,
o.pct_adicional=_pct_adicional,
o.monto_neto=_monto_neto,
o.monto_iva=_monto_iva,
o.monto_total=_monto_total, 
o.id_usuario= UNHEX(_id_usuario), 
o.id_status= _id_status, 
o.observacion= _observacion
WHERE o.id=UNHEX(_id);

SELECT @my_uuid as id;   
END
;;
DELIMITER ;

-- ----------------------------
-- Procedure structure for compras_proveedores_INS
-- ----------------------------
DROP PROCEDURE IF EXISTS `compras_proveedores_INS`;
DELIMITER ;;
CREATE DEFINER=`root`@`localhost` PROCEDURE `compras_proveedores_INS`(IN `_id` VARCHAR(36), IN `_id_empresa` VARCHAR(36), IN `_nombre` VARCHAR(200), IN `_rif` VARCHAR(20), IN `_direccion` VARCHAR(200), IN `_telefono` VARCHAR(45), IN `_email` VARCHAR(100), IN `_representante` VARCHAR(200), IN `_id_banco` VARCHAR(36), IN `_numero_cuenta` VARCHAR(26), IN `_observacion` VARCHAR(200))
BEGIN
    SET @new_uuid=uuid();
    SET @my_uuid= CONCAT(SUBSTR(@new_uuid, 15, 4),SUBSTR(@new_uuid, 10, 4),SUBSTR(@new_uuid, 1,8),SUBSTR(@new_uuid, 20, 4),SUBSTR(@new_uuid, 25));
    SET @order_id=UNIX_TIMESTAMP();
		
		INSERT INTO compras_proveedores(id, order_id, id_empresa, nombre, rif, direccion, telefono, email, representante, id_banco, numero_cuenta, observacion) 
		VALUES (UNHEX(@my_uuid), @order_id, UNHEX(_id_empresa), _nombre, _rif, _direccion, _telefono, _email, _representante, UNHEX(_id_banco), _numero_cuenta, _observacion);

		SELECT @my_uuid as id;   
END
;;
DELIMITER ;

-- ----------------------------
-- Procedure structure for compras_proveedores_ONE
-- ----------------------------
DROP PROCEDURE IF EXISTS `compras_proveedores_ONE`;
DELIMITER ;;
CREATE DEFINER=`root`@`localhost` PROCEDURE `compras_proveedores_ONE`(IN `_id` VARCHAR(36))
    NO SQL
BEGIN
SELECT HEX(p.id) as id, p.order_id, HEX(p.id_empresa) as id_empresa, p.nombre, p.rif, p.direccion, p.telefono, p.email, p.representante, HEX(p.id_banco) as id_banco, b.nombre as banco_nombre, p.numero_cuenta, p.observacion
FROM compras_proveedores as p
LEFT JOIN sistema_listas as b ON p.id_banco=b.id
WHERE p.id = UNHEX(_id) LIMIT 1;
END
;;
DELIMITER ;

-- ----------------------------
-- Procedure structure for compras_proveedores_SEL
-- ----------------------------
DROP PROCEDURE IF EXISTS `compras_proveedores_SEL`;
DELIMITER ;;
CREATE DEFINER=`root`@`localhost` PROCEDURE `compras_proveedores_SEL`(IN `_id_empresa` VARCHAR(36))
    NO SQL
BEGIN
        SELECT hex(p.id) as id,
                    p.order_id,
										HEX(p.id_empresa) as id_empresa,
										p.nombre,
										p.rif,
										p.direccion,
										p.telefono,
										p.email,
										p.representante,
										HEX(p.id_banco) as id_banco,
										b.nombre as banco_nombre,
										p.numero_cuenta,
										p.observacion
        FROM compras_proveedores as p
				LEFT JOIN sistema_listas as b ON p.id_banco=b.id
				WHERE p.id_empresa = UNHEX(_id_empresa);
END
;;
DELIMITER ;

-- ----------------------------
-- Procedure structure for compras_proveedores_UPD
-- ----------------------------
DROP PROCEDURE IF EXISTS `compras_proveedores_UPD`;
DELIMITER ;;
CREATE DEFINER=`root`@`localhost` PROCEDURE `compras_proveedores_UPD`(IN `_id` VARCHAR(36), IN `_id_empresa` VARCHAR(36), IN `_nombre` VARCHAR(200), IN `_rif` VARCHAR(20), IN `_direccion` VARCHAR(200), IN `_telefono` VARCHAR(45), IN `_email` VARCHAR(100), IN `_representante` VARCHAR(200), IN `_id_banco` VARCHAR(36), IN `_numero_cuenta` VARCHAR(26), IN `_observacion` VARCHAR(200))
    NO SQL
BEGIN
SET @my_uuid=_id;

UPDATE compras_proveedores as p
SET p.id_empresa=UNHEX(_id_empresa), p.nombre=_nombre, p.rif=_rif, p.direccion=_direccion, p.telefono=_telefono, p.email=_email, p.representante=_representante, p.id_banco=UNHEX(_id_banco), p.numero_cuenta=_numero_cuenta, p.observacion=_observacion
WHERE p.id=UNHEX(_id);

SELECT @my_uuid as id;   
END
;;
DELIMITER ;

-- ----------------------------
-- Procedure structure for empresa_empleados_INS
-- ----------------------------
DROP PROCEDURE IF EXISTS `empresa_empleados_INS`;
DELIMITER ;;
CREATE DEFINER=`root`@`localhost` PROCEDURE `empresa_empleados_INS`(IN `_id` VARCHAR(36), IN `_id_empresa` VARCHAR(36), IN `_id_tipo` VARCHAR(36), IN `_cedula` VARCHAR(20), IN `_nombre` VARCHAR(100), IN `_pct_comision` DOUBLE(3,2))
BEGIN
    SET @new_uuid=uuid();
    SET @my_uuid= CONCAT(SUBSTR(@new_uuid, 15, 4),SUBSTR(@new_uuid, 10, 4),SUBSTR(@new_uuid, 1,8),SUBSTR(@new_uuid, 20, 4),SUBSTR(@new_uuid, 25));
    SET @order_id=UNIX_TIMESTAMP();
		
		INSERT INTO empresa_personal(id, order_id, id_empresa, id_tipo, cedula, nombre, pct_comision) 
		VALUES (UNHEX(@my_uuid), @order_id, UNHEX(_id_empresa), UNHEX(_id_tipo), _cedula, _nombre, _pct_comision);

		SELECT @my_uuid as id;   
END
;;
DELIMITER ;

-- ----------------------------
-- Procedure structure for empresa_empleados_ONE
-- ----------------------------
DROP PROCEDURE IF EXISTS `empresa_empleados_ONE`;
DELIMITER ;;
CREATE DEFINER=`root`@`localhost` PROCEDURE `empresa_empleados_ONE`(IN `_id` VARCHAR(36))
    NO SQL
BEGIN
SELECT 
	HEX(c.id) as id, 
	c.order_id, 
	HEX(c.id_empresa) as id_empresa, 
	HEX(c.id_tipo) as id_tipo, 
	t.nombre as tipo_nombre, 
	c.cedula,
	c.nombre,
	c.pct_comision
FROM empresa_personal as c  
LEFT JOIN sistema_listas as t ON c.id_tipo = t.id
WHERE c.id = UNHEX(_id) LIMIT 1;
END
;;
DELIMITER ;

-- ----------------------------
-- Procedure structure for empresa_empleados_SEL
-- ----------------------------
DROP PROCEDURE IF EXISTS `empresa_empleados_SEL`;
DELIMITER ;;
CREATE DEFINER=`root`@`localhost` PROCEDURE `empresa_empleados_SEL`(IN `_id_empresa` VARCHAR(36))
    NO SQL
BEGIN
	SELECT hex(c.id) as id,
							c.order_id,
							hex(c.id_tipo) as id_tipo,
							t.nombre as tipo_nombre,
							c.cedula,
							c.nombre,
							c.pct_comision
	FROM empresa_personal as c
	LEFT JOIN sistema_listas as t ON c.id_tipo = t.id
	WHERE c.id_empresa = UNHEX(_id_empresa);

END
;;
DELIMITER ;

-- ----------------------------
-- Procedure structure for empresa_empleados_UPD
-- ----------------------------
DROP PROCEDURE IF EXISTS `empresa_empleados_UPD`;
DELIMITER ;;
CREATE DEFINER=`root`@`localhost` PROCEDURE `empresa_empleados_UPD`(IN `_id` VARCHAR(36), IN `_id_empresa` VARCHAR(36), IN `_id_tipo` VARCHAR(36), IN `_cedula` VARCHAR(20), IN `_nombre` VARCHAR(100), IN `_pct_comision` DOUBLE(3,2))
    NO SQL
BEGIN
SET @my_uuid=_id;

UPDATE empresa_personal as a
SET a.id_empresa=UNHEX(_id_empresa), 
	a.id_tipo=UNHEX(_id_tipo), 
	a.cedula=_cedula,
	a.nombre=_nombre,
	a.pct_comision= _pct_comision
WHERE a.id=UNHEX(_id);

SELECT @my_uuid as id;   
END
;;
DELIMITER ;

-- ----------------------------
-- Procedure structure for empresa_vehiculos_INS
-- ----------------------------
DROP PROCEDURE IF EXISTS `empresa_vehiculos_INS`;
DELIMITER ;;
CREATE DEFINER=`root`@`localhost` PROCEDURE `empresa_vehiculos_INS`(IN `_id` VARCHAR(36), IN `_id_empresa` VARCHAR(36), IN `_vehiculo` VARCHAR(30), IN `_modelo` VARCHAR(30), IN `_marca` VARCHAR(30), IN `_color` VARCHAR(30), IN `_placa` VARCHAR(30), IN `_racda` VARCHAR(30))
BEGIN
    SET @new_uuid=uuid();
    SET @my_uuid= CONCAT(SUBSTR(@new_uuid, 15, 4),SUBSTR(@new_uuid, 10, 4),SUBSTR(@new_uuid, 1,8),SUBSTR(@new_uuid, 20, 4),SUBSTR(@new_uuid, 25));
    SET @order_id=UNIX_TIMESTAMP();
		
		INSERT INTO empresa_vehiculos(id, order_id, id_empresa, vehiculo, modelo, marca, color, placa, racda) 
		VALUES (UNHEX(@my_uuid), @order_id, UNHEX(_id_empresa), _vehiculo, _modelo, _marca, _color, _placa, _racda);

		SELECT @my_uuid as id;   
END
;;
DELIMITER ;

-- ----------------------------
-- Procedure structure for empresa_vehiculos_ONE
-- ----------------------------
DROP PROCEDURE IF EXISTS `empresa_vehiculos_ONE`;
DELIMITER ;;
CREATE DEFINER=`root`@`localhost` PROCEDURE `empresa_vehiculos_ONE`(IN `_id` VARCHAR(36))
    NO SQL
BEGIN
SELECT 
	HEX(c.id) as id, 
	c.order_id, 
	HEX(c.id_empresa) as id_empresa, 
	c.vehiculo,
	c.marca,
	c.modelo,
	c.color,
	c.placa,
	c.racda
FROM empresa_vehiculos as c  
WHERE c.id = UNHEX(_id) LIMIT 1;
END
;;
DELIMITER ;

-- ----------------------------
-- Procedure structure for empresa_vehiculos_SEL
-- ----------------------------
DROP PROCEDURE IF EXISTS `empresa_vehiculos_SEL`;
DELIMITER ;;
CREATE DEFINER=`root`@`localhost` PROCEDURE `empresa_vehiculos_SEL`(IN `_id_empresa` VARCHAR(36))
    NO SQL
BEGIN
	SELECT hex(c.id) as id,
							c.order_id, 
							HEX(c.id_empresa) as id_empresa, 
							c.vehiculo,
							c.marca,
							c.modelo,
							c.color,
							c.placa,
							c.racda
	FROM empresa_vehiculos as c
	WHERE c.id_empresa = UNHEX(_id_empresa);

END
;;
DELIMITER ;

-- ----------------------------
-- Procedure structure for empresa_vehiculos_UPD
-- ----------------------------
DROP PROCEDURE IF EXISTS `empresa_vehiculos_UPD`;
DELIMITER ;;
CREATE DEFINER=`root`@`localhost` PROCEDURE `empresa_vehiculos_UPD`(IN `_id` VARCHAR(36), IN `_id_empresa` VARCHAR(36), IN `_vehiculo` VARCHAR(30), IN `_modelo` VARCHAR(30), IN `_marca` VARCHAR(30), IN `_color` VARCHAR(30), IN `_placa` VARCHAR(30), IN `_racda` VARCHAR(30))
    NO SQL
BEGIN
SET @my_uuid=_id;

UPDATE empresa_vehiculos as a
SET a.id_empresa=UNHEX(_id_empresa), 
	a.vehiculo=_vehiculo,	
	a.modelo=_modelo,
	a.marca=_marca,
	a.color=_color,
	a.placa=_placa,
	a.racda=_racda
WHERE a.id=UNHEX(_id);

SELECT @my_uuid as id;   
END
;;
DELIMITER ;

-- ----------------------------
-- Procedure structure for inventario_almacenes_DEFAULT
-- ----------------------------
DROP PROCEDURE IF EXISTS `inventario_almacenes_DEFAULT`;
DELIMITER ;;
CREATE DEFINER=`root`@`localhost` PROCEDURE `inventario_almacenes_DEFAULT`(IN `_id_empresa` VARCHAR(36))
BEGIN
	SELECT HEX(a.id) as id, a.order_id, a.nombre, a.descrip, a.es_default
		FROM inventario_almacenes as a
		WHERE a.id_empresa = UNHEX(_id_empresa)  AND a.es_default= 1 LIMIT 1;
END
;;
DELIMITER ;

-- ----------------------------
-- Procedure structure for inventario_almacenes_INS
-- ----------------------------
DROP PROCEDURE IF EXISTS `inventario_almacenes_INS`;
DELIMITER ;;
CREATE DEFINER=`root`@`localhost` PROCEDURE `inventario_almacenes_INS`(IN `_id` VARCHAR(36), IN `_id_empresa` VARCHAR(36), IN `_nombre` VARCHAR(100), IN `_descrip` VARCHAR(100), IN `_es_default` TINYINT(1))
BEGIN
    #SET @my_uuid= ordered_uuid(UUID());
    #SET @order_id=UNIX_TIMESTAMP();
		SET @new_uuid=uuid();
    SET @my_uuid= CONCAT(SUBSTR(@new_uuid, 15, 4),SUBSTR(@new_uuid, 10, 4),SUBSTR(@new_uuid, 1,8),SUBSTR(@new_uuid, 20, 4),SUBSTR(@new_uuid, 25));
    SET @order_id=UNIX_TIMESTAMP();

		INSERT INTO inventario_almacenes(id, order_id, id_empresa, nombre, descrip, es_default) 
		VALUES (UNHEX(@my_uuid), @order_id, UNHEX(_id_empresa), _nombre, _descrip, _es_default);

		SELECT @my_uuid as id;   
END
;;
DELIMITER ;

-- ----------------------------
-- Procedure structure for inventario_almacenes_ONE
-- ----------------------------
DROP PROCEDURE IF EXISTS `inventario_almacenes_ONE`;
DELIMITER ;;
CREATE DEFINER=`root`@`localhost` PROCEDURE `inventario_almacenes_ONE`(IN `_id` VARCHAR(36))
    NO SQL
BEGIN
SELECT HEX(a.id) as id, a.order_id, HEX(a.id_empresa) as id_empresa, a.nombre, a.descrip, a.es_default
FROM inventario_almacenes as a
WHERE a.id = UNHEX(_id) LIMIT 1;
END
;;
DELIMITER ;

-- ----------------------------
-- Procedure structure for inventario_almacenes_SEL
-- ----------------------------
DROP PROCEDURE IF EXISTS `inventario_almacenes_SEL`;
DELIMITER ;;
CREATE DEFINER=`root`@`localhost` PROCEDURE `inventario_almacenes_SEL`(IN `_id_empresa` VARCHAR(36))
    NO SQL
BEGIN
        SELECT hex(a.id) as id,
                    a.order_id,
										HEX(a.id_empresa),
										a.nombre,
										a.descrip,
										a.es_default
        FROM inventario_almacenes as a
				WHERE a.id_empresa = UNHEX(_id_empresa);
END
;;
DELIMITER ;

-- ----------------------------
-- Procedure structure for inventario_almacenes_UPD
-- ----------------------------
DROP PROCEDURE IF EXISTS `inventario_almacenes_UPD`;
DELIMITER ;;
CREATE DEFINER=`root`@`localhost` PROCEDURE `inventario_almacenes_UPD`(IN `_id` VARCHAR(36), IN `_id_empresa` VARCHAR(36),  IN `_nombre` VARCHAR(100), IN `_descrip` VARCHAR(100), IN `_es_default` TINYINT(1))
    NO SQL
BEGIN
SET @my_uuid=_id;

UPDATE inventario_almacenes as a
SET a.id_empresa=UNHEX(_id_empresa), a.nombre=_nombre, a.descrip=_descrip, a.es_default=_es_default
WHERE a.id=UNHEX(_id);

SELECT @my_uuid as id;   
END
;;
DELIMITER ;

-- ----------------------------
-- Procedure structure for inventario_atributos_DEL
-- ----------------------------
DROP PROCEDURE IF EXISTS `inventario_atributos_DEL`;
DELIMITER ;;
CREATE DEFINER=`root`@`localhost` PROCEDURE `inventario_atributos_DEL`(IN `_id_producto` VARCHAR(36))
    NO SQL
BEGIN
DELETE a.* FROM inventario_atributos as a WHERE a.id_producto = UNHEX(_id_producto);
SET @x=TRUE;
SELECT @x as resultado;
END
;;
DELIMITER ;

-- ----------------------------
-- Procedure structure for inventario_atributos_INS
-- ----------------------------
DROP PROCEDURE IF EXISTS `inventario_atributos_INS`;
DELIMITER ;;
CREATE DEFINER=`root`@`localhost` PROCEDURE `inventario_atributos_INS`(IN `_id_producto` VARCHAR(36), IN `_nombre` VARCHAR(100), IN `_valor` VARCHAR(100))
BEGIN
    SET @my_uuid= ordered_uuid(UUID());
    SET @order_id=UNIX_TIMESTAMP();
		
		INSERT INTO inventario_atributos(id, order_id, id_producto, nombre, valor) 
		VALUES (@my_uuid, @order_id, UNHEX(_id_producto), _nombre, _valor);

		SELECT HEX(@my_uuid) as id;   
END
;;
DELIMITER ;

-- ----------------------------
-- Procedure structure for inventario_atributos_SEL
-- ----------------------------
DROP PROCEDURE IF EXISTS `inventario_atributos_SEL`;
DELIMITER ;;
CREATE DEFINER=`root`@`localhost` PROCEDURE `inventario_atributos_SEL`(IN `_id_producto` VARCHAR(36))
    NO SQL
BEGIN
SELECT HEX(a.id) as id, a.order_id, HEX(a.id_producto), a.nombre, a.valor
FROM inventario_atributos as a
WHERE a.id_producto = UNHEX(_id_producto);
END
;;
DELIMITER ;

-- ----------------------------
-- Procedure structure for inventario_categorias_INS
-- ----------------------------
DROP PROCEDURE IF EXISTS `inventario_categorias_INS`;
DELIMITER ;;
CREATE DEFINER=`root`@`localhost` PROCEDURE `inventario_categorias_INS`(IN `_id` VARCHAR(36), IN `_id_empresa` VARCHAR(36), IN `_nombre` VARCHAR(100), IN `_descrip` VARCHAR(100), IN `_id_padre` VARCHAR(36))
BEGIN
    SET @new_uuid=uuid();
    SET @my_uuid= CONCAT(SUBSTR(@new_uuid, 15, 4),SUBSTR(@new_uuid, 10, 4),SUBSTR(@new_uuid, 1,8),SUBSTR(@new_uuid, 20, 4),SUBSTR(@new_uuid, 25));
    SET @order_id=UNIX_TIMESTAMP();
INSERT INTO inventario_categorias(id, order_id, id_empresa, nombre, descrip, id_padre) 
VALUES (UNHEX(@my_uuid), @order_id, UNHEX(_id_empresa), _nombre, _descrip, UNHEX(_id_padre));

SELECT @my_uuid as id;   

END
;;
DELIMITER ;

-- ----------------------------
-- Procedure structure for inventario_categorias_ONE
-- ----------------------------
DROP PROCEDURE IF EXISTS `inventario_categorias_ONE`;
DELIMITER ;;
CREATE DEFINER=`root`@`localhost` PROCEDURE `inventario_categorias_ONE`(IN `_id` VARCHAR(36))
    NO SQL
BEGIN
SELECT HEX(c.id) as id, c.order_id, HEX(c.id_empresa) as id_empresa, t.nombre as padre_nombre, c.nombre, c.descrip, HEX(c.id_padre) as id_padre
FROM inventario_categorias as c  
LEFT JOIN inventario_categorias as t ON c.id_padre= t.id
WHERE c.id = UNHEX(_id) LIMIT 1;
END
;;
DELIMITER ;

-- ----------------------------
-- Procedure structure for inventario_categorias_SEL
-- ----------------------------
DROP PROCEDURE IF EXISTS `inventario_categorias_SEL`;
DELIMITER ;;
CREATE DEFINER=`root`@`localhost` PROCEDURE `inventario_categorias_SEL`(IN `_id_empresa` VARCHAR(36))
    NO SQL
BEGIN
		SELECT hex(c.id) as id,
								c.order_id,
								hex(c.id_empresa) as id_empresa,
								hex(c.id_padre) as id_padre,
								t.nombre as padre_nombre,
																c.nombre,
																c.descrip
		FROM inventario_categorias as c
		LEFT JOIN inventario_categorias as t ON c.id_padre= t.id
		WHERE c.id_empresa=UNHEX(_id_empresa)
		ORDER BY c.nombre;

END
;;
DELIMITER ;

-- ----------------------------
-- Procedure structure for inventario_categorias_UPD
-- ----------------------------
DROP PROCEDURE IF EXISTS `inventario_categorias_UPD`;
DELIMITER ;;
CREATE DEFINER=`root`@`localhost` PROCEDURE `inventario_categorias_UPD`(IN `_id` VARCHAR(36), IN `_id_empresa` VARCHAR(36), IN `_nombre` VARCHAR(100), IN `_descrip` VARCHAR(100), IN `_id_padre` VARCHAR(36))
    NO SQL
BEGIN
SET @my_uuid=_id;

UPDATE inventario_categorias as c
SET c.id_empresa=UNHEX(_id_empresa), c.nombre=_nombre, c.descrip=_descrip, c.id_padre=UNHEX(_id_padre)
WHERE c.id=UNHEX(_id);

SELECT @my_uuid as id;   
END
;;
DELIMITER ;

-- ----------------------------
-- Procedure structure for inventario_existencias_AUM
-- ----------------------------
DROP PROCEDURE IF EXISTS `inventario_existencias_AUM`;
DELIMITER ;;
CREATE DEFINER=`root`@`localhost` PROCEDURE `inventario_existencias_AUM`(IN `_id_producto` VARCHAR(36), IN `_id_almacen` VARCHAR(36), IN `_cantidad` DOUBLE(10,2))
    NO SQL
BEGIN
SET @existe=(SELECT COUNT(e.id) as cuantos FROM inventario_existencias as e WHERE e.id_producto=UNHEX(_id_producto) AND e.id_almacen=UNHEX(_id_almacen));

IF @existe>0 THEN 
	UPDATE inventario_existencias as e
	SET e.cantidad=e.cantidad + _cantidad
	WHERE e.id_producto=UNHEX(_id_producto) AND e.id_almacen=UNHEX(_id_almacen);
ELSE
	SET @new_uuid=uuid();
	SET @my_uuid= CONCAT(SUBSTR(@new_uuid, 15, 4),SUBSTR(@new_uuid, 10, 4),SUBSTR(@new_uuid, 1,8),SUBSTR(@new_uuid, 20, 4),SUBSTR(@new_uuid, 25));
	SET @order_id=UNIX_TIMESTAMP();
	INSERT INTO inventario_existencias(id, order_id, id_producto, id_almacen, cantidad) 
	VALUES (UNHEX(@my_uuid), @order_id, UNHEX(_id_producto), UNHEX(_id_almacen), _cantidad);
END IF;

SELECT _id_producto as id;   
END
;;
DELIMITER ;

-- ----------------------------
-- Procedure structure for inventario_existencias_DIS
-- ----------------------------
DROP PROCEDURE IF EXISTS `inventario_existencias_DIS`;
DELIMITER ;;
CREATE DEFINER=`root`@`localhost` PROCEDURE `inventario_existencias_DIS`(IN `_id_producto` VARCHAR(36), IN `_id_almacen` VARCHAR(36), IN `_cantidad` DOUBLE(10,2))
    NO SQL
BEGIN
SET @existe=(SELECT COUNT(e.id) as cuantos FROM inventario_existencias as e WHERE e.id_producto=UNHEX(_id_producto) AND e.id_almacen=UNHEX(_id_almacen));

IF @existe>0 THEN 
	UPDATE inventario_existencias as e
	SET e.cantidad=e.cantidad - _cantidad
	WHERE e.id_producto=UNHEX(_id_producto) AND e.id_almacen=UNHEX(_id_almacen);
ELSE
	SET @new_uuid=uuid();
	SET @my_uuid= CONCAT(SUBSTR(@new_uuid, 15, 4),SUBSTR(@new_uuid, 10, 4),SUBSTR(@new_uuid, 1,8),SUBSTR(@new_uuid, 20, 4),SUBSTR(@new_uuid, 25));
	SET @order_id=UNIX_TIMESTAMP();
	INSERT INTO inventario_existencias(id, order_id, id_producto, id_almacen, cantidad) 
	VALUES (UNHEX(@my_uuid), @order_id, UNHEX(_id_producto), UNHEX(_id_almacen), _cantidad);
END IF;

SELECT _id_producto as id;   
END
;;
DELIMITER ;

-- ----------------------------
-- Procedure structure for inventario_existencias_INS
-- ----------------------------
DROP PROCEDURE IF EXISTS `inventario_existencias_INS`;
DELIMITER ;;
CREATE DEFINER=`root`@`localhost` PROCEDURE `inventario_existencias_INS`(IN `_id` VARCHAR(36), IN `_id_producto` VARCHAR(36), IN `_id_almacen` VARCHAR(36), IN `_cantidad` DOUBLE(10,2))
BEGIN
    SET @new_uuid=uuid();
    SET @my_uuid= CONCAT(SUBSTR(@new_uuid, 15, 4),SUBSTR(@new_uuid, 10, 4),SUBSTR(@new_uuid, 1,8),SUBSTR(@new_uuid, 20, 4),SUBSTR(@new_uuid, 25));
    SET @order_id=UNIX_TIMESTAMP();
INSERT INTO inventario_existencias(id, order_id, id_producto, id_almacen, cantidad) 
VALUES (UNHEX(@my_uuid), @order_id, _id_producto, _id_almacen, _cantidad);

SELECT @my_uuid as id;   

END
;;
DELIMITER ;

-- ----------------------------
-- Procedure structure for inventario_existencias_MAX_ALM
-- ----------------------------
DROP PROCEDURE IF EXISTS `inventario_existencias_MAX_ALM`;
DELIMITER ;;
CREATE DEFINER=`root`@`localhost` PROCEDURE `inventario_existencias_MAX_ALM`(IN `_id` VARCHAR(36))
    NO SQL
BEGIN
        SELECT 	HEX(e.id_almacen) as id_almacen, MAX(e.cantidad) as max_cantidad
								FROM inventario_existencias as e
				WHERE e.id_producto=UNHEX(_id);
END
;;
DELIMITER ;

-- ----------------------------
-- Procedure structure for inventario_existencias_ONE
-- ----------------------------
DROP PROCEDURE IF EXISTS `inventario_existencias_ONE`;
DELIMITER ;;
CREATE DEFINER=`root`@`localhost` PROCEDURE `inventario_existencias_ONE`(IN `_id_producto` VARCHAR(36))
    NO SQL
BEGIN
SELECT 
	HEX(e.id) as id, 
	e.order_id, 
	HEX(e.id_producto) as id_producto, 
	HEX(e.id_almacen) as id_almacen, 
	a.nombre, 
	COALESCE((e.cantidad),0) as cantidad
FROM inventario_existencias as e
RIGHT JOIN inventario_almacenes as a ON e.id_almacen=a.id
WHERE e.id_producto = UNHEX(_id_producto);
END
;;
DELIMITER ;

-- ----------------------------
-- Procedure structure for inventario_existencias_SEL
-- ----------------------------
DROP PROCEDURE IF EXISTS `inventario_existencias_SEL`;
DELIMITER ;;
CREATE DEFINER=`root`@`localhost` PROCEDURE `inventario_existencias_SEL`()
    NO SQL
BEGIN
        SELECT hex(e.id) as id,
                    e.order_id,
										hex(e.id_producto),
										p.nombre,
										p.codigo,
										u.nombre,
										hex(e.id_almacen),
										a.nombre,
										e.cantidad
        FROM inventario_existencias as e
				INNER JOIN inventario_almacenes as a ON e.id_almacen=a.id
				INNER JOIN inventario_productos as p ON e.id_producto=p.id
				INNER JOIN sistema_unidades as u ON p.id_unidad_venta=u.id;
END
;;
DELIMITER ;

-- ----------------------------
-- Procedure structure for inventario_existencias_UPD
-- ----------------------------
DROP PROCEDURE IF EXISTS `inventario_existencias_UPD`;
DELIMITER ;;
CREATE DEFINER=`root`@`localhost` PROCEDURE `inventario_existencias_UPD`(IN `_id_producto` VARCHAR(36), IN `_id_almacen` VARCHAR(36), IN `_cantidad` DOUBLE(10,2))
    NO SQL
BEGIN
SET @my_uuid=_id;

UPDATE inventario_existencias as e
SET e.cantidad=_cantidad
WHERE e.id_producto=UNHEX(_id_producto) AND e.id_almacen=UNHEX(_id_almacen);

SELECT @my_uuid as id;   
END
;;
DELIMITER ;

-- ----------------------------
-- Procedure structure for inventario_formulas_DEL
-- ----------------------------
DROP PROCEDURE IF EXISTS `inventario_formulas_DEL`;
DELIMITER ;;
CREATE DEFINER=`root`@`localhost` PROCEDURE `inventario_formulas_DEL`(IN `_id_producto` VARCHAR(36))
    NO SQL
BEGIN
DELETE f.* FROM inventario_formulas as f WHERE f.id_producto = UNHEX(_id_producto);
SET @x=TRUE;
SELECT @x as resultado;
END
;;
DELIMITER ;

-- ----------------------------
-- Procedure structure for inventario_formulas_INS
-- ----------------------------
DROP PROCEDURE IF EXISTS `inventario_formulas_INS`;
DELIMITER ;;
CREATE DEFINER=`root`@`localhost` PROCEDURE `inventario_formulas_INS`(IN `_id_producto` VARCHAR(36), IN `_id_componente` VARCHAR(36), IN `_id_unidad` VARCHAR(36), IN `_cantidad` DOUBLE(10,2))
BEGIN
    SET @my_uuid= ordered_uuid(UUID());
    SET @order_id=UNIX_TIMESTAMP();
		
		INSERT INTO inventario_formulas(id, order_id, id_producto, id_componente, id_unidad, cantidad) 
		VALUES (@my_uuid, @order_id, UNHEX(_id_producto), UNHEX(_id_componente), UNHEX(_id_unidad), _cantidad);

		SELECT HEX(@my_uuid) as id;   
END
;;
DELIMITER ;

-- ----------------------------
-- Procedure structure for inventario_formulas_SEL
-- ----------------------------
DROP PROCEDURE IF EXISTS `inventario_formulas_SEL`;
DELIMITER ;;
CREATE DEFINER=`root`@`localhost` PROCEDURE `inventario_formulas_SEL`(IN `_id_producto` VARCHAR(36))
    NO SQL
BEGIN
SET @dolar=(SELECT c.valor FROM sistema_cotizaciones as c  ORDER BY c.id DESC LIMIT 1);
#SET @fct_conv=(SELECT c.valor FROM sistema_cotizaciones as c  ORDER BY c.id DESC LIMIT 1);

SELECT HEX(f.id) as id, 
			f.order_id, 
			HEX(f.id_producto) as id_producto, 
			HEX(f.id_componente) as id_componente, 
			HEX(f.id_unidad) as id_unidad, 
			s.codigo as componente_codigo,
			s.nombre as componente_nombre, 
			uc.nombre_display as componente_unidad, 
			f.cantidad,
			@componente_costo_dolar:=(((p.dolar_costo_dolar * uc.factor_conversion)/u.factor_conversion)* f.cantidad ) as componente_costo_dolar,
			@componente_dolar_costo_bruto:= ROUND(COALESCE((@componente_costo_dolar * @dolar),0),2) as componente_dolar_costo_bruto,
			@componente_dolar_costo_neto:=ROUND(COALESCE(((@componente_dolar_costo_bruto/((p.costo_pct_dcto/100)+1))*((p.costo_pct_adic/100)+1)),@componente_dolar_costo_bruto),2) as componente_dolar_costo_neto 
FROM inventario_formulas as f
INNER JOIN inventario_productos as p ON f.id_componente=p.id
INNER JOIN sistema_productos as s ON p.id_producto=s.id
INNER JOIN sistema_unidades as u ON s.id_unidad_venta=u.id
INNER JOIN sistema_unidades as uc ON f.id_unidad=uc.id
WHERE f.id_producto = UNHEX(_id_producto);
END
;;
DELIMITER ;

-- ----------------------------
-- Procedure structure for inventario_movimientos_DEL
-- ----------------------------
DROP PROCEDURE IF EXISTS `inventario_movimientos_DEL`;
DELIMITER ;;
CREATE DEFINER=`root`@`localhost` PROCEDURE `inventario_movimientos_DEL`(IN `_id_tipo` VARCHAR(36), IN `_id_operacion` VARCHAR(36))
    NO SQL
BEGIN
DELETE m.* 
	FROM inventario_movimientos as m 
	WHERE m.id_tipo= UNHEX(_id_tipo) AND m.id_operacion= UNHEX(_id_operacion);
SET @x=TRUE;
SELECT @x as resultado;
END
;;
DELIMITER ;

-- ----------------------------
-- Procedure structure for inventario_movimientos_INS
-- ----------------------------
DROP PROCEDURE IF EXISTS `inventario_movimientos_INS`;
DELIMITER ;;
CREATE DEFINER=`root`@`localhost` PROCEDURE `inventario_movimientos_INS`(IN `_id_tipo` VARCHAR(36), IN `_id_operacion` VARCHAR(36), IN `_id_producto` VARCHAR(36), IN `_id_producto_padre` VARCHAR(36), IN `_id_unidad` VARCHAR(36), IN `_precio` DOUBLE(10,2), IN `_cantidad` DOUBLE(10,2), IN `_id_impuesto` VARCHAR(36), IN `_valor_impuesto` DOUBLE(10,2))
BEGIN
    SET @my_uuid= ordered_uuid(UUID());
    SET @order_id=UNIX_TIMESTAMP();
		
		INSERT INTO inventario_movimientos(id, order_id, id_tipo, id_operacion, id_producto, id_producto_padre, id_unidad, precio, cantidad, id_impuesto, valor_impuesto) 
		VALUES (@my_uuid, @order_id, UNHEX(_id_tipo), UNHEX(_id_operacion), UNHEX(_id_producto), UNHEX(_id_producto_padre), UNHEX(_id_unidad), _precio, _cantidad, UNHEX(_id_impuesto), _valor_impuesto);

		SELECT HEX(@my_uuid) as id;   
END
;;
DELIMITER ;

-- ----------------------------
-- Procedure structure for inventario_movimientos_SEL
-- ----------------------------
DROP PROCEDURE IF EXISTS `inventario_movimientos_SEL`;
DELIMITER ;;
CREATE DEFINER=`root`@`localhost` PROCEDURE `inventario_movimientos_SEL`(IN `_id_tipo` VARCHAR(36), IN `_id_operacion` VARCHAR(36))
    NO SQL
BEGIN
SELECT HEX(m.id) as id, 
			m.order_id, 
			HEX(m.id_producto) as id_producto, 
			HEX(m.id_producto_padre) as id_producto_padre, 
			HEX(m.id_unidad) as id_unidad,
			HEX(m.id_impuesto) as id_impuesto, 
			s.codigo as producto_codigo,
			s.nombre as producto_nombre, 
			u.nombre_display as producto_unidad, 
			m.cantidad,
			m.precio,
			m.valor_impuesto,
			@monto:=(m.precio * m.cantidad ) as monto,
			@monto_impuesto:=ROUND((@monto*((m.valor_impuesto/100)+1))-@monto ) as monto_impuesto
FROM inventario_movimientos as m
INNER JOIN inventario_productos as p ON m.id_producto=p.id
INNER JOIN sistema_productos as s ON p.id_producto=s.id
INNER JOIN sistema_unidades as u ON m.id_unidad=u.id
WHERE m.id_tipo = UNHEX(_id_tipo) AND m.id_operacion = UNHEX(_id_operacion) AND m.id_producto_padre=UNHEX('00000000000000000000000000000000') ;
END
;;
DELIMITER ;

-- ----------------------------
-- Procedure structure for inventario_operaciones_INS
-- ----------------------------
DROP PROCEDURE IF EXISTS `inventario_operaciones_INS`;
DELIMITER ;;
CREATE DEFINER=`root`@`localhost` PROCEDURE `inventario_operaciones_INS`(IN `_id` VARCHAR(36), IN `_id_empresa` VARCHAR(36), IN `_id_tipo` VARCHAR(36), IN `_numero` INT(10), IN `_nro_control` VARCHAR(100), IN `_fecha` DATETIME, IN `_fecha_registro` DATETIME, IN `_id_doc_origen` VARCHAR(36), IN `_id_origen` VARCHAR(36), IN `_id_destino` VARCHAR(36), IN `_id_usuario` VARCHAR(36), IN `_id_status` VARCHAR(36), IN `_id_estado` VARCHAR(36),  IN `_observacion` VARCHAR(255))
BEGIN
    SET @new_uuid=uuid();
    SET @my_uuid= CONCAT(SUBSTR(@new_uuid, 15, 4),SUBSTR(@new_uuid, 10, 4),SUBSTR(@new_uuid, 1,8),SUBSTR(@new_uuid, 20, 4),SUBSTR(@new_uuid, 25));
    SET @order_id=UNIX_TIMESTAMP();

		INSERT INTO inventario_operaciones(id, order_id, id_empresa, id_tipo, numero, nro_control, fecha, fecha_registro, id_doc_origen, id_origen, id_destino, id_usuario, id_status, id_estado, observacion) 
		VALUES (UNHEX(@my_uuid), @order_id, UNHEX(_id_empresa), UNHEX(_id_tipo), _numero, _nro_control, _fecha, _fecha_registro, UNHEX(_id_doc_origen), UNHEX(_id_origen), UNHEX(_id_destino), UNHEX(_id_usuario), _id_status, id_estado, _observacion);

		SELECT @my_uuid as id;   
END
;;
DELIMITER ;

-- ----------------------------
-- Procedure structure for inventario_operaciones_LAST
-- ----------------------------
DROP PROCEDURE IF EXISTS `inventario_operaciones_LAST`;
DELIMITER ;;
CREATE DEFINER=`root`@`localhost` PROCEDURE `inventario_operaciones_LAST`(IN `_id_empresa` VARCHAR(36), IN `_id_tipo` VARCHAR(36))
    NO SQL
BEGIN
        SELECT 	MAX(o.numero) as lastnumero
								FROM inventario_operaciones as o
				WHERE o.id_empresa=UNHEX(_id_empresa) AND o.id_tipo=UNHEX(_id_tipo);
END
;;
DELIMITER ;

-- ----------------------------
-- Procedure structure for inventario_operaciones_ONE
-- ----------------------------
DROP PROCEDURE IF EXISTS `inventario_operaciones_ONE`;
DELIMITER ;;
CREATE DEFINER=`root`@`localhost` PROCEDURE `inventario_operaciones_ONE`(IN `_id` VARCHAR(36))
    NO SQL
BEGIN
SELECT HEX(o.id) as id, 
	o.order_id,
	HEX(o.id_empresa) as id_empresa,
	o.numero, 
	o.nro_control, 
	o.fecha, 
	o.fecha_registro, 
	HEX(o.id_tipo) as id_tipo,
	so.nombre as tipo_operacion_nombre,
	HEX(o.id_origen) as id_origen, 
	ao.nombre origen_nombre,
	HEX(o.id_destino) as id_destino, 
	ad.nombre as destino_nombre,
	HEX(o.id_usuario) as id_usuario, 
	o.id_status, 
	u.nombre as usuario_nombre,
	o.observacion
FROM inventario_operaciones as o
INNER JOIN sistema_operaciones as so ON o.id_tipo=so.id
LEFT JOIN inventario_almacenes as ao ON o.id_origen=ao.id
LEFT JOIN inventario_almacenes as ad ON o.id_destino=ad.id
LEFT JOIN sistema_usuarios as u ON o.id_usuario=u.id
WHERE o.id = UNHEX(_id) LIMIT 1;

END
;;
DELIMITER ;

-- ----------------------------
-- Procedure structure for inventario_operaciones_SEL
-- ----------------------------
DROP PROCEDURE IF EXISTS `inventario_operaciones_SEL`;
DELIMITER ;;
CREATE DEFINER=`root`@`localhost` PROCEDURE `inventario_operaciones_SEL`(IN `_id_empresa` VARCHAR(36), IN `_id_tipo` VARCHAR(36))
    NO SQL
BEGIN
        SELECT hex(o.id) as id,
                    o.order_id,
										HEX(o.id_empresa) as id_empresa,
										hex(o.id_tipo) as id_tipo,
										so.nombre as tipo_operacion_nombre,
										o.numero,
										o.nro_control,
										DATE_FORMAT(o.fecha,'%Y-%m-%dT%TZ') as fecha,
										o.fecha_registro,
										hex(o.id_origen) as id_origen,
										ao.nombre origen_nombre,
										hex(o.id_destino) as id_destino,
										ad.nombre as destino_nombre,
										hex(o.id_usuario) as id_usuario,
										u.nombre as usuario_nombre,
										o.id_status,
										o.observacion
        FROM inventario_operaciones as o
				INNER JOIN sistema_operaciones as so ON o.id_tipo=so.id
				LEFT JOIN inventario_almacenes as ao ON o.id_origen=ao.id
				LEFT JOIN inventario_almacenes as ad ON o.id_destino=ad.id
				LEFT JOIN sistema_usuarios as u ON o.id_usuario=u.id
				WHERE o.id_empresa=UNHEX(_id_empresa) AND o.id_tipo=UNHEX(_id_tipo)
				ORDER BY o.order_id DESC;
END
;;
DELIMITER ;

-- ----------------------------
-- Procedure structure for inventario_operaciones_UPD
-- ----------------------------
DROP PROCEDURE IF EXISTS `inventario_operaciones_UPD`;
DELIMITER ;;
CREATE DEFINER=`root`@`localhost` PROCEDURE `inventario_operaciones_UPD`(IN `_id` VARCHAR(36), IN `_id_empresa` VARCHAR(36), IN `_id_tipo` VARCHAR(36), IN `_numero` INT(10), IN `_nro_control` VARCHAR(100), IN `_fecha` DATETIME, IN `_fecha_registro` DATETIME, IN `_id_origen` VARCHAR(36), IN `_id_destino` VARCHAR(36), IN `_id_usuario` VARCHAR(36), IN `_id_status` VARCHAR(36), IN `_observacion` VARCHAR(255))
    NO SQL
BEGIN
SET @my_uuid=_id;

UPDATE inventario_operaciones as o
SET o.id_empresa=UNHEX(_id_empresa), o.id_tipo= UNHEX(_id_tipo), o.numero= _numero, o.nro_control= _nro_control, o.fecha= _fecha, o.fecha_registro= _fecha_registro,
o.id_origen= UNHEX(_id_origen), o.id_destino= UNHEX(_id_destino), o.id_usuario= UNHEX(_id_usuario), o.id_status= _id_status, o.observacion= _observacion
WHERE o.id=UNHEX(_id);

SELECT @my_uuid as id;   
END
;;
DELIMITER ;

-- ----------------------------
-- Procedure structure for inventario_productos_INS
-- ----------------------------
DROP PROCEDURE IF EXISTS `inventario_productos_INS`;
DELIMITER ;;
CREATE DEFINER=`root`@`localhost` PROCEDURE `inventario_productos_INS`(IN `_id` VARCHAR(36), IN `_id_empresa` VARCHAR(36), IN `_id_producto` VARCHAR(36), IN `_id_tipo` VARCHAR(36), IN `_id_categoria` VARCHAR(36), IN `_nombre_display` VARCHAR(200), IN `_costo_pct_dcto` DOUBLE(10,2), IN `_costo_pct_adic` DOUBLE(10,2), IN `_dolar_costo_anterior` DOUBLE(10,2), IN `_dolar_costo_dolar` DOUBLE(10,2), IN `_dolar_pct_utilidad` DOUBLE(10,2), IN `_factura_costo_anterior` DOUBLE(10,2), IN `_factura_costo_bruto` DOUBLE(10,2), IN `_factura_pct_utilidad` DOUBLE(10,2), IN `_lista_costo_anterior` DOUBLE(10,2), IN `_lista_costo_bruto` DOUBLE(10,2), IN `_lista_pct_utilidad` DOUBLE(10,2), IN `_id_impuesto` VARCHAR(36), IN `_es_inactivo` TINYINT(1), IN `_es_editable` TINYINT(1))
BEGIN
    SET @new_uuid=uuid();
    SET @my_uuid= CONCAT(SUBSTR(@new_uuid, 15, 4),SUBSTR(@new_uuid, 10, 4),SUBSTR(@new_uuid, 1,8),SUBSTR(@new_uuid, 20, 4),SUBSTR(@new_uuid, 25));
    SET @order_id=UNIX_TIMESTAMP();
INSERT INTO inventario_productos(id, order_id, id_empresa, id_producto, id_tipo, id_categoria, nombre_display, costo_pct_dcto, costo_pct_adic, dolar_costo_anterior, dolar_costo_dolar, dolar_pct_utilidad, factura_costo_anterior, factura_costo_bruto, factura_pct_utilidad, lista_costo_anterior, lista_costo_bruto, lista_pct_utilidad, id_impuesto, es_inactivo, es_editable) 
VALUES (UNHEX(@my_uuid), @order_id, UNHEX(_id_empresa), UNHEX(_id_producto), UNHEX(_id_tipo), UNHEX(_id_categoria), _nombre_display, _costo_pct_dcto, _costo_pct_adic, _dolar_costo_anterior, _dolar_costo_dolar, _dolar_pct_utilidad, _factura_costo_anterior, _factura_costo_bruto, _factura_pct_utilidad, _lista_costo_anterior, _lista_costo_bruto, _lista_pct_utilidad, UNHEX(_id_impuesto), _es_inactivo, _es_editable);

SELECT @my_uuid as id;   

END
;;
DELIMITER ;

-- ----------------------------
-- Procedure structure for inventario_productos_ONE
-- ----------------------------
DROP PROCEDURE IF EXISTS `inventario_productos_ONE`;
DELIMITER ;;
CREATE DEFINER=`root`@`localhost` PROCEDURE `inventario_productos_ONE`(IN `_id` VARCHAR(36))
    NO SQL
BEGIN
SET @dolar=(SELECT c.valor FROM sistema_cotizaciones as c  ORDER BY c.id DESC LIMIT 1);
SELECT HEX(p.id) as id, p.order_id, 
			HEX(p.id_empresa) as id_empresa,
			HEX(p.id_producto) as id_producto,
			HEX(p.id_tipo) as id_tipo,
			t.nombre as tipo_nombre,
			HEX(p.id_categoria) as id_categoria, 
			c.nombre as categoria_nombre,
			s.codigo, 
			s.nombre, 
			p.nombre_display, 
			HEX(s.id_unidad_compra) as id_unidad_compra, 
			uc.nombre as unidad_compra_nombre,
			HEX(s.id_unidad_venta) as id_unidad_venta, 
			uv.nombre as unidad_venta_nombre,
			s.cantidad_unidad_compra,
			p.costo_pct_dcto,
			p.costo_pct_adic,
			#DOLAR
			p.dolar_costo_anterior,
			p.dolar_costo_dolar,
			@dolar_costo_bruto:= ROUND(COALESCE((p.dolar_costo_dolar * @dolar),0),2) as dolar_costo_bruto,
			@dolar_costo_neto:=ROUND(COALESCE(((@dolar_costo_bruto/((p.costo_pct_dcto/100)+1))*((p.costo_pct_adic/100)+1)),@dolar_costo_bruto),2) as dolar_costo_neto,
			p.dolar_pct_utilidad,
			@dolar_precio_inicial:=ROUND(COALESCE((@dolar_costo_neto*((p.dolar_pct_utilidad/100)+1)),@dolar_costo_neto),2) as dolar_precio_inicial,
			@dolar_precio_final:=ROUND(COALESCE((@dolar_precio_inicial*((i.valor/100)+1)),@dolar_precio_inicial),2) as dolar_precio_final,
			#FACTURA
			p.factura_costo_anterior,
			@factura_costo_dolar:= ROUND(COALESCE((p.factura_costo_bruto / @dolar),0),2) as factura_costo_dolar,
			p.factura_costo_bruto,
			@factura_costo_neto:=ROUND(COALESCE(((p.factura_costo_bruto/((p.costo_pct_dcto/100)+1))*((p.costo_pct_adic/100)+1)),p.factura_costo_bruto),2) as factura_costo_neto,
			p.factura_pct_utilidad,
			@factura_precio_inicial:=ROUND(COALESCE((@factura_costo_neto*((p.factura_pct_utilidad/100)+1)),@factura_costo_neto),2) as factura_precio_inicial,
			@factura_precio_final:=ROUND(COALESCE((@factura_precio_inicial*((i.valor/100)+1)),@factura_precio_inicial),2) as factura_precio_final,
			#LISTA
			p.lista_costo_anterior,
			@lista_costo_dolar:= ROUND(COALESCE((p.lista_costo_bruto / @dolar),0),2) as lista_costo_dolar,
			p.lista_costo_bruto,
			@lista_costo_neto:=ROUND(COALESCE(((p.lista_costo_bruto/((p.costo_pct_dcto/100)+1))*((p.costo_pct_adic/100)+1)),p.lista_costo_bruto),2) as lista_costo_neto,
			p.lista_pct_utilidad,
			@lista_precio_inicial:=ROUND(COALESCE((@lista_costo_neto*((p.lista_pct_utilidad/100)+1)),@lista_costo_neto),2) as lista_precio_inicial,
			@lista_precio_final:=ROUND(COALESCE((@lista_precio_inicial*((i.valor/100)+1)),@lista_precio_inicial),2) as lista_precio_final,
			#FINAL
			HEX(p.id_impuesto) as id_impuesto,
			ROUND(COALESCE(GREATEST(@dolar_precio_final,@factura_precio_final,@lista_precio_final),0),2) as precio_venta,
			i.nombre as impuesto_nombre,
			i.valor as impuesto_valor,
			p.es_inactivo,
			p.es_editable,
			COALESCE(e.cantidad,0) as total_existencia
		FROM inventario_productos as p  
		LEFT JOIN sistema_productos as s ON p.id_producto=s.id
		LEFT JOIN sistema_listas as t ON p.id_tipo=t.id
		LEFT JOIN inventario_categorias as c ON p.id_categoria=c.id
		LEFT JOIN sistema_unidades as uc ON s.id_unidad_compra=uc.id
		LEFT JOIN sistema_unidades as uv ON s.id_unidad_venta=uv.id
		LEFT JOIN sistema_impuestos as i ON p.id_impuesto=i.id
		LEFT JOIN (SELECT ie.id_producto,SUM(ie.cantidad) as cantidad
                            FROM inventario_existencias ie 
                            GROUP BY ie.id_producto) e ON p.id=e.id_producto
WHERE p.id = UNHEX(_id) LIMIT 1;
END
;;
DELIMITER ;

-- ----------------------------
-- Procedure structure for inventario_productos_SEL
-- ----------------------------
DROP PROCEDURE IF EXISTS `inventario_productos_SEL`;
DELIMITER ;;
CREATE DEFINER=`root`@`localhost` PROCEDURE `inventario_productos_SEL`(IN `_id_empresa` VARCHAR(36), IN `_id_categoria` VARCHAR(36))
    NO SQL
BEGIN
	SET @dolar=(SELECT c.valor FROM sistema_cotizaciones as c  ORDER BY c.id DESC LIMIT 1);

	IF _id_categoria = "" THEN 
		SELECT HEX(p.id) as id, p.order_id, 
			HEX(p.id_empresa) as id_empresa,
			HEX(p.id_producto) as id_producto,
			HEX(p.id_tipo) as id_tipo,
			t.nombre as tipo_nombre,
			HEX(p.id_categoria) as id_categoria, 
			c.nombre as categoria_nombre,
			s.codigo, 
			s.nombre, 
			p.nombre_display, 
			HEX(s.id_unidad_compra) as id_unidad_compra, 
			uc.nombre as unidad_compra_nombre,
			HEX(s.id_unidad_venta) as id_unidad_venta, 
			uv.nombre as unidad_venta_nombre,
			s.cantidad_unidad_compra,
			p.costo_pct_dcto,
			p.costo_pct_adic,
			#DOLAR
			p.dolar_costo_anterior,
			p.dolar_costo_dolar,
			@dolar_costo_bruto:= ROUND(COALESCE((p.dolar_costo_dolar * @dolar),0),2) as dolar_costo_bruto,
			@dolar_costo_neto:=ROUND(COALESCE(((@dolar_costo_bruto/((p.costo_pct_dcto/100)+1))*((p.costo_pct_adic/100)+1)),@dolar_costo_bruto),2) as dolar_costo_neto,
			p.dolar_pct_utilidad,
			@dolar_precio_inicial:=ROUND(COALESCE((@dolar_costo_neto*((p.dolar_pct_utilidad/100)+1)),@dolar_costo_neto),2) as dolar_precio_inicial,
			@dolar_precio_final:=ROUND(COALESCE((@dolar_precio_inicial*((i.valor/100)+1)),@dolar_precio_inicial),2) as dolar_precio_final,
			#FACTURA
			p.factura_costo_anterior,
			@factura_costo_dolar:= ROUND(COALESCE((p.factura_costo_bruto / @dolar),0),2) as factura_costo_dolar,
			p.factura_costo_bruto,
			@factura_costo_neto:=ROUND(COALESCE(((p.factura_costo_bruto/((p.costo_pct_dcto/100)+1))*((p.costo_pct_adic/100)+1)),p.factura_costo_bruto),2) as factura_costo_neto,
			p.factura_pct_utilidad,
			@factura_precio_inicial:=ROUND(COALESCE((@factura_costo_neto*((p.factura_pct_utilidad/100)+1)),@factura_costo_neto),2) as factura_precio_inicial,
			@factura_precio_final:=ROUND(COALESCE((@factura_precio_inicial*((i.valor/100)+1)),@factura_precio_inicial),2) as factura_precio_final,
			#LISTA
			p.lista_costo_anterior,
			@lista_costo_dolar:= ROUND(COALESCE((p.lista_costo_bruto / @dolar),0),2) as lista_costo_dolar,
			p.lista_costo_bruto,
			@lista_costo_neto:=ROUND(COALESCE(((p.lista_costo_bruto/((p.costo_pct_dcto/100)+1))*((p.costo_pct_adic/100)+1)),p.lista_costo_bruto),2) as lista_costo_neto,
			p.lista_pct_utilidad,
			@lista_precio_inicial:=ROUND(COALESCE((@lista_costo_neto*((p.lista_pct_utilidad/100)+1)),@lista_costo_neto),2) as lista_precio_inicial,
			@lista_precio_final:=ROUND(COALESCE((@lista_precio_inicial*((i.valor/100)+1)),@lista_precio_inicial),2) as lista_precio_final,
			#FINAL
			HEX(p.id_impuesto) as id_impuesto,
			ROUND(COALESCE(GREATEST(@dolar_precio_final,@factura_precio_final,@lista_precio_final),0),2) as precio_venta,
			i.nombre as impuesto_nombre,
			i.valor as impuesto_valor,
			p.es_inactivo,
			p.es_editable,
			COALESCE(e.cantidad,0) as total_existencia
		FROM inventario_productos as p  
		LEFT JOIN sistema_productos as s ON p.id_producto=s.id
		LEFT JOIN sistema_listas as t ON p.id_tipo=t.id
		LEFT JOIN inventario_categorias as c ON p.id_categoria=c.id
		LEFT JOIN sistema_unidades as uc ON s.id_unidad_compra=uc.id
		LEFT JOIN sistema_unidades as uv ON s.id_unidad_venta=uv.id
		LEFT JOIN sistema_impuestos as i ON p.id_impuesto=i.id
		LEFT JOIN (SELECT ie.id_producto,SUM(ie.cantidad) as cantidad
                            FROM inventario_existencias ie 
                            GROUP BY ie.id_producto) e ON p.id=e.id_producto
    WHERE p.id_empresa=UNHEX(_id_empresa) 
		ORDER BY p.nombre;
	ELSE 
		SELECT HEX(p.id) as id, p.order_id, 
			HEX(p.id_empresa) as id_empresa,
			HEX(p.id_producto) as id_producto,
			HEX(p.id_tipo) as id_tipo,
			t.nombre as tipo_nombre,
			HEX(p.id_categoria) as id_categoria, 
			c.nombre as categoria_nombre,
			s.codigo, 
			s.nombre, 
			p.nombre_display, 
			HEX(s.id_unidad_compra) as id_unidad_compra, 
			uc.nombre as unidad_compra_nombre,
			HEX(s.id_unidad_venta) as id_unidad_venta, 
			uv.nombre as unidad_venta_nombre,
			s.cantidad_unidad_compra,
			p.costo_pct_dcto,
			p.costo_pct_adic,
			#DOLAR
			p.dolar_costo_anterior,
			p.dolar_costo_dolar,
			@dolar_costo_bruto:= ROUND(COALESCE((p.dolar_costo_dolar * @dolar),0),2) as dolar_costo_bruto,
			@dolar_costo_neto:=ROUND(COALESCE(((@dolar_costo_bruto/((p.costo_pct_dcto/100)+1))*((p.costo_pct_adic/100)+1)),@dolar_costo_bruto),2) as dolar_costo_neto,
			p.dolar_pct_utilidad,
			@dolar_precio_inicial:=ROUND(COALESCE((@dolar_costo_neto*((p.dolar_pct_utilidad/100)+1)),@dolar_costo_neto),2) as dolar_precio_inicial,
			@dolar_precio_final:=ROUND(COALESCE((@dolar_precio_inicial*((i.valor/100)+1)),@dolar_precio_inicial),2) as dolar_precio_final,
			#FACTURA
			p.factura_costo_anterior,
			@factura_costo_dolar:= ROUND(COALESCE((p.factura_costo_bruto / @dolar),0),2) as factura_costo_dolar,
			p.factura_costo_bruto,
			@factura_costo_neto:=ROUND(COALESCE(((p.factura_costo_bruto/((p.costo_pct_dcto/100)+1))*((p.costo_pct_adic/100)+1)),p.factura_costo_bruto),2) as factura_costo_neto,
			p.factura_pct_utilidad,
			@factura_precio_inicial:=ROUND(COALESCE((@factura_costo_neto*((p.factura_pct_utilidad/100)+1)),@factura_costo_neto),2) as factura_precio_inicial,
			@factura_precio_final:=ROUND(COALESCE((@factura_precio_inicial*((i.valor/100)+1)),@factura_precio_inicial),2) as factura_precio_final,
			#LISTA
			p.lista_costo_anterior,
			@lista_costo_dolar:= ROUND(COALESCE((p.lista_costo_bruto / @dolar),0),2) as lista_costo_dolar,
			p.lista_costo_bruto,
			@lista_costo_neto:=ROUND(COALESCE(((p.lista_costo_bruto/((p.costo_pct_dcto/100)+1))*((p.costo_pct_adic/100)+1)),p.lista_costo_bruto),2) as lista_costo_neto,
			p.lista_pct_utilidad,
			@lista_precio_inicial:=ROUND(COALESCE((@lista_costo_neto*((p.lista_pct_utilidad/100)+1)),@lista_costo_neto),2) as lista_precio_inicial,
			@lista_precio_final:=ROUND(COALESCE((@lista_precio_inicial*((i.valor/100)+1)),@lista_precio_inicial),2) as lista_precio_final,
			#FINAL
			HEX(p.id_impuesto) as id_impuesto,
			ROUND(COALESCE(GREATEST(@dolar_precio_final,@factura_precio_final,@lista_precio_final),0),2) as precio_venta,
			i.nombre as impuesto_nombre,
			i.valor as impuesto_valor,
			p.es_inactivo,
			p.es_editable,
			COALESCE(e.cantidad,0) as total_existencia
		FROM inventario_productos as p  
		LEFT JOIN sistema_productos as s ON p.id_producto=s.id
		LEFT JOIN sistema_listas as t ON p.id_tipo=t.id
		LEFT JOIN inventario_categorias as c ON p.id_categoria=c.id
		LEFT JOIN sistema_unidades as uc ON s.id_unidad_compra=uc.id
		LEFT JOIN sistema_unidades as uv ON s.id_unidad_venta=uv.id
		LEFT JOIN sistema_impuestos as i ON p.id_impuesto=i.id
		LEFT JOIN (SELECT ie.id_producto,SUM(ie.cantidad) as cantidad
                            FROM inventario_existencias ie 
                            GROUP BY ie.id_producto) e ON p.id=e.id_producto
    WHERE p.id_empresa=UNHEX(_id_empresa) AND p.id_categoria=UNHEX(_id_categoria)
		ORDER BY p.nombre;

	END IF;

END
;;
DELIMITER ;

-- ----------------------------
-- Procedure structure for inventario_productos_UPD
-- ----------------------------
DROP PROCEDURE IF EXISTS `inventario_productos_UPD`;
DELIMITER ;;
CREATE DEFINER=`root`@`localhost` PROCEDURE `inventario_productos_UPD`(IN `_id` VARCHAR(36), IN `_id_empresa` VARCHAR(36), IN `_id_producto` VARCHAR(36), IN `_id_tipo` VARCHAR(36), IN `_id_categoria` VARCHAR(36), IN `_nombre_display` VARCHAR(200), IN `_costo_pct_dcto` DOUBLE(10,2), IN `_costo_pct_adic` DOUBLE(10,2), IN `_dolar_costo_anterior` DOUBLE(10,2), IN `_dolar_costo_dolar` DOUBLE(10,2), IN `_dolar_pct_utilidad` DOUBLE(10,2), IN `_factura_costo_anterior` DOUBLE(10,2), IN `_factura_costo_bruto` DOUBLE(10,2), IN `_factura_pct_utilidad` DOUBLE(10,2), IN `_lista_costo_anterior` DOUBLE(10,2), IN `_lista_costo_bruto` DOUBLE(10,2), IN `_lista_pct_utilidad` DOUBLE(10,2), IN `_id_impuesto` VARCHAR(36), IN `_es_inactivo` TINYINT(1), IN `_es_editable` TINYINT(1))
    NO SQL
BEGIN
SET @my_uuid=_id;

UPDATE inventario_productos as p
SET 
	p.id_empresa=UNHEX(_id_empresa),
	p.id_producto=UNHEX(_id_producto), 
	p.id_tipo=UNHEX(_id_tipo), 
	p.id_categoria=UNHEX(_id_categoria), 
	p.nombre_display=_nombre_display,
	p.costo_pct_dcto=_costo_pct_dcto,
	p.costo_pct_adic=_costo_pct_adic,
	p.dolar_costo_anterior=_dolar_costo_anterior,
	p.dolar_costo_dolar=_dolar_costo_dolar,
	p.dolar_pct_utilidad=_dolar_pct_utilidad,
	p.factura_costo_anterior=_factura_costo_anterior,
	p.factura_costo_bruto=_factura_costo_bruto,
	p.factura_pct_utilidad=_factura_pct_utilidad,
	p.lista_costo_anterior=_lista_costo_anterior,
	p.lista_costo_bruto=_lista_costo_bruto,
	p.lista_pct_utilidad=_lista_pct_utilidad,
	p.id_impuesto=UNHEX(_id_impuesto),
	p.es_inactivo=_es_inactivo,
	p.es_editable=_es_editable

WHERE p.id=UNHEX(_id);

SELECT @my_uuid as id;   
END
;;
DELIMITER ;

-- ----------------------------
-- Procedure structure for prueba
-- ----------------------------
DROP PROCEDURE IF EXISTS `prueba`;
DELIMITER ;;
CREATE DEFINER=`root`@`localhost` PROCEDURE `prueba`()
    NO SQL
BEGIN
SET @valor = UUID();
SET @verga=ordered_uuid(UUID());
SELECT @valor, HEX(@verga);
END
;;
DELIMITER ;

-- ----------------------------
-- Procedure structure for reportes_caja_cuentas_detalle
-- ----------------------------
DROP PROCEDURE IF EXISTS `reportes_caja_cuentas_detalle`;
DELIMITER ;;
CREATE DEFINER=`root`@`localhost` PROCEDURE `reportes_caja_cuentas_detalle`(IN `_id_empresa` VARCHAR(36), IN `_id_cuenta` VARCHAR(36), IN `_desde` DATETIME, IN `_hasta` DATETIME)
    NO SQL
BEGIN
SELECT 
		HEX(m.id_cuenta) as cuenta_id,
			m.fecha,
			i.nombre as instrumento_nombre,
			m.numero_operacion,
			o.nombre as operacion_nombre,
			v.nro_control,
			c.nombre as cliente_nombre,
			c.rif as cliente_rif,
			m.monto
	FROM caja_movimientos as m
	INNER JOIN caja_instrumentos as i ON m.id_instrumento=i.id
	INNER JOIN ventas_operaciones as v ON m.id_operacion=v.id
	INNER JOIN sistema_operaciones as o ON v.id_tipo=o.id
	INNER JOIN ventas_clientes as c ON v.id_cliente=c.id
	WHERE 
		v.id_empresa = UNHEX(_id_empresa) AND
		m.id_cuenta = UNHEX(_id_cuenta) AND 
		v.id_status=1 
		AND (m.fecha BETWEEN _desde AND _hasta);
END
;;
DELIMITER ;

-- ----------------------------
-- Procedure structure for reportes_caja_cuentas_resumen
-- ----------------------------
DROP PROCEDURE IF EXISTS `reportes_caja_cuentas_resumen`;
DELIMITER ;;
CREATE DEFINER=`root`@`localhost` PROCEDURE `reportes_caja_cuentas_resumen`(IN `_id_empresa` VARCHAR(36), IN `_desde` DATETIME, IN `_hasta` DATETIME)
    NO SQL
BEGIN
SELECT 
		HEX(m.id_cuenta) as cuenta_id,
		c.numero as cuenta_numero,
		b.nombre as banco_nombre,
		COUNT(DISTINCT m.id_cuenta) as cantidad,
		SUM(m.monto) as monto
	FROM caja_movimientos as m
	INNER JOIN caja_bancos as c ON m.id_cuenta =c.id
	INNER JOIN sistema_listas as b ON c.id_banco =b.id
	INNER JOIN ventas_operaciones as v ON m.id_operacion=v.id
	WHERE 
		v.id_empresa = UNHEX(_id_empresa) AND 
		v.id_status=1 
		AND (m.fecha BETWEEN _desde AND _hasta)
	GROUP BY m.id_instrumento;
END
;;
DELIMITER ;

-- ----------------------------
-- Procedure structure for reportes_caja_instrumentos_detalle
-- ----------------------------
DROP PROCEDURE IF EXISTS `reportes_caja_instrumentos_detalle`;
DELIMITER ;;
CREATE DEFINER=`root`@`localhost` PROCEDURE `reportes_caja_instrumentos_detalle`(IN `_id_empresa` VARCHAR(36), IN `_id_instrumento` VARCHAR(36), IN `_desde` DATETIME, IN `_hasta` DATETIME)
    NO SQL
BEGIN
SELECT 
		HEX(m.id_instrumento) as instrumento_id,
			m.fecha,
			m.numero_operacion,
			o.nombre as operacion_nombre,
			v.nro_control,
			c.nombre as cliente_nombre,
			c.rif as cliente_rif,
			m.monto
	FROM caja_movimientos as m
	INNER JOIN caja_instrumentos as i ON m.id_instrumento=i.id
	INNER JOIN ventas_operaciones as v ON m.id_operacion=v.id
	INNER JOIN sistema_operaciones as o ON v.id_tipo=o.id
	INNER JOIN ventas_clientes as c ON v.id_cliente=c.id
	WHERE 
		v.id_empresa = UNHEX(_id_empresa) AND
		m.id_instrumento = UNHEX(_id_instrumento) AND 
		v.id_status=1 
		AND (m.fecha BETWEEN _desde AND _hasta);
END
;;
DELIMITER ;

-- ----------------------------
-- Procedure structure for reportes_caja_instrumentos_resumen
-- ----------------------------
DROP PROCEDURE IF EXISTS `reportes_caja_instrumentos_resumen`;
DELIMITER ;;
CREATE DEFINER=`root`@`localhost` PROCEDURE `reportes_caja_instrumentos_resumen`(IN `_id_empresa` VARCHAR(36), IN `_desde` DATETIME, IN `_hasta` DATETIME)
    NO SQL
BEGIN
SELECT 
		HEX(m.id_instrumento) as instrumento_id,
		i.nombre as instrumento_nombre,
		COUNT(DISTINCT m.id_instrumento) as cantidad,
		SUM(m.monto) as monto
	FROM caja_movimientos as m
	INNER JOIN caja_instrumentos as i ON m.id_instrumento=i.id
	INNER JOIN ventas_operaciones as v ON m.id_operacion=v.id
	WHERE 
		v.id_empresa = UNHEX(_id_empresa) AND 
		v.id_status=1 
		AND (m.fecha BETWEEN _desde AND _hasta)
	GROUP BY m.id_instrumento;
END
;;
DELIMITER ;

-- ----------------------------
-- Procedure structure for reportes_compras_operaciones_detalle
-- ----------------------------
DROP PROCEDURE IF EXISTS `reportes_compras_operaciones_detalle`;
DELIMITER ;;
CREATE DEFINER=`root`@`localhost` PROCEDURE `reportes_compras_operaciones_detalle`(IN `_id_empresa` VARCHAR(36),  IN `_id_tipo` VARCHAR(36), IN `_desde` DATETIME, IN `_hasta` DATETIME)
    NO SQL
BEGIN
	SELECT 
			hex(v.id_tipo) as id_tipo,
			v.nro_control,
			v.fecha,
			c.nombre as proveedor_nombre,
			c.rif as proveedor_rif,
			SUM((m.precio * m.cantidad)*((m.valor_impuesto/100)+1)) as monto
	FROM compras_operaciones as v
	INNER JOIN compras_proveedores as c ON v.id_proveedor=c.id
	INNER JOIN inventario_movimientos as m ON m.id_operacion=v.id
	WHERE 
		v.id_empresa = UNHEX(_id_empresa) AND 
		v.id_tipo = UNHEX(_id_tipo) AND 
		v.id_status=1 
		AND (v.fecha BETWEEN _desde AND _hasta)
	GROUP BY v.id;
END
;;
DELIMITER ;

-- ----------------------------
-- Procedure structure for reportes_compras_operaciones_resumen
-- ----------------------------
DROP PROCEDURE IF EXISTS `reportes_compras_operaciones_resumen`;
DELIMITER ;;
CREATE DEFINER=`root`@`localhost` PROCEDURE `reportes_compras_operaciones_resumen`(IN `_id_empresa` VARCHAR(36),  IN `_desde` DATETIME, IN `_hasta` DATETIME)
    NO SQL
BEGIN
	SELECT 
			hex(v.id_tipo) as id_tipo,
			o.nombre,
			COUNT(DISTINCT v.id) as cantidad,
			SUM((m.precio * m.cantidad)*((m.valor_impuesto/100)+1)) as monto
	FROM compras_operaciones as v
	INNER JOIN sistema_operaciones as o ON v.id_tipo=o.id
	INNER JOIN inventario_movimientos as m ON m.id_operacion=v.id
	WHERE 
		v.id_empresa = UNHEX(_id_empresa) AND 
		v.id_status=1 
		AND (v.fecha BETWEEN _desde AND _hasta)
	GROUP BY v.id_tipo;
END
;;
DELIMITER ;

-- ----------------------------
-- Procedure structure for reportes_compras_proveedores_detalle
-- ----------------------------
DROP PROCEDURE IF EXISTS `reportes_compras_proveedores_detalle`;
DELIMITER ;;
CREATE DEFINER=`root`@`localhost` PROCEDURE `reportes_compras_proveedores_detalle`(IN `_id_empresa` VARCHAR(36),  IN `_id_proveedor` VARCHAR(36), IN `_desde` DATETIME, IN `_hasta` DATETIME)
    NO SQL
BEGIN
	SELECT 
			hex(v.id_tipo) as id_tipo,
			o.nombre as operacion_nombre,
			v.nro_control,
			v.fecha,
			SUM((m.precio * m.cantidad)*((m.valor_impuesto/100)+1)) as monto
	FROM compras_operaciones as v
	INNER JOIN sistema_operaciones as o ON v.id_tipo=o.id
	INNER JOIN inventario_movimientos as m ON m.id_operacion=v.id
	WHERE 
		v.id_empresa = UNHEX(_id_empresa) AND 
		v.id_proveedor= UNHEX(_id_proveedor) AND 
		v.id_status=1 
		AND (v.fecha BETWEEN _desde AND _hasta)
	GROUP BY v.id
	ORDER BY v.fecha;
END
;;
DELIMITER ;

-- ----------------------------
-- Procedure structure for reportes_compras_proveedores_resumen
-- ----------------------------
DROP PROCEDURE IF EXISTS `reportes_compras_proveedores_resumen`;
DELIMITER ;;
CREATE DEFINER=`root`@`localhost` PROCEDURE `reportes_compras_proveedores_resumen`(IN `_id_empresa` VARCHAR(36),  IN `_desde` DATETIME, IN `_hasta` DATETIME)
    NO SQL
BEGIN
	SELECT 
			HEX(c.id) as id_cliente,
			HEX(o.id) as id_operacion,
			p.nombre as proveedor_nombre,
			p.rif as proveedor_rif,
			SUM(IF (o.signo_caja='+', (m.precio * m.cantidad)*((m.valor_impuesto/100)+1),0) ) as tp,
			SUM(IF (o.signo_caja='N', (m.precio * m.cantidad)*((m.valor_impuesto/100)+1),0) ) as tn,
			SUM(IF (o.signo_caja='-', (m.precio * m.cantidad)*((m.valor_impuesto/100)+1),0) ) as tm
			FROM compras_operaciones c
			INNER JOIN compras_proveedores p ON c.id_proveedor=p.id				
			INNER JOIN sistema_operaciones o ON c.id_tipo=o.id
			INNER JOIN inventario_movimientos m ON c.id=m.id_operacion
			
		WHERE 
			c.id_empresa = UNHEX(_id_empresa) AND 
			c.id_status=1 AND
			(c.fecha BETWEEN _desde AND _hasta)
		GROUP BY c.id_proveedor
		ORDER BY p.nombre;
END
;;
DELIMITER ;

-- ----------------------------
-- Procedure structure for reportes_inventario_disponibilidad_formulas
-- ----------------------------
DROP PROCEDURE IF EXISTS `reportes_inventario_disponibilidad_formulas`;
DELIMITER ;;
CREATE DEFINER=`root`@`localhost` PROCEDURE `reportes_inventario_disponibilidad_formulas`()
    NO SQL
BEGIN
		SELECT 
				HEX(f.id_producto) as id_producto, 
				HEX(p.id_categoria) as id_categoria, 
				c.nombre as categoria_nombre,p.codigo, 
				p.nombre, 
				up.nombre as unidad_nombre, 
			COALESCE(ep.cantidad,0) as total_existencia,
			MIN(COALESCE(e.cantidad,0) / (f.cantidad*u.factor_conversion)) as cantidad_disponible
		FROM inventario_formulas as f
		INNER JOIN inventario_unidades as u ON f.id_unidad = u.id
		LEFT JOIN (SELECT ie.id_producto,SUM(ie.cantidad) as cantidad
																FROM inventario_existencias ie 
																GROUP BY ie.id_producto) e ON f.id_componente=e.id_producto
		LEFT JOIN (SELECT ie.id_producto,SUM(ie.cantidad) as cantidad
																FROM inventario_existencias ie 
																GROUP BY ie.id_producto) ep ON f.id_producto=ep.id_producto                          
		INNER JOIN inventario_productos as p ON f.id_producto=p.id
		INNER JOIN inventario_unidades as up ON p.id_unidad_venta=up.id
		LEFT JOIN inventario_categorias as c ON p.id_categoria=c.id
		GROUP BY f.id_producto;
END
;;
DELIMITER ;

-- ----------------------------
-- Procedure structure for reportes_inventario_movimientos_detalle
-- ----------------------------
DROP PROCEDURE IF EXISTS `reportes_inventario_movimientos_detalle`;
DELIMITER ;;
CREATE DEFINER=`root`@`localhost` PROCEDURE `reportes_inventario_movimientos_detalle`(IN `_id_empresa` VARCHAR(36),  IN `_id_producto` VARCHAR(36), IN `_desde` DATETIME, IN `_hasta` DATETIME)
    NO SQL
BEGIN
SELECT 
		id_empresa,
		id_tipo, 
		tipo_nombre, 
		operacion_nombre,
		nro_control,
		fecha,
		id_producto, 
		categoria_nombre,
		producto_nombre,
		producto_codigo,
		producto_unidad_venta, 
		ent as total_entrada,
		neu as total_neutro,
		sal as total_salida 
	FROM(
		SELECT 
			HEX(x.id_empresa) as id_empresa,
			HEX(m.id_tipo) as id_tipo, 
			t.nombre as tipo_nombre,
			o.nombre as operacion_nombre,
			x.nro_control as nro_control,
			x.fecha as fecha,
			HEX(m.id_producto) as id_producto,
			HEX(p.id_categoria) as id_categoria,
			c.nombre as categoria_nombre,
			s.nombre as producto_nombre,
			s.codigo as producto_codigo,
			u.nombre_display as producto_unidad_venta,
			(IF (o.signo_inventario='+', m.cantidad,0)) as ent,
			(IF (o.signo_inventario='N', m.cantidad,0)) as neu,
			(IF (o.signo_inventario='-', m.cantidad,0)) as sal
			FROM inventario_movimientos m
				INNER JOIN sistema_operaciones o ON m.id_tipo=o.id
				INNER JOIN sistema_listas t ON o.id_tipo=t.id
				INNER JOIN inventario_productos p ON m.id_producto=p.id
				INNER JOIN sistema_productos s ON p.id_producto=s.id
				INNER JOIN sistema_unidades u ON s.id_unidad_venta=u.id
				INNER JOIN inventario_categorias c ON p.id_categoria=c.id
				INNER JOIN inventario_operaciones x ON m.id_operacion=x.id
			WHERE 
				x.id_empresa = UNHEX(_id_empresa) AND 
				m.id_producto = UNHEX(_id_producto) AND
				x.id_status=1 AND
				(x.fecha BETWEEN _desde AND _hasta) UNION ALL
		SELECT 
			HEX(x.id_empresa) as id_empresa,
			HEX(m.id_tipo) as id_tipo, 
			t.nombre as tipo_nombre,
			o.nombre as operacion_nombre,
			x.nro_control  as nro_control,
			x.fecha as fecha,
			HEX(m.id_producto) as id_producto,
			HEX(p.id_categoria) as id_categoria,
			c.nombre as categoria_nombre,
			s.nombre as producto_nombre,
			s.codigo as producto_codigo,
			u.nombre_display as producto_unidad_venta,
			(IF (o.signo_inventario='+', m.cantidad,0)) as ent,
			(IF (o.signo_inventario='N', m.cantidad,0)) as neu,
			(IF (o.signo_inventario='-', m.cantidad,0)) as sal
			FROM inventario_movimientos m
				INNER JOIN sistema_operaciones o ON m.id_tipo=o.id
				INNER JOIN sistema_listas t ON o.id_tipo=t.id
				INNER JOIN inventario_productos p ON m.id_producto=p.id
				INNER JOIN sistema_productos s ON p.id_producto=s.id
				INNER JOIN sistema_unidades u ON s.id_unidad_venta=u.id
				INNER JOIN inventario_categorias c ON p.id_categoria=c.id
				INNER JOIN compras_operaciones x ON m.id_operacion=x.id 
			WHERE 
				x.id_empresa = UNHEX(_id_empresa) AND 
				m.id_producto = UNHEX(_id_producto) AND
				x.id_status=1 AND
				(x.fecha BETWEEN _desde AND _hasta) UNION ALL
		SELECT 
			HEX(x.id_empresa) as id_empresa,
			HEX(m.id_tipo) as id_tipo, 
			t.nombre as tipo_nombre,
			o.nombre as operacion_nombre,
			x.nro_control as nro_control,
			x.fecha as fecha,
			HEX(m.id_producto) as id_producto,
			HEX(p.id_categoria) as id_categoria,
			c.nombre as categoria_nombre,
			s.nombre as producto_nombre,
			s.codigo as producto_codigo,
			u.nombre_display as producto_unidad_venta,
			(IF (o.signo_inventario='+', m.cantidad,0)) as ent,
			(IF (o.signo_inventario='N', m.cantidad,0)) as neu,
			(IF (o.signo_inventario='-', m.cantidad,0)) as sal
			FROM inventario_movimientos m
				INNER JOIN sistema_operaciones o ON m.id_tipo=o.id
				INNER JOIN sistema_listas t ON o.id_tipo=t.id
				INNER JOIN inventario_productos p ON m.id_producto=p.id
				INNER JOIN sistema_productos s ON p.id_producto=s.id
				INNER JOIN sistema_unidades u ON s.id_unidad_venta=u.id
				INNER JOIN inventario_categorias c ON p.id_categoria=c.id
				INNER JOIN ventas_operaciones x ON m.id_operacion=x.id
			WHERE 
				x.id_empresa = UNHEX(_id_empresa) AND 
				m.id_producto = UNHEX(_id_producto) AND
				x.id_status=1 AND
				(x.fecha BETWEEN _desde AND _hasta) 
) x ORDER BY fecha;

END
;;
DELIMITER ;

-- ----------------------------
-- Procedure structure for reportes_inventario_movimientos_resumen
-- ----------------------------
DROP PROCEDURE IF EXISTS `reportes_inventario_movimientos_resumen`;
DELIMITER ;;
CREATE DEFINER=`root`@`localhost` PROCEDURE `reportes_inventario_movimientos_resumen`(IN `_id_empresa` VARCHAR(36), IN `_id_categoria` VARCHAR(36), IN `_desde` DATETIME, IN `_hasta` DATETIME)
    NO SQL
BEGIN
IF _id_categoria = "" THEN 
	SELECT 
		id_producto, 
		id_categoria,
		categoria_nombre,
		producto_nombre,
		producto_codigo,
		producto_unidad_venta, 
		SUM(tp) as total_entrada,
		SUM(tn) as total_neutro,
		SUM(tm) as total_salida 
	FROM(
		#INVENTARIO
		SELECT 
				HEX(m.id_producto) as id_producto,
				HEX(p.id_categoria) as id_categoria,
				c.nombre as categoria_nombre,
				s.nombre as producto_nombre,
				s.codigo as producto_codigo,
				u.nombre_display as producto_unidad_venta,
				SUM(IF (o.signo_inventario='+', m.cantidad,0) ) as tp,
				SUM(IF (o.signo_inventario='N', m.cantidad,0) ) as tn,
				SUM(IF (o.signo_inventario='-', m.cantidad,0) ) as tm
				FROM inventario_movimientos m
				INNER JOIN sistema_operaciones o ON m.id_tipo=o.id
				INNER JOIN inventario_productos p ON m.id_producto=p.id
				INNER JOIN sistema_productos s ON p.id_producto=s.id
				INNER JOIN sistema_unidades u ON s.id_unidad_venta=u.id
				INNER JOIN inventario_categorias c ON p.id_categoria=c.id
				INNER JOIN inventario_operaciones x ON m.id_operacion=x.id
			WHERE 
				x.id_empresa = UNHEX(_id_empresa) AND 
				x.id_status=1 AND
				(x.fecha BETWEEN _desde AND _hasta)
			GROUP BY m.id_producto UNION ALL
		#VENTAS
		SELECT 
				HEX(m.id_producto) as id_producto,
				HEX(p.id_categoria) as id_categoria,
				c.nombre as categoria_nombre,
				s.nombre as producto_nombre,
				s.codigo as producto_codigo,
				u.nombre_display as producto_unidad_venta,
				SUM(IF (o.signo_inventario='+', m.cantidad,0) ) as tp,
				SUM(IF (o.signo_inventario='N', m.cantidad,0) ) as tn,
				SUM(IF (o.signo_inventario='-', m.cantidad,0) ) as tm
				FROM inventario_movimientos m
				INNER JOIN sistema_operaciones o ON m.id_tipo=o.id
				INNER JOIN inventario_productos p ON m.id_producto=p.id
				INNER JOIN sistema_productos s ON p.id_producto=s.id
				INNER JOIN sistema_unidades u ON s.id_unidad_venta=u.id
				INNER JOIN inventario_categorias c ON p.id_categoria=c.id
				INNER JOIN ventas_operaciones x ON m.id_operacion=x.id
			WHERE 
				x.id_empresa = UNHEX(_id_empresa) AND 
				x.id_status=1 AND
				(x.fecha BETWEEN _desde AND _hasta)
			GROUP BY m.id_producto UNION ALL
		#COMPRAS
		SELECT 
				HEX(m.id_producto) as id_producto,
				HEX(p.id_categoria) as id_categoria,
				c.nombre as categoria_nombre,
				s.nombre as producto_nombre,
				s.codigo as producto_codigo,
				u.nombre_display as producto_unidad_venta,			
				SUM(IF (o.signo_inventario='+', m.cantidad,0) ) as tp,
				SUM(IF (o.signo_inventario='N', m.cantidad,0) ) as tn,
				SUM(IF (o.signo_inventario='-', m.cantidad,0) ) as tm
				FROM inventario_movimientos m
				INNER JOIN sistema_operaciones o ON m.id_tipo=o.id
				INNER JOIN inventario_productos p ON m.id_producto=p.id
				INNER JOIN sistema_productos s ON p.id_producto=s.id
				INNER JOIN sistema_unidades u ON s.id_unidad_venta=u.id
				INNER JOIN inventario_categorias c ON p.id_categoria=c.id
				INNER JOIN compras_operaciones x ON m.id_operacion=x.id
			WHERE 
				x.id_empresa = UNHEX(_id_empresa) AND 
				x.id_status=1 AND
				(x.fecha BETWEEN _desde AND _hasta) 
			GROUP BY m.id_producto
		) X GROUP BY id_producto;
ELSE
	SELECT 
		id_producto, 
		id_categoria,
		categoria_nombre,
		producto_nombre,
		producto_codigo,
		producto_unidad_venta, 
		SUM(tp) as total_entrada,
		SUM(tn) as total_neutro,
		SUM(tm) as total_salida 
	FROM(
		#INVENTARIO
		SELECT 
				HEX(m.id_producto) as id_producto,
				HEX(p.id_categoria) as id_categoria,
				c.nombre as categoria_nombre,
				s.nombre as producto_nombre,
				s.codigo as producto_codigo,
				u.nombre_display as producto_unidad_venta,
				SUM(IF (o.signo_inventario='+', m.cantidad,0) ) as tp,
				SUM(IF (o.signo_inventario='N', m.cantidad,0) ) as tn,
				SUM(IF (o.signo_inventario='-', m.cantidad,0) ) as tm
				FROM inventario_movimientos m
				INNER JOIN sistema_operaciones o ON m.id_tipo=o.id
				INNER JOIN inventario_productos p ON m.id_producto=p.id
				INNER JOIN sistema_productos s ON p.id_producto=s.id
				INNER JOIN sistema_unidades u ON s.id_unidad_venta=u.id
				INNER JOIN inventario_categorias c ON p.id_categoria=c.id
				INNER JOIN inventario_operaciones x ON m.id_operacion=x.id
			WHERE 
				x.id_empresa = UNHEX(_id_empresa) AND 
				p.id_categoria=UNHEX(_id_categoria) AND
				x.id_status=1 AND
				(x.fecha BETWEEN _desde AND _hasta)
			GROUP BY m.id_producto UNION ALL
		#VENTAS
		SELECT 
				HEX(m.id_producto) as id_producto,
				HEX(p.id_categoria) as id_categoria,
				c.nombre as categoria_nombre,
				s.nombre as producto_nombre,
				s.codigo as producto_codigo,
				u.nombre_display as producto_unidad_venta,
				SUM(IF (o.signo_inventario='+', m.cantidad,0) ) as tp,
				SUM(IF (o.signo_inventario='N', m.cantidad,0) ) as tn,
				SUM(IF (o.signo_inventario='-', m.cantidad,0) ) as tm
				FROM inventario_movimientos m
				INNER JOIN sistema_operaciones o ON m.id_tipo=o.id
				INNER JOIN inventario_productos p ON m.id_producto=p.id
				INNER JOIN sistema_productos s ON p.id_producto=s.id
				INNER JOIN sistema_unidades u ON s.id_unidad_venta=u.id
				INNER JOIN inventario_categorias c ON p.id_categoria=c.id
				INNER JOIN ventas_operaciones x ON m.id_operacion=x.id
			WHERE 
				x.id_empresa = UNHEX(_id_empresa) AND 
				p.id_categoria=UNHEX(_id_categoria) AND
				x.id_status=1 AND
				(x.fecha BETWEEN _desde AND _hasta)
			GROUP BY m.id_producto UNION ALL
		#COMPRAS
		SELECT 
				HEX(m.id_producto) as id_producto,
				HEX(p.id_categoria) as id_categoria,
				c.nombre as categoria_nombre,
				s.nombre as producto_nombre,
				s.codigo as producto_codigo,
				u.nombre_display as producto_unidad_venta,			
				SUM(IF (o.signo_inventario='+', m.cantidad,0) ) as tp,
				SUM(IF (o.signo_inventario='N', m.cantidad,0) ) as tn,
				SUM(IF (o.signo_inventario='-', m.cantidad,0) ) as tm
				FROM inventario_movimientos m
				INNER JOIN sistema_operaciones o ON m.id_tipo=o.id
				INNER JOIN inventario_productos p ON m.id_producto=p.id
				INNER JOIN sistema_productos s ON p.id_producto=s.id
				INNER JOIN sistema_unidades u ON s.id_unidad_venta=u.id
				INNER JOIN inventario_categorias c ON p.id_categoria=c.id
				INNER JOIN compras_operaciones x ON m.id_operacion=x.id
			WHERE 
				x.id_empresa = UNHEX(_id_empresa) AND 
				p.id_categoria=UNHEX(_id_categoria) AND
				x.id_status=1 AND
				(x.fecha BETWEEN _desde AND _hasta) 
			GROUP BY m.id_producto
		) X GROUP BY id_producto;
END IF;
END
;;
DELIMITER ;

-- ----------------------------
-- Procedure structure for reportes_ventas_clientes_detalle
-- ----------------------------
DROP PROCEDURE IF EXISTS `reportes_ventas_clientes_detalle`;
DELIMITER ;;
CREATE DEFINER=`root`@`localhost` PROCEDURE `reportes_ventas_clientes_detalle`(IN `_id_empresa` VARCHAR(36),  IN `_id_cliente` VARCHAR(36), IN `_desde` DATETIME, IN `_hasta` DATETIME)
    NO SQL
BEGIN
	SELECT 
			hex(v.id_tipo) as id_tipo,
			o.nombre as operacion_nombre,
			v.nro_control,
			v.fecha,
			SUM((m.precio * m.cantidad)*((m.valor_impuesto/100)+1)) as monto
	FROM ventas_operaciones as v
	INNER JOIN sistema_operaciones as o ON v.id_tipo=o.id
	INNER JOIN inventario_movimientos as m ON m.id_operacion=v.id
	WHERE 
		v.id_empresa = UNHEX(_id_empresa) AND 
		v.id_cliente= UNHEX(_id_cliente) AND 
		v.id_status=1 
		AND (v.fecha BETWEEN _desde AND _hasta)
	GROUP BY v.id
	ORDER BY v.fecha;
END
;;
DELIMITER ;

-- ----------------------------
-- Procedure structure for reportes_ventas_clientes_resumen
-- ----------------------------
DROP PROCEDURE IF EXISTS `reportes_ventas_clientes_resumen`;
DELIMITER ;;
CREATE DEFINER=`root`@`localhost` PROCEDURE `reportes_ventas_clientes_resumen`(IN `_id_empresa` VARCHAR(36),  IN `_desde` DATETIME, IN `_hasta` DATETIME)
    NO SQL
BEGIN
	SELECT 
			HEX(c.id) as id_cliente,
			HEX(o.id) as id_operacion,
			c.nombre as cliente_nombre,
			c.rif as cliente_rif,
			SUM(IF (o.signo_caja='+', (m.precio * m.cantidad)*((m.valor_impuesto/100)+1),0) ) as tp,
			SUM(IF (o.signo_caja='N', (m.precio * m.cantidad)*((m.valor_impuesto/100)+1),0) ) as tn,
			SUM(IF (o.signo_caja='-', (m.precio * m.cantidad)*((m.valor_impuesto/100)+1),0) ) as tm
			FROM ventas_clientes c
			INNER JOIN ventas_operaciones x ON x.id_cliente=c.id				
			INNER JOIN sistema_operaciones o ON x.id_tipo=o.id
			INNER JOIN inventario_movimientos m ON x.id=m.id_operacion
			
		WHERE 
			x.id_empresa = UNHEX(_id_empresa) AND 
			x.id_status=1 AND
			(x.fecha BETWEEN _desde AND _hasta)
		GROUP BY c.id
		ORDER BY c.nombre;
END
;;
DELIMITER ;

-- ----------------------------
-- Procedure structure for reportes_ventas_comisiones_resumen
-- ----------------------------
DROP PROCEDURE IF EXISTS `reportes_ventas_comisiones_resumen`;
DELIMITER ;;
CREATE DEFINER=`root`@`localhost` PROCEDURE `reportes_ventas_comisiones_resumen`(IN `_id_empresa` VARCHAR(36),  IN `_desde` DATETIME, IN `_hasta` DATETIME)
    NO SQL
BEGIN
	SELECT 
			HEX(p.id) as id_cliente,
			p.nombre as vendedor_nombre,
			p.cedula as vendedor_cedula,
			SUM(IF (o.signo_caja='+', (m.precio * m.cantidad)*((m.valor_impuesto/100)+1),0) ) as tp,
			SUM(IF (o.signo_caja='N', (m.precio * m.cantidad)*((m.valor_impuesto/100)+1),0) ) as tn,
			SUM(IF (o.signo_caja='-', (m.precio * m.cantidad)*((m.valor_impuesto/100)+1),0) ) as tm
			FROM ventas_operaciones x 
			INNER JOIN empresa_personal p ON x.id_vendedor=p.id				
			INNER JOIN sistema_operaciones o ON x.id_tipo=o.id
			INNER JOIN inventario_movimientos m ON x.id=m.id_operacion
			
		WHERE 
			x.id_empresa = UNHEX(_id_empresa) AND 
			x.id_status=1 AND
			(x.fecha BETWEEN _desde AND _hasta)
		GROUP BY p.id
		ORDER BY p.nombre;
END
;;
DELIMITER ;

-- ----------------------------
-- Procedure structure for reportes_ventas_operaciones_detalle
-- ----------------------------
DROP PROCEDURE IF EXISTS `reportes_ventas_operaciones_detalle`;
DELIMITER ;;
CREATE DEFINER=`root`@`localhost` PROCEDURE `reportes_ventas_operaciones_detalle`(IN `_id_empresa` VARCHAR(36),  IN `_id_tipo` VARCHAR(36), IN `_desde` DATETIME, IN `_hasta` DATETIME)
    NO SQL
BEGIN
	SELECT 
			hex(v.id_tipo) as id_tipo,
			v.nro_control,
			v.fecha,
			c.nombre as cliente_nombre,
			c.rif as cliente_rif,
			SUM((m.precio * m.cantidad)*((m.valor_impuesto/100)+1)) as monto
	FROM ventas_operaciones as v
	INNER JOIN ventas_clientes as c ON v.id_cliente=c.id
	INNER JOIN inventario_movimientos as m ON m.id_operacion=v.id
	WHERE 
		v.id_empresa = UNHEX(_id_empresa) AND 
		v.id_tipo = UNHEX(_id_tipo) AND 
		v.id_status=1 
		AND (v.fecha BETWEEN _desde AND _hasta)
	GROUP BY v.id;
END
;;
DELIMITER ;

-- ----------------------------
-- Procedure structure for reportes_ventas_operaciones_resumen
-- ----------------------------
DROP PROCEDURE IF EXISTS `reportes_ventas_operaciones_resumen`;
DELIMITER ;;
CREATE DEFINER=`root`@`localhost` PROCEDURE `reportes_ventas_operaciones_resumen`(IN `_id_empresa` VARCHAR(36),  IN `_desde` DATETIME, IN `_hasta` DATETIME)
    NO SQL
BEGIN
	SELECT 
			hex(v.id_tipo) as id_tipo,
			o.nombre,
			COUNT(DISTINCT v.id) as cantidad,
			SUM((m.precio * m.cantidad)*((m.valor_impuesto/100)+1)) as monto
	FROM ventas_operaciones as v
	INNER JOIN sistema_operaciones as o ON v.id_tipo=o.id
	INNER JOIN inventario_movimientos as m ON m.id_operacion=v.id
	WHERE 
		v.id_empresa = UNHEX(_id_empresa) AND 
		v.id_status=1 
		AND (v.fecha BETWEEN _desde AND _hasta)
	GROUP BY v.id_tipo;
END
;;
DELIMITER ;

-- ----------------------------
-- Procedure structure for reportes_ventas_usuarios_detalle
-- ----------------------------
DROP PROCEDURE IF EXISTS `reportes_ventas_usuarios_detalle`;
DELIMITER ;;
CREATE DEFINER=`root`@`localhost` PROCEDURE `reportes_ventas_usuarios_detalle`(IN `_id_empresa` VARCHAR(36),  IN `_id_usuario` VARCHAR(36), IN `_desde` DATETIME, IN `_hasta` DATETIME)
    NO SQL
BEGIN
	SELECT 
			hex(v.id_tipo) as id_tipo,
			o.nombre as operacion_nombre,
			v.nro_control,
			v.fecha,
			c.nombre as cliente_nombre,
			c.rif as cliente_rif,
			SUM((m.precio * m.cantidad)*((m.valor_impuesto/100)+1)) as monto
	FROM ventas_operaciones as v
	INNER JOIN sistema_operaciones as o ON v.id_tipo=o.id
	INNER JOIN ventas_clientes as c ON v.id_cliente=c.id
	INNER JOIN inventario_movimientos as m ON m.id_operacion=v.id
	WHERE 
		v.id_empresa = UNHEX(_id_empresa) AND 
		v.id_usuario= UNHEX(_id_usuario) AND 
		v.id_status=1 
		#AND (v.fecha BETWEEN _desde AND _hasta)
	GROUP BY v.id
	ORDER BY v.fecha;
END
;;
DELIMITER ;

-- ----------------------------
-- Procedure structure for sistema_cotizaciones_INS
-- ----------------------------
DROP PROCEDURE IF EXISTS `sistema_cotizaciones_INS`;
DELIMITER ;;
CREATE DEFINER=`root`@`localhost` PROCEDURE `sistema_cotizaciones_INS`(IN `_id` VARCHAR(36), IN `_fecha` DATETIME, IN `_valor` DOUBLE(10,2))
BEGIN
    SET @new_uuid=uuid();
    SET @my_uuid= CONCAT(SUBSTR(@new_uuid, 15, 4),SUBSTR(@new_uuid, 10, 4),SUBSTR(@new_uuid, 1,8),SUBSTR(@new_uuid, 20, 4),SUBSTR(@new_uuid, 25));
    SET @order_id=UNIX_TIMESTAMP();
		SET @ahora=NOW();
INSERT INTO sistema_cotizaciones(id, order_id, fecha_registro, fecha, valor) 
VALUES (UNHEX(@my_uuid), @order_id, @ahora, _fecha, _valor);

SELECT @my_uuid as id;   

END
;;
DELIMITER ;

-- ----------------------------
-- Procedure structure for sistema_cotizaciones_LAST
-- ----------------------------
DROP PROCEDURE IF EXISTS `sistema_cotizaciones_LAST`;
DELIMITER ;;
CREATE DEFINER=`root`@`localhost` PROCEDURE `sistema_cotizaciones_LAST`()
    NO SQL
BEGIN
SELECT HEX(c.id) as id, c.order_id, c.fecha_registro, c.fecha, c.valor
FROM sistema_cotizaciones as c  
ORDER BY c.id DESC LIMIT 1;
END
;;
DELIMITER ;

-- ----------------------------
-- Procedure structure for sistema_cotizaciones_ONE
-- ----------------------------
DROP PROCEDURE IF EXISTS `sistema_cotizaciones_ONE`;
DELIMITER ;;
CREATE DEFINER=`root`@`localhost` PROCEDURE `sistema_cotizaciones_ONE`(IN `_id` VARCHAR(36))
    NO SQL
BEGIN
SELECT HEX(c.id) as id, c.order_id, c.fecha_registro, c.fecha, c.valor
FROM sistema_cotizaciones as c  
WHERE c.id = UNHEX(_id) LIMIT 1;
END
;;
DELIMITER ;

-- ----------------------------
-- Procedure structure for sistema_cotizaciones_SEL
-- ----------------------------
DROP PROCEDURE IF EXISTS `sistema_cotizaciones_SEL`;
DELIMITER ;;
CREATE DEFINER=`root`@`localhost` PROCEDURE `sistema_cotizaciones_SEL`()
    NO SQL
BEGIN
        SELECT hex(c.id) as id,
                    c.order_id,
										c.fecha_registro,
										c.fecha,
										c.valor
        FROM sistema_cotizaciones as c;
END
;;
DELIMITER ;

-- ----------------------------
-- Procedure structure for sistema_cotizaciones_UPD
-- ----------------------------
DROP PROCEDURE IF EXISTS `sistema_cotizaciones_UPD`;
DELIMITER ;;
CREATE DEFINER=`root`@`localhost` PROCEDURE `sistema_cotizaciones_UPD`(IN `_id` VARCHAR(36), IN `_fecha` DATETIME, IN `_valor` DOUBLE(10,2))
    NO SQL
BEGIN
SET @my_uuid=_id;

UPDATE sistema_cotizaciones as c
SET c.fecha=_fecha, c.valor=_valor
WHERE c.id=UNHEX(_id);

SELECT @my_uuid as id;   
END
;;
DELIMITER ;

-- ----------------------------
-- Procedure structure for sistema_empresas_INS
-- ----------------------------
DROP PROCEDURE IF EXISTS `sistema_empresas_INS`;
DELIMITER ;;
CREATE DEFINER=`root`@`localhost` PROCEDURE `sistema_empresas_INS`(IN `_id` VARCHAR(36), IN `_nombre` VARCHAR(100), IN `_rif` VARCHAR(20), IN `_direccion` VARCHAR(255),  IN `_telefono` VARCHAR(24), IN `_es_inactivo` TINYINT(1))
BEGIN
    SET @new_uuid=uuid();
    SET @my_uuid= CONCAT(SUBSTR(@new_uuid, 15, 4),SUBSTR(@new_uuid, 10, 4),SUBSTR(@new_uuid, 1,8),SUBSTR(@new_uuid, 20, 4),SUBSTR(@new_uuid, 25));
    SET @order_id=UNIX_TIMESTAMP();
		
		INSERT INTO sistema_empresas(id, order_id, nombre, rif, direccion, telefono, es_inactivo) 
		VALUES (UNHEX(@my_uuid), @order_id, _nombre, _rif, _direccion, _telefono, _es_inactivo);

		SELECT @my_uuid as id;   
END
;;
DELIMITER ;

-- ----------------------------
-- Procedure structure for sistema_empresas_ONE
-- ----------------------------
DROP PROCEDURE IF EXISTS `sistema_empresas_ONE`;
DELIMITER ;;
CREATE DEFINER=`root`@`localhost` PROCEDURE `sistema_empresas_ONE`(IN `_id` VARCHAR(36))
    NO SQL
BEGIN
SELECT 
	HEX(e.id) as id, 
	e.order_id, 
	e.nombre,
	e.rif,
	e.direccion,
	e.telefono,
	e.es_inactivo
FROM sistema_empresas as e  
WHERE e.id = UNHEX(_id) LIMIT 1;
END
;;
DELIMITER ;

-- ----------------------------
-- Procedure structure for sistema_empresas_SEL
-- ----------------------------
DROP PROCEDURE IF EXISTS `sistema_empresas_SEL`;
DELIMITER ;;
CREATE DEFINER=`root`@`localhost` PROCEDURE `sistema_empresas_SEL`(IN `_id` TEXT)
    NO SQL
BEGIN
	IF _id = "" THEN 
		SELECT hex(e.id) as id,
								e.order_id,
								e.nombre,
								e.rif,
								e.direccion,
								e.telefono,
								e.es_inactivo
		FROM sistema_empresas as e;
	ELSE 
    SET @x=REPLACE(_id,'[','');
    SET @y=REPLACE(@x, ']' ,'');
        set @sql = concat("SELECT\r\n     hex(e.id) as id,\r\n    e.order_id,\r\n    e.nombre, \r\n   e.rif,\r\n   e.direccion,\r\n  e.telefono,\r\n   e.es_inactivo\r\n  FROM sistema_empresas as e\r\n   WHERE HEX(e.id) in (" , @y , ")");

        PREPARE stmt FROM @sql;
        EXECUTE stmt;
        SELECT @sql;
	END IF;
END
;;
DELIMITER ;

-- ----------------------------
-- Procedure structure for sistema_empresas_UPD
-- ----------------------------
DROP PROCEDURE IF EXISTS `sistema_empresas_UPD`;
DELIMITER ;;
CREATE DEFINER=`root`@`localhost` PROCEDURE `sistema_empresas_UPD`(IN `_id` VARCHAR(36), IN `_nombre` VARCHAR(100), IN `_rif` VARCHAR(20), IN `_direccion` VARCHAR(255),  IN `_telefono` VARCHAR(24), IN `_es_inactivo` TINYINT(1))
    NO SQL
BEGIN
SET @my_uuid=_id;

UPDATE sistema_empresas as e
SET e.nombre=_nombre, e.rif=_rif, e.direccion=_direccion, e.telefono=_telefono, e.es_inactivo=_es_inactivo
WHERE e.id=UNHEX(_id);

SELECT @my_uuid as id;   
END
;;
DELIMITER ;

-- ----------------------------
-- Procedure structure for sistema_impuestos_DEL
-- ----------------------------
DROP PROCEDURE IF EXISTS `sistema_impuestos_DEL`;
DELIMITER ;;
CREATE DEFINER=`root`@`localhost` PROCEDURE `sistema_impuestos_DEL`(IN `_id` VARCHAR(36))
    NO SQL
BEGIN
DELETE i.* FROM sistema_impuestos as i WHERE i.id = UNHEX(_id);
SET @x=TRUE;
SELECT @x as resultado;
END
;;
DELIMITER ;

-- ----------------------------
-- Procedure structure for sistema_impuestos_INS
-- ----------------------------
DROP PROCEDURE IF EXISTS `sistema_impuestos_INS`;
DELIMITER ;;
CREATE DEFINER=`root`@`localhost` PROCEDURE `sistema_impuestos_INS`(IN `_id` VARCHAR(36), IN `_id_tipo` VARCHAR(36), IN `_codigo` VARCHAR(10), IN `_nombre` VARCHAR(100), IN `_valor_display` VARCHAR(100), IN `_valor` DOUBLE)
BEGIN
    SET @new_uuid=uuid();
    SET @my_uuid= CONCAT(SUBSTR(@new_uuid, 15, 4),SUBSTR(@new_uuid, 10, 4),SUBSTR(@new_uuid, 1,8),SUBSTR(@new_uuid, 20, 4),SUBSTR(@new_uuid, 25));
    SET @order_id=UNIX_TIMESTAMP();
INSERT INTO sistema_impuestos(id, order_id, id_tipo, codigo, nombre, valor_display, valor) 
VALUES (UNHEX(@my_uuid), @order_id, UNHEX(_id_tipo), _codigo, _nombre, _valor_display, _valor);

SELECT @my_uuid as id;   

END
;;
DELIMITER ;

-- ----------------------------
-- Procedure structure for sistema_impuestos_ONE
-- ----------------------------
DROP PROCEDURE IF EXISTS `sistema_impuestos_ONE`;
DELIMITER ;;
CREATE DEFINER=`root`@`localhost` PROCEDURE `sistema_impuestos_ONE`(IN `_id` VARCHAR(36))
    NO SQL
BEGIN
SELECT HEX(i.id) as id, i.order_id, HEX(i.id_tipo) as id_tipo, t.nombre as tipo_nombre, i.codigo, i.nombre, i.valor_display, i.valor 
FROM sistema_impuestos as i  
LEFT JOIN sistema_listas as t ON i.id_tipo = t.id
WHERE i.id = UNHEX(_id) LIMIT 1;
END
;;
DELIMITER ;

-- ----------------------------
-- Procedure structure for sistema_impuestos_SEL
-- ----------------------------
DROP PROCEDURE IF EXISTS `sistema_impuestos_SEL`;
DELIMITER ;;
CREATE DEFINER=`root`@`localhost` PROCEDURE `sistema_impuestos_SEL`(IN `_id` VARCHAR(36))
    NO SQL
BEGIN
	IF _id = "" THEN 
        SELECT hex(i.id) as id,
                    i.order_id,
                    hex(i.id_tipo) as id_tipo,
                    t.nombre as tipo_nombre,
                                    i.codigo, 
                                    i.nombre,
                                    i.valor_display,
                                    i.valor
        FROM sistema_impuestos as i
        LEFT JOIN sistema_listas as t ON i.id_tipo = t.id;
	ELSE 
        SELECT hex(i.id) as id,
                    i.order_id,
                    hex(i.id_tipo) as id_tipo,
                    t.nombre as tipo_nombre,
                                    i.codigo, 
                                    i.nombre,
                                    i.valor_display,
                                    i.valor
        FROM sistema_impuestos as i
        LEFT JOIN sistema_listas as t ON i.id_tipo = t.id
        WHERE i.id_tipo=UNHEX(_id);

	END IF;

END
;;
DELIMITER ;

-- ----------------------------
-- Procedure structure for sistema_impuestos_UPD
-- ----------------------------
DROP PROCEDURE IF EXISTS `sistema_impuestos_UPD`;
DELIMITER ;;
CREATE DEFINER=`root`@`localhost` PROCEDURE `sistema_impuestos_UPD`(IN `_id` VARCHAR(36), IN `_id_tipo` VARCHAR(36), IN `_codigo` VARCHAR(10), IN `_nombre` VARCHAR(100), IN `_valor_display` VARCHAR(100), IN `_valor` DOUBLE(6,0))
    NO SQL
BEGIN
SET @my_uuid=_id;

UPDATE sistema_impuestos as i
SET i.id_tipo=UNHEX(_id_tipo), i.codigo=_codigo, i.nombre=_nombre, i.valor_display=_valor_display, i.valor=_valor
WHERE id=UNHEX(_id);

SELECT @my_uuid as id;   
END
;;
DELIMITER ;

-- ----------------------------
-- Procedure structure for sistema_listas_DEL
-- ----------------------------
DROP PROCEDURE IF EXISTS `sistema_listas_DEL`;
DELIMITER ;;
CREATE DEFINER=`root`@`localhost` PROCEDURE `sistema_listas_DEL`(IN `_id` VARCHAR(36))
    NO SQL
BEGIN
DELETE l.* FROM sistema_listas as l WHERE l.id = UNHEX(_id);
SET @x=TRUE;
SELECT @x as resultado;
END
;;
DELIMITER ;

-- ----------------------------
-- Procedure structure for sistema_listas_INS
-- ----------------------------
DROP PROCEDURE IF EXISTS `sistema_listas_INS`;
DELIMITER ;;
CREATE DEFINER=`root`@`localhost` PROCEDURE `sistema_listas_INS`(IN `_id` VARCHAR(36), IN `_campo` VARCHAR(100), IN `_nombre` VARCHAR(100), IN `_descrip` VARCHAR(255), IN `_id_padre` VARCHAR(36))
BEGIN
    SET @new_uuid=uuid();
    SET @my_uuid= CONCAT(SUBSTR(@new_uuid, 15, 4),SUBSTR(@new_uuid, 10, 4),SUBSTR(@new_uuid, 1,8),SUBSTR(@new_uuid, 20, 4),SUBSTR(@new_uuid, 25));
    SET @order_id=UNIX_TIMESTAMP();
INSERT INTO sistema_listas (id, order_id, campo, nombre, descrip, id_padre) VALUES (UNHEX(@my_uuid), @order_id, _campo, _nombre, _descrip,  UNHEX(_id_padre) );

SELECT @my_uuid as id;   

END
;;
DELIMITER ;

-- ----------------------------
-- Procedure structure for sistema_listas_ONE
-- ----------------------------
DROP PROCEDURE IF EXISTS `sistema_listas_ONE`;
DELIMITER ;;
CREATE DEFINER=`root`@`localhost` PROCEDURE `sistema_listas_ONE`(IN `_id` VARCHAR(36))
    NO SQL
BEGIN
SELECT HEX(l.id) as id, l.order_id, l.campo, l.nombre, l.descrip, HEX(l.id_padre) as id_padre FROM sistema_listas as l WHERE l.id = UNHEX(_id) LIMIT 1;
END
;;
DELIMITER ;

-- ----------------------------
-- Procedure structure for sistema_listas_SEL
-- ----------------------------
DROP PROCEDURE IF EXISTS `sistema_listas_SEL`;
DELIMITER ;;
CREATE DEFINER=`root`@`localhost` PROCEDURE `sistema_listas_SEL`()
    NO SQL
BEGIN
	SELECT hex(l.id) as id,
                l.order_id,
                l.campo, 
                l.nombre,
                l.descrip,
                hex(l.id_padre) as id_padre,
                p.nombre as padre
	FROM sistema_listas as l
   	LEFT JOIN sistema_listas as p ON l.id_padre = p.id;
END
;;
DELIMITER ;

-- ----------------------------
-- Procedure structure for sistema_listas_UPD
-- ----------------------------
DROP PROCEDURE IF EXISTS `sistema_listas_UPD`;
DELIMITER ;;
CREATE DEFINER=`root`@`localhost` PROCEDURE `sistema_listas_UPD`(IN `_id` VARCHAR(36), IN `_campo` VARCHAR(100), IN `_nombre` VARCHAR(100), IN `_descrip` VARCHAR(255), IN `_id_padre` VARCHAR(36))
    NO SQL
BEGIN
SET @my_uuid=_id;

UPDATE sistema_listas 
SET campo=_campo, nombre=_nombre, descrip=_descrip,id_padre=UNHEX(_id_padre)
WHERE id=UNHEX(_id);

SELECT @my_uuid as id;   
END
;;
DELIMITER ;

-- ----------------------------
-- Procedure structure for sistema_menu_DEL
-- ----------------------------
DROP PROCEDURE IF EXISTS `sistema_menu_DEL`;
DELIMITER ;;
CREATE DEFINER=`root`@`localhost` PROCEDURE `sistema_menu_DEL`(IN `_id` VARCHAR(36))
    NO SQL
BEGIN
DELETE m.* FROM sistema_menu as m WHERE m.id = UNHEX(_id);
SET @x=TRUE;
SELECT @x as resultado;
END
;;
DELIMITER ;

-- ----------------------------
-- Procedure structure for sistema_menu_INS
-- ----------------------------
DROP PROCEDURE IF EXISTS `sistema_menu_INS`;
DELIMITER ;;
CREATE DEFINER=`root`@`localhost` PROCEDURE `sistema_menu_INS`(IN `_id` VARCHAR(36), IN `_id_seccion` TINYINT(1), IN `_id_padre` VARCHAR(36), IN `_id_tipo` TINYINT(1), IN `_nombre` VARCHAR(100), IN `_descrip` VARCHAR(255), IN `_trigger` VARCHAR(100), IN `_orden_pos` TINYINT(1), IN `_icono` VARCHAR(100), IN `_tooltip` VARCHAR(255))
BEGIN
    SET @new_uuid=uuid();
    SET @my_uuid= CONCAT(SUBSTR(@new_uuid, 15, 4),SUBSTR(@new_uuid, 10, 4),SUBSTR(@new_uuid, 1,8),SUBSTR(@new_uuid, 20, 4),SUBSTR(@new_uuid, 25));
    SET @order_id=UNIX_TIMESTAMP();
    
INSERT INTO 
sistema_menu (id, order_id, id_seccion, id_padre, id_tipo, nombre, descrip, `trigger`, orden_pos, icono, tooltip) 
VALUES (UNHEX(@my_uuid), @order_id, _id_seccion, UNHEX(_id_padre), _id_tipo, _nombre, _descrip, _trigger, _orden_pos, _icono, _tooltip);

SELECT @my_uuid as id;   

END
;;
DELIMITER ;

-- ----------------------------
-- Procedure structure for sistema_menu_ONE
-- ----------------------------
DROP PROCEDURE IF EXISTS `sistema_menu_ONE`;
DELIMITER ;;
CREATE DEFINER=`root`@`localhost` PROCEDURE `sistema_menu_ONE`(IN `_id` VARCHAR(36))
    NO SQL
BEGIN
SELECT HEX(m.id) as id, m.order_id, m.id_seccion, HEX(m.id_padre) as id_padre, m.id_tipo, m.nombre, m.descrip, m.trigger, m.orden_pos, m.icono, m.tooltip 
FROM sistema_menu as m WHERE m.id = UNHEX(_id) LIMIT 1;
END
;;
DELIMITER ;

-- ----------------------------
-- Procedure structure for sistema_menu_SEL
-- ----------------------------
DROP PROCEDURE IF EXISTS `sistema_menu_SEL`;
DELIMITER ;;
CREATE DEFINER=`root`@`localhost` PROCEDURE `sistema_menu_SEL`(IN `_id` TEXT)
    NO SQL
BEGIN

	IF _id = "" THEN 
    	SELECT 
        hex(m.id) as id,
                m.order_id,
                m.id_seccion, 
                hex(m.id_padre) as id_padre,
                m.id_tipo,
                m.nombre,
                m.descrip,
                m.trigger, 
                m.orden_pos, 
                m.icono,
                m.tooltip
        FROM sistema_menu as m;
	ELSE 
    SET @x=REPLACE(_id,'[','');
    SET @y=REPLACE(@x, ']' ,'');
        set @sql = concat("SELECT\r\n     hex(m.id) as id,\r\n    m.order_id,\r\n    m.id_seccion, \r\n   hex(m.id_padre) as id_padre,\r\n   m.id_tipo,\r\n  m.nombre,\r\n   m.descrip,\r\n  m.trigger, \r\n   m.orden_pos, \r\n    m.icono,\r\n  m.tooltip\r\n   FROM sistema_menu as m\r\n   WHERE HEX(m.id) in (" , @y , ")");

        PREPARE stmt FROM @sql;
        EXECUTE stmt;
        SELECT @sql;
    END IF;


END
;;
DELIMITER ;

-- ----------------------------
-- Procedure structure for sistema_menu_UPD
-- ----------------------------
DROP PROCEDURE IF EXISTS `sistema_menu_UPD`;
DELIMITER ;;
CREATE DEFINER=`root`@`localhost` PROCEDURE `sistema_menu_UPD`(
    IN `_id` VARCHAR(36), 
    IN `_id_seccion` TINYINT(1), 
    IN `_id_padre` VARCHAR(36),
    IN `_id_tipo` TINYINT(1), 
    IN `_nombre` VARCHAR(100), 
    IN `_descrip` VARCHAR(255), 
    IN `_trigger` VARCHAR(100),
    IN `_orden_pos` TINYINT(1),
    IN `_icono` VARCHAR(100),
    IN `_tooltip` VARCHAR(255) 
)
    NO SQL
BEGIN
SET @my_uuid=_id;

UPDATE sistema_menu as m 
SET m.id_seccion=_id_seccion, m.id_padre=UNHEX(_id_padre), m.nombre=_nombre, m.descrip=_descrip, m.trigger=_trigger, m.orden_pos=_orden_pos, m.icono=_icono, m.tooltip=_tooltip
WHERE m.id=UNHEX(_id);

SELECT @my_uuid as id;   
END
;;
DELIMITER ;

-- ----------------------------
-- Procedure structure for sistema_operaciones_DEL
-- ----------------------------
DROP PROCEDURE IF EXISTS `sistema_operaciones_DEL`;
DELIMITER ;;
CREATE DEFINER=`root`@`localhost` PROCEDURE `sistema_operaciones_DEL`(IN `_id` VARCHAR(36))
    NO SQL
BEGIN
DELETE o.* FROM sistema_operaciones as o WHERE o.id = UNHEX(_id);
SET @x=TRUE;
SELECT @x as resultado;
END
;;
DELIMITER ;

-- ----------------------------
-- Procedure structure for sistema_operaciones_INS
-- ----------------------------
DROP PROCEDURE IF EXISTS `sistema_operaciones_INS`;
DELIMITER ;;
CREATE DEFINER=`root`@`localhost` PROCEDURE `sistema_operaciones_INS`(IN `_id` VARCHAR(36), IN `_id_tipo` VARCHAR(36), IN `_nombre` VARCHAR(100), IN `_nombre_display` VARCHAR(100), IN `_descrip` VARCHAR(255), IN `_signo_inventario` VARCHAR(1), IN `_signo_caja` VARCHAR(1), IN `_es_fiscal` TINYINT(1), IN `_es_autorizado` TINYINT(1), IN `_es_visible` TINYINT(1), IN `_es_derivado` TINYINT(1), IN `_es_transporte` TINYINT(1))
BEGIN
    SET @new_uuid=uuid();
    SET @my_uuid= CONCAT(SUBSTR(@new_uuid, 15, 4),SUBSTR(@new_uuid, 10, 4),SUBSTR(@new_uuid, 1,8),SUBSTR(@new_uuid, 20, 4),SUBSTR(@new_uuid, 25));
    SET @order_id=UNIX_TIMESTAMP();
INSERT INTO sistema_operaciones(id, order_id, id_tipo, nombre, nombre_display, descrip, signo_inventario, signo_caja, es_fiscal, es_autorizado, es_visible, es_derivado, es_transporte) 
VALUES (UNHEX(@my_uuid), @order_id, UNHEX(_id_tipo), _nombre, _nombre_display, _descrip, _signo_inventario, _signo_caja, _es_fiscal, _es_autorizado, _es_visible, _es_derivado, _es_transporte);

SELECT @my_uuid as id;   

END
;;
DELIMITER ;

-- ----------------------------
-- Procedure structure for sistema_operaciones_ONE
-- ----------------------------
DROP PROCEDURE IF EXISTS `sistema_operaciones_ONE`;
DELIMITER ;;
CREATE DEFINER=`root`@`localhost` PROCEDURE `sistema_operaciones_ONE`(IN `_id` VARCHAR(36))
    NO SQL
BEGIN
SELECT HEX(o.id) as id, o.order_id, HEX(o.id_tipo) as id_tipo, t.nombre as tipo_nombre, o.nombre, o.nombre_display, o.descrip, o.signo_inventario, o.signo_caja, o.es_fiscal, o.es_autorizado, o.es_visible, o.es_derivado, o.es_transporte
FROM sistema_operaciones as o  
LEFT JOIN sistema_listas as t ON o.id_tipo = t.id
WHERE o.id = UNHEX(_id) LIMIT 1;
END
;;
DELIMITER ;

-- ----------------------------
-- Procedure structure for sistema_operaciones_SEL
-- ----------------------------
DROP PROCEDURE IF EXISTS `sistema_operaciones_SEL`;
DELIMITER ;;
CREATE DEFINER=`root`@`localhost` PROCEDURE `sistema_operaciones_SEL`(IN `_id` VARCHAR(36))
    NO SQL
BEGIN
	IF _id = "" THEN 
        SELECT hex(o.id) as id,
                    o.order_id,
                    hex(o.id_tipo) as id_tipo,
                    t.nombre as tipo_nombre,
                                    o.nombre, 
                                    o.nombre_display,
                                    o.descrip,
                                    o.signo_inventario,
                                    o.signo_caja, 
                                    o.es_fiscal,
                                    o.es_autorizado,
                                    o.es_visible,
																		o.es_derivado,
																		o.es_transporte
        FROM sistema_operaciones as o
        LEFT JOIN sistema_listas as t ON o.id_tipo = t.id;
	ELSE 
        SELECT hex(o.id) as id,
                    o.order_id,
                    hex(o.id_tipo) as id_tipo,
                    t.nombre as tipo_nombre,
                                    o.nombre, 
                                    o.nombre_display,
                                    o.descrip,
                                    o.signo_inventario,
                                    o.signo_caja, 
                                    o.es_fiscal,
                                    o.es_autorizado,
                                    o.es_visible,
																		o.es_derivado,
																		o.es_transporte
        FROM sistema_operaciones as o
        LEFT JOIN sistema_listas as t ON o.id_tipo = t.id
        WHERE o.id_tipo=UNHEX(_id);

	END IF;

END
;;
DELIMITER ;

-- ----------------------------
-- Procedure structure for sistema_operaciones_UPD
-- ----------------------------
DROP PROCEDURE IF EXISTS `sistema_operaciones_UPD`;
DELIMITER ;;
CREATE DEFINER=`root`@`localhost` PROCEDURE `sistema_operaciones_UPD`(IN `_id` VARCHAR(36), IN `_id_tipo` VARCHAR(36), IN `_nombre` VARCHAR(100), IN `_nombre_display` VARCHAR(100), IN `_descrip` VARCHAR(255), IN `_signo_inventario` VARCHAR(1), IN `_signo_caja` VARCHAR(1), IN `_es_fiscal` TINYINT(1), IN `_es_autorizado` TINYINT(1), IN `_es_visible` TINYINT(1), IN `_es_derivado` TINYINT(1), IN `_es_transporte` TINYINT(1))
    NO SQL
BEGIN
SET @my_uuid=_id;

UPDATE sistema_operaciones as o
SET o.id_tipo=UNHEX(_id_tipo), o.nombre=_nombre, o.nombre_display=_nombre_display, o.descrip=_descrip, o.signo_inventario=_signo_inventario, o.signo_caja=_signo_caja, o.es_fiscal=_es_fiscal, o.es_autorizado=_es_autorizado, o.es_visible=_es_visible, o.es_derivado=_es_derivado, o.es_transporte=_es_transporte
WHERE o.id=UNHEX(_id);

SELECT @my_uuid as id;   
END
;;
DELIMITER ;

-- ----------------------------
-- Procedure structure for sistema_productos_DEL
-- ----------------------------
DROP PROCEDURE IF EXISTS `sistema_productos_DEL`;
DELIMITER ;;
CREATE PROCEDURE `sistema_productos_DEL`(IN `_id` VARCHAR(36))
    NO SQL
BEGIN
DELETE p.* FROM sistema_productos as p WHERE p.id = UNHEX(_id);
SET @x=TRUE;
SELECT @x as resultado;
END
;;
DELIMITER ;

-- ----------------------------
-- Procedure structure for sistema_productos_INS
-- ----------------------------
DROP PROCEDURE IF EXISTS `sistema_productos_INS`;
DELIMITER ;;
CREATE DEFINER=`root`@`localhost` PROCEDURE `sistema_productos_INS`(IN `_id` VARCHAR(36), IN `_nombre` VARCHAR(200), IN `_codigo` VARCHAR(30), IN `_empresas` VARCHAR(255),  IN `_id_unidad_compra` VARCHAR(36),  IN `_id_unidad_venta` VARCHAR(36),   IN `_cantidad_unidad_compra` DOUBLE(10,2))
BEGIN
    SET @new_uuid=uuid();
    SET @my_uuid= CONCAT(SUBSTR(@new_uuid, 15, 4),SUBSTR(@new_uuid, 10, 4),SUBSTR(@new_uuid, 1,8),SUBSTR(@new_uuid, 20, 4),SUBSTR(@new_uuid, 25));
    SET @order_id=UNIX_TIMESTAMP();
		
		INSERT INTO sistema_productos(id, order_id, codigo, nombre, empresas, id_unidad_compra, id_unidad_venta, cantidad_unidad_compra) 
		VALUES (UNHEX(@my_uuid), @order_id, _codigo, _nombre, _empresas, UNHEX(_id_unidad_compra), UNHEX(_id_unidad_venta), _cantidad_unidad_compra);

		SELECT @my_uuid as id;   
END
;;
DELIMITER ;

-- ----------------------------
-- Procedure structure for sistema_productos_ONE
-- ----------------------------
DROP PROCEDURE IF EXISTS `sistema_productos_ONE`;
DELIMITER ;;
CREATE DEFINER=`root`@`localhost` PROCEDURE `sistema_productos_ONE`(IN `_id` VARCHAR(36))
    NO SQL
BEGIN
SELECT 
	HEX(p.id) as id, 
	p.order_id,
	p.codigo,
	p.nombre,
	p.empresas,
	HEX(p.id_unidad_compra) as id_unidad_compra,
	HEX(p.id_unidad_venta) as id_unidad_venta,
	p.cantidad_unidad_compra
FROM sistema_productos as p  
WHERE p.id = UNHEX(_id) LIMIT 1;
END
;;
DELIMITER ;

-- ----------------------------
-- Procedure structure for sistema_productos_SEL
-- ----------------------------
DROP PROCEDURE IF EXISTS `sistema_productos_SEL`;
DELIMITER ;;
CREATE DEFINER=`root`@`localhost` PROCEDURE `sistema_productos_SEL`(IN `_id` VARCHAR(36))
    NO SQL
BEGIN
	IF _id = "" THEN 
		SELECT 
			HEX(p.id) as id, 
			p.order_id,
			p.codigo,
			p.nombre,
			p.empresas,
			HEX(p.id_unidad_compra) as id_unidad_compra,
			uc.nombre as unidad_compra_nombre,
			HEX(p.id_unidad_venta) as id_unidad_venta,
			uv.nombre as unidad_venta_nombre,
			p.cantidad_unidad_compra
		FROM sistema_productos as p
		LEFT JOIN sistema_unidades as uc ON p.id_unidad_compra=uc.id
		LEFT JOIN sistema_unidades as uv ON p.id_unidad_venta=uv.id;
	ELSE 
		SELECT 
			HEX(p.id) as id, 
			p.order_id,
			p.codigo,
			p.nombre,
			p.empresas,
			HEX(p.id_unidad_compra) as id_unidad_compra,
			uc.nombre as unidad_compra_nombre,
			HEX(p.id_unidad_venta) as id_unidad_venta,
			uv.nombre as unidad_venta_nombre,
			p.cantidad_unidad_compra
		FROM sistema_productos as p
		LEFT JOIN sistema_unidades as uc ON p.id_unidad_compra=uc.id
		LEFT JOIN sistema_unidades as uv ON p.id_unidad_venta=uv.id
		WHERE p.empresas LIKE CONCAT('%', _id, '%');
	END IF;
END
;;
DELIMITER ;

-- ----------------------------
-- Procedure structure for sistema_productos_UPD
-- ----------------------------
DROP PROCEDURE IF EXISTS `sistema_productos_UPD`;
DELIMITER ;;
CREATE DEFINER=`root`@`localhost` PROCEDURE `sistema_productos_UPD`(IN `_id` VARCHAR(36), IN `_nombre` VARCHAR(200), IN `_codigo` VARCHAR(30), IN `_empresas` VARCHAR(255),  IN `_id_unidad_compra` VARCHAR(36),  IN `_id_unidad_venta` VARCHAR(36),   IN `_cantidad_unidad_compra` DOUBLE(10,2))
    NO SQL
BEGIN
SET @my_uuid=_id;

UPDATE sistema_productos as p
SET p.codigo=_codigo, p.nombre=_nombre, p.empresas=_empresas, p.id_unidad_compra=UNHEX(_id_unidad_compra), p.id_unidad_venta=UNHEX(_id_unidad_venta), p.cantidad_unidad_compra=cantidad_unidad_compra
WHERE p.id=UNHEX(_id);

SELECT @my_uuid as id;   
END
;;
DELIMITER ;

-- ----------------------------
-- Procedure structure for sistema_unidades_DEL
-- ----------------------------
DROP PROCEDURE IF EXISTS `sistema_unidades_DEL`;
DELIMITER ;;
CREATE DEFINER=`root`@`localhost` PROCEDURE `sistema_unidades_DEL`(IN `_id` VARCHAR(36))
    NO SQL
BEGIN
DELETE u.* FROM sistema_unidades as u WHERE u.id = UNHEX(_id);
SET @x=TRUE;
SELECT @x as resultado;
END
;;
DELIMITER ;

-- ----------------------------
-- Procedure structure for sistema_unidades_INS
-- ----------------------------
DROP PROCEDURE IF EXISTS `sistema_unidades_INS`;
DELIMITER ;;
CREATE DEFINER=`root`@`localhost` PROCEDURE `sistema_unidades_INS`(IN `_id` VARCHAR(36), IN `_id_tipo` VARCHAR(36), IN `_nombre` VARCHAR(100), IN `_nombre_display` VARCHAR(100), IN `_factor_conversion` DOUBLE(10,6), IN `_es_patron` TINYINT(1))
BEGIN
    SET @new_uuid=uuid();
    SET @my_uuid= CONCAT(SUBSTR(@new_uuid, 15, 4),SUBSTR(@new_uuid, 10, 4),SUBSTR(@new_uuid, 1,8),SUBSTR(@new_uuid, 20, 4),SUBSTR(@new_uuid, 25));
    SET @order_id=UNIX_TIMESTAMP();
INSERT INTO sistema_unidades(id, order_id, id_tipo, nombre, nombre_display, factor_conversion, es_patron) 
VALUES (UNHEX(@my_uuid), @order_id, UNHEX(_id_tipo), _nombre, _nombre_display, _factor_conversion, _es_patron);

SELECT @my_uuid as id;   

END
;;
DELIMITER ;

-- ----------------------------
-- Procedure structure for sistema_unidades_ONE
-- ----------------------------
DROP PROCEDURE IF EXISTS `sistema_unidades_ONE`;
DELIMITER ;;
CREATE DEFINER=`root`@`localhost` PROCEDURE `sistema_unidades_ONE`(IN `_id` VARCHAR(36))
    NO SQL
BEGIN
SELECT HEX(u.id) as id, u.order_id, HEX(u.id_tipo) as id_tipo, t.nombre as tipo_nombre, u.nombre, u.nombre_display, u.factor_conversion, u.es_patron
FROM sistema_unidades as u  
LEFT JOIN sistema_listas as t ON u.id_tipo = t.id
WHERE u.id = UNHEX(_id) LIMIT 1;
END
;;
DELIMITER ;

-- ----------------------------
-- Procedure structure for sistema_unidades_SEL
-- ----------------------------
DROP PROCEDURE IF EXISTS `sistema_unidades_SEL`;
DELIMITER ;;
CREATE DEFINER=`root`@`localhost` PROCEDURE `sistema_unidades_SEL`()
    NO SQL
BEGIN
		SELECT hex(u.id) as id,
								u.order_id,
								hex(u.id_tipo) as id_tipo,
								t.nombre as tipo_nombre,
																u.nombre,
																u.nombre_display,
																u.factor_conversion,
																u.es_patron
		FROM sistema_unidades as u
		LEFT JOIN sistema_listas as t ON u.id_tipo = t.id;
END
;;
DELIMITER ;

-- ----------------------------
-- Procedure structure for sistema_unidades_UPD
-- ----------------------------
DROP PROCEDURE IF EXISTS `sistema_unidades_UPD`;
DELIMITER ;;
CREATE DEFINER=`root`@`localhost` PROCEDURE `sistema_unidades_UPD`(IN `_id` VARCHAR(36), IN `_id_tipo` VARCHAR(36), IN `_nombre` VARCHAR(100), IN `_nombre_display` VARCHAR(100), IN `_factor_conversion` DOUBLE(10,6), IN `_es_patron` TINYINT(1))
    NO SQL
BEGIN
SET @my_uuid=_id;

UPDATE sistema_unidades as u
SET u.id_tipo=UNHEX(_id_tipo), u.nombre=_nombre, u.nombre_display=_nombre_display, u.factor_conversion=_factor_conversion, u.es_patron=_es_patron
WHERE id=UNHEX(_id);

SELECT @my_uuid as id;   
END
;;
DELIMITER ;

-- ----------------------------
-- Procedure structure for sistema_usuarios_DEL
-- ----------------------------
DROP PROCEDURE IF EXISTS `sistema_usuarios_DEL`;
DELIMITER ;;
CREATE DEFINER=`root`@`localhost` PROCEDURE `sistema_usuarios_DEL`(IN `_id` VARCHAR(36))
    NO SQL
BEGIN
DELETE u.* FROM sistema_usuarios as u WHERE u.id = UNHEX(_id);
SET @x=TRUE;
SELECT @x as resultado;
END
;;
DELIMITER ;

-- ----------------------------
-- Procedure structure for sistema_usuarios_INS
-- ----------------------------
DROP PROCEDURE IF EXISTS `sistema_usuarios_INS`;
DELIMITER ;;
CREATE DEFINER=`root`@`localhost` PROCEDURE `sistema_usuarios_INS`(IN `_id` VARCHAR(36), IN `_id_tipo` TINYINT(1), IN `_nombre` VARCHAR(255), IN `_cedula` VARCHAR(20), IN `_telefono` VARCHAR(24), IN `_email` VARCHAR(100), IN `_logname` VARCHAR(50), IN `_pass` VARCHAR(255), IN `_empresas` TEXT, IN `_permisos` TEXT)
BEGIN
    SET @new_uuid=uuid();
    SET @my_uuid= CONCAT(SUBSTR(@new_uuid, 15, 4),SUBSTR(@new_uuid, 10, 4),SUBSTR(@new_uuid, 1,8),SUBSTR(@new_uuid, 20, 4),SUBSTR(@new_uuid, 25));
    SET @order_id=UNIX_TIMESTAMP();
INSERT INTO sistema_usuarios (id, order_id, id_tipo, nombre, cedula, telefono, email, logname, pass, permisos) VALUES (UNHEX(@my_uuid), @order_id, _id_tipo, _nombre, _cedula, _telefono, _email, _logname, _pass, _permisos);

SELECT @my_uuid as id;   

END
;;
DELIMITER ;

-- ----------------------------
-- Procedure structure for sistema_usuarios_ONE
-- ----------------------------
DROP PROCEDURE IF EXISTS `sistema_usuarios_ONE`;
DELIMITER ;;
CREATE DEFINER=`root`@`localhost` PROCEDURE `sistema_usuarios_ONE`(IN `_id` VARCHAR(36))
    NO SQL
BEGIN
SELECT HEX(u.id) as id, u.order_id, u.id_tipo, u.nombre, u.cedula, u.telefono, u.email, u.logname, u.pass, u.permisos, u.empresas FROM sistema_usuarios as u WHERE u.id = UNHEX(_id) LIMIT 1;
END
;;
DELIMITER ;

-- ----------------------------
-- Procedure structure for sistema_usuarios_SEL
-- ----------------------------
DROP PROCEDURE IF EXISTS `sistema_usuarios_SEL`;
DELIMITER ;;
CREATE DEFINER=`root`@`localhost` PROCEDURE `sistema_usuarios_SEL`(IN `_id` VARCHAR(36))
    NO SQL
BEGIN

	IF _id = "" THEN 
    	SELECT 
        hex(u.id) as id,
                u.order_id,
                u.id_tipo,
                u.nombre,
                u.cedula,
                u.telefono, 
                u.email, 
                u.logname,
                u.pass,
								u.permisos,
								u.empresas,
								u.event
        FROM sistema_usuarios as u
				ORDER BY order_id;
ELSE 

    	SELECT 
        hex(u.id) as id,
                u.order_id,
                u.id_tipo,
                u.nombre,
                u.cedula,
                u.telefono, 
                u.email, 
                u.logname,
                u.pass,
								u.permisos,
								u.empresas,
								u.event
        FROM sistema_usuarios as u
				WHERE u.id_tipo <> _id
				ORDER BY order_id;
  END IF;
END
;;
DELIMITER ;

-- ----------------------------
-- Procedure structure for sistema_usuarios_UPD
-- ----------------------------
DROP PROCEDURE IF EXISTS `sistema_usuarios_UPD`;
DELIMITER ;;
CREATE DEFINER=`root`@`localhost` PROCEDURE `sistema_usuarios_UPD`(IN `_id` VARCHAR(36), IN `_id_tipo` TINYINT(1), IN `_nombre` VARCHAR(255), IN `_cedula` VARCHAR(20), IN `_telefono` VARCHAR(24), IN `_email` VARCHAR(100), IN `_logname` VARCHAR(50), IN `_pass` VARCHAR(255), IN `_permisos` TEXT, IN `_empresas` TEXT)
BEGIN
  SET @my_uuid=_id;

	UPDATE sistema_usuarios as u
	SET u.id_tipo=_id_tipo, u.nombre=_nombre, u.cedula=_cedula, u.telefono=_telefono, u.email=_email, u.logname=_logname, u.pass=_pass, u.permisos=_permisos, u.empresas=_empresas
	WHERE u.id=UNHEX(_id);

	SELECT @my_uuid as id;   
END
;;
DELIMITER ;

-- ----------------------------
-- Procedure structure for ventas_clientes_INS
-- ----------------------------
DROP PROCEDURE IF EXISTS `ventas_clientes_INS`;
DELIMITER ;;
CREATE DEFINER=`root`@`localhost` PROCEDURE `ventas_clientes_INS`(IN `_id` VARCHAR(36), IN `_id_empresa` VARCHAR(36), IN `_nombre` VARCHAR(200), IN `_rif` VARCHAR(20), IN `_direccion` VARCHAR(200), IN `_telefono` VARCHAR(45), IN `_email` VARCHAR(100), IN `_representante` VARCHAR(200), IN `_limite_credito` DOUBLE(10,2), IN `_dias_credito` DOUBLE(10,2), IN `_observacion` VARCHAR(200))
BEGIN
    SET @new_uuid=uuid();
    SET @my_uuid= CONCAT(SUBSTR(@new_uuid, 15, 4),SUBSTR(@new_uuid, 10, 4),SUBSTR(@new_uuid, 1,8),SUBSTR(@new_uuid, 20, 4),SUBSTR(@new_uuid, 25));
    SET @order_id=UNIX_TIMESTAMP();
		
		INSERT INTO ventas_clientes(id, order_id, id_empresa, nombre, rif, direccion, telefono, email, representante, limite_credito, dias_credito, observacion) 
		VALUES (UNHEX(@my_uuid), @order_id, UNHEX(_id_empresa), _nombre, _rif, _direccion, _telefono, _email, _representante, _limite_credito, _dias_credito, _observacion);

		SELECT @my_uuid as id;   
END
;;
DELIMITER ;

-- ----------------------------
-- Procedure structure for ventas_clientes_ONE
-- ----------------------------
DROP PROCEDURE IF EXISTS `ventas_clientes_ONE`;
DELIMITER ;;
CREATE DEFINER=`root`@`localhost` PROCEDURE `ventas_clientes_ONE`(IN `_id` VARCHAR(36))
    NO SQL
BEGIN
SELECT HEX(c.id) as id, c.order_id, HEX(c.id_empresa) as id_empresa, c.nombre, c.rif, c.direccion, c.telefono, c.email, c.representante, c.limite_credito, c.dias_credito, c.observacion
FROM ventas_clientes as c
WHERE c.id = UNHEX(_id) LIMIT 1;
END
;;
DELIMITER ;

-- ----------------------------
-- Procedure structure for ventas_clientes_SEL
-- ----------------------------
DROP PROCEDURE IF EXISTS `ventas_clientes_SEL`;
DELIMITER ;;
CREATE DEFINER=`root`@`localhost` PROCEDURE `ventas_clientes_SEL`(IN `_id_empresa` VARCHAR(36))
    NO SQL
BEGIN
        SELECT hex(c.id) as id,
                    c.order_id,
										hex(c.id_empresa) as id_empresa,
										c.nombre,
										c.rif,
										c.direccion,
										c.telefono,
										c.email,
										c.representante,
										c.limite_credito,
										c.dias_credito,
										c.observacion
        FROM ventas_clientes as c
				WHERE c.id_empresa=UNHEX(_id_empresa);
END
;;
DELIMITER ;

-- ----------------------------
-- Procedure structure for ventas_clientes_UPD
-- ----------------------------
DROP PROCEDURE IF EXISTS `ventas_clientes_UPD`;
DELIMITER ;;
CREATE DEFINER=`root`@`localhost` PROCEDURE `ventas_clientes_UPD`(IN `_id` VARCHAR(36), IN `_id_empresa` VARCHAR(36), IN `_nombre` VARCHAR(200), IN `_rif` VARCHAR(20), IN `_direccion` VARCHAR(200), IN `_telefono` VARCHAR(45), IN `_email` VARCHAR(100), IN `_representante` VARCHAR(200), IN `_limite_credito` DOUBLE(10,2), IN `_dias_credito` DOUBLE(10,2), IN `_observacion` VARCHAR(200))
    NO SQL
BEGIN
SET @my_uuid=_id;

UPDATE ventas_clientes as c
SET c.id_empresa=UNHEX(_id_empresa), c.nombre=_nombre, c.rif=_rif, c.direccion=_direccion, c.telefono=_telefono, c.email=_email, c.representante=_representante, c.limite_credito=_limite_credito, c.dias_credito=_dias_credito, c.observacion=_observacion
WHERE c.id=UNHEX(_id);

SELECT @my_uuid as id;   
END
;;
DELIMITER ;

-- ----------------------------
-- Procedure structure for ventas_operaciones_INS
-- ----------------------------
DROP PROCEDURE IF EXISTS `ventas_operaciones_INS`;
DELIMITER ;;
CREATE DEFINER=`root`@`localhost` PROCEDURE `ventas_operaciones_INS`(IN `_id` VARCHAR(36),  IN `_id_empresa` VARCHAR(36), IN `_id_tipo` VARCHAR(36), IN `_numero` INT(10), IN `_nro_control` VARCHAR(100), IN `_fecha` DATETIME, IN `_fecha_registro` DATETIME, IN `_id_doc_origen` VARCHAR(36), IN `_id_cliente` VARCHAR(36), IN `_monto_bruto` DOUBLE(10,2), IN `_pct_descuento` DOUBLE(10,2), IN `_pct_adicional` DOUBLE(10,2), IN `_monto_neto` DOUBLE(10,2), IN `_monto_iva` DOUBLE(10,2), IN `_monto_total` DOUBLE(10,2), IN `_id_status` VARCHAR(36), IN `_id_estado` VARCHAR(36),IN `_id_usuario` VARCHAR(36), IN `_observacion` VARCHAR(255),IN `_id_vendedor` VARCHAR(36),IN `_id_vehiculo` VARCHAR(36),IN `_id_chofer` VARCHAR(36))
BEGIN
    SET @new_uuid=uuid();
    SET @my_uuid= CONCAT(SUBSTR(@new_uuid, 15, 4),SUBSTR(@new_uuid, 10, 4),SUBSTR(@new_uuid, 1,8),SUBSTR(@new_uuid, 20, 4),SUBSTR(@new_uuid, 25));
    SET @order_id=UNIX_TIMESTAMP();

		INSERT INTO ventas_operaciones(id, order_id, id_empresa, id_tipo, numero, nro_control, fecha, fecha_registro, id_doc_origen, id_cliente, monto_bruto, pct_descuento, pct_adicional, monto_neto, monto_iva, monto_total, id_status, id_estado, id_usuario, observacion, id_vendedor, id_vehiculo, id_chofer) 
		VALUES (UNHEX(@my_uuid), @order_id, UNHEX(_id_empresa), UNHEX(_id_tipo), _numero, _nro_control, _fecha, _fecha_registro, UNHEX(_id_doc_origen), UNHEX(_id_cliente),_monto_bruto, _pct_descuento, _pct_adicional, _monto_neto, _monto_iva, _monto_total, _id_status, _id_estado, UNHEX(_id_usuario), _observacion, UNHEX(_id_vendedor), UNHEX(_id_vehiculo), UNHEX(_id_chofer));

		SELECT @my_uuid as id;   
END
;;
DELIMITER ;

-- ----------------------------
-- Procedure structure for ventas_operaciones_LAST
-- ----------------------------
DROP PROCEDURE IF EXISTS `ventas_operaciones_LAST`;
DELIMITER ;;
CREATE DEFINER=`root`@`localhost` PROCEDURE `ventas_operaciones_LAST`(IN `_id_empresa` VARCHAR(36), IN `_id_tipo` VARCHAR(36))
    NO SQL
BEGIN
        SELECT 	MAX(o.numero) as lastnumero
								FROM ventas_operaciones as o
				WHERE o.id_empresa=UNHEX(_id_empresa) AND o.id_tipo=UNHEX(_id_tipo);
END
;;
DELIMITER ;

-- ----------------------------
-- Procedure structure for ventas_operaciones_ONE
-- ----------------------------
DROP PROCEDURE IF EXISTS `ventas_operaciones_ONE`;
DELIMITER ;;
CREATE DEFINER=`root`@`localhost` PROCEDURE `ventas_operaciones_ONE`(IN `_id` VARCHAR(36))
    NO SQL
BEGIN
SELECT HEX(o.id) as id, 
	o.order_id, 
	HEX(o.id_empresa) as id_empresa,
	o.numero, 
	o.nro_control, 
	o.fecha, 
	o.fecha_registro, 
	HEX(o.id_tipo) as id_tipo,
	so.nombre as tipo_operacion_nombre,
	HEX(o.id_doc_origen) as id_doc_origen, 
	HEX(o.id_cliente) as id_cliente, 
	c.nombre as cliente_nombre,
	c.rif as cliente_rif,
	o.monto_bruto,
	o.pct_descuento,
	o.pct_adicional,
	o.monto_neto,
	o.monto_iva,
	o.monto_total,
	o.id_status,
	o.id_estado,
	HEX(o.id_usuario) as id_usuario, 
	u.nombre as usuario_nombre,
	o.observacion,
	HEX(o.id_vendedor) as id_vendedor, 
	HEX(o.id_vehiculo) as id_vehiculo, 
	HEX(o.id_chofer) as id_chofer
FROM ventas_operaciones as o
INNER JOIN sistema_operaciones as so ON o.id_tipo=so.id
LEFT JOIN ventas_clientes as c ON o.id_cliente=c.id
LEFT JOIN sistema_usuarios as u ON o.id_usuario=u.id
WHERE o.id = UNHEX(_id) LIMIT 1;

END
;;
DELIMITER ;

-- ----------------------------
-- Procedure structure for ventas_operaciones_SEL
-- ----------------------------
DROP PROCEDURE IF EXISTS `ventas_operaciones_SEL`;
DELIMITER ;;
CREATE DEFINER=`root`@`localhost` PROCEDURE `ventas_operaciones_SEL`(IN `_id_empresa` VARCHAR(36), IN `_id_tipo` VARCHAR(36))
    NO SQL
BEGIN
        SELECT hex(o.id) as id,
                    o.order_id,
										hex(o.id_empresa) as id_empresa,
										hex(o.id_tipo) as id_tipo,
										so.nombre as tipo_operacion_nombre,
										o.numero,
										o.nro_control,
										DATE_FORMAT(o.fecha,'%Y-%m-%dT%TZ') as fecha,
										o.fecha_registro,
										hex(o.id_doc_origen) as id_doc_origen,
										hex(o.id_cliente) as id_cliente,
										c.nombre as cliente_nombre,
										c.rif as cliente_rif,
										o.monto_bruto,
										o.pct_descuento,
										o.pct_adicional,
										o.monto_neto,
										o.monto_iva,
										o.monto_total,
										o.id_status,
										o.id_estado,
										hex(o.id_usuario) as id_usuario,
										u.nombre as usuario_nombre,
										o.observacion,
										HEX(o.id_vendedor) as id_vendedor, 
										HEX(o.id_vehiculo) as id_vehiculo, 
										HEX(o.id_chofer) as id_chofer
        FROM ventas_operaciones as o
				INNER JOIN sistema_operaciones as so ON o.id_tipo=so.id
				LEFT JOIN ventas_clientes as c ON o.id_cliente=c.id
				LEFT JOIN sistema_usuarios as u ON o.id_usuario=u.id
				WHERE o.id_empresa=UNHEX(_id_empresa) AND o.id_tipo=UNHEX(_id_tipo)
				ORDER BY o.order_id DESC;
END
;;
DELIMITER ;

-- ----------------------------
-- Procedure structure for ventas_operaciones_UPD
-- ----------------------------
DROP PROCEDURE IF EXISTS `ventas_operaciones_UPD`;
DELIMITER ;;
CREATE DEFINER=`root`@`localhost` PROCEDURE `ventas_operaciones_UPD`(IN `_id` VARCHAR(36),  IN `_id_empresa` VARCHAR(36), IN `_id_tipo` VARCHAR(36), IN `_numero` INT(10), IN `_nro_control` VARCHAR(100), IN `_fecha` DATETIME, IN `_fecha_registro` DATETIME, IN `_id_doc_origen` VARCHAR(36), IN `_id_cliente` VARCHAR(36), IN `_monto_bruto` DOUBLE(10,2), IN `_pct_descuento` DOUBLE(10,2), IN `_pct_adicional` DOUBLE(10,2), IN `_monto_neto` DOUBLE(10,2), IN `_monto_iva` DOUBLE(10,2), IN `_monto_total` DOUBLE(10,2), IN `_id_status` VARCHAR(36), IN `_id_estado` VARCHAR(36),IN `_id_usuario` VARCHAR(36), IN `_observacion` VARCHAR(255),IN `_id_vendedor` VARCHAR(36),IN `_id_vehiculo` VARCHAR(36),IN `_id_chofer` VARCHAR(36))
    NO SQL
BEGIN
SET @my_uuid=_id;

UPDATE ventas_operaciones as o
SET 
o.id_empresa= UNHEX(_id_empresa),
o.id_tipo= UNHEX(_id_tipo), 
o.numero= _numero, 
o.nro_control= _nro_control, 
o.fecha= _fecha, 
o.fecha_registro= _fecha_registro,
o.id_doc_origen= UNHEX(_id_doc_origen),
o.id_cliente= UNHEX(_id_cliente),
o.monto_bruto=_monto_bruto,
o.pct_descuento=_pct_descuento,
o.pct_adicional=_pct_adicional,
o.monto_neto=_monto_neto,
o.monto_iva=_monto_iva,
o.monto_total=_monto_total, 
o.id_usuario= UNHEX(_id_usuario), 
o.id_status= _id_status, 
o.observacion= _observacion,
o.id_vendedor= UNHEX(_id_vendedor),
o.id_vehiculo= UNHEX(_id_vehiculo),
o.id_chofer= UNHEX(_id_chofer)
WHERE o.id=UNHEX(_id);

SELECT @my_uuid as id;   
END
;;
DELIMITER ;

-- ----------------------------
-- Function structure for ordered_uuid
-- ----------------------------
DROP FUNCTION IF EXISTS `ordered_uuid`;
DELIMITER ;;
CREATE DEFINER=`root`@`localhost` FUNCTION `ordered_uuid`(uuid BINARY(36)) RETURNS binary(16)
    DETERMINISTIC
RETURN UNHEX(CONCAT(SUBSTR(uuid, 15, 4),SUBSTR(uuid, 10, 4),SUBSTR(uuid, 1, 8),SUBSTR(uuid, 20, 4),SUBSTR(uuid, 25)))
;;
DELIMITER ;
